id,full_name,email,password,contact_number,role,hire_date,EOC,status
1,Jarell Reyes,employee1@company.com,admin_placeholder1,09451985614,owner,2026-04-17,2028-01-05,on_leave
2,Jonas Dayawon,employee2@company.com,admin_placeholder2,09523746375,finance_adviser,2025-08-19,2028-06-12,active
3,Jarell Lopez,employee3@company.com,admin_placeholder3,09874161722,owner,2025-08-09,2027-12-20,on_leave
4,Lance Reyes,employee4@company.com,admin_placeholder4,09771976188,owner,2026-07-07,2028-05-14,terminated
5,Lei Sebido,employee5@company.com,admin_placeholder5,09915979707,owner,2026-05-25,2029-05-02,on_leave
6,Leo Reyes,employee6@company.com,admin_placeholder6,09206960490,finance_adviser,2026-04-28,2029-02-04,terminated
7,Mhaine Sebido,employee7@company.com,admin_placeholder7,09234225973,cleaner,2026-06-14,2028-06-11,on_leave
8,Jonas Sebido,employee8@company.com,admin_placeholder8,09938621226,cleaner,2025-07-04,2028-10-18,terminated
9,Joshua Jamot,employee9@company.com,admin_placeholder9,09912850750,cleaner,2025-11-25,2029-06-06,terminated
10,Mhaine Sebido,employee10@company.com,admin_placeholder10,09976483902,finance_adviser,2025-07-08,2028-06-10,on_leave
11,Roman Lopez,employee11@company.com,admin_placeholder11,09696944631,mechanic,2025-09-11,2029-07-29,on_leave
12,Roman Jamot,employee12@company.com,admin_placeholder12,09146035265,finance_adviser,2025-09-29,2027-10-28,terminated
13,Lei Reyes,employee13@company.com,admin_placeholder13,09206436527,cleaner,2026-07-26,2028-06-12,terminated
14,Lei Jamot,employee14@company.com,admin_placeholder14,09582648805,cleaner,2025-07-28,2029-02-14,terminated
15,Jarell Camorongan,employee15@company.com,admin_placeholder15,09473913659,cleaner,2025-10-31,2029-06-10,on_leave
16,Lance Sebido,employee16@company.com,admin_placeholder16,09131667206,mechanic,2026-02-23,2027-08-12,on_leave
17,Roman Dayawon,employee17@company.com,admin_placeholder17,09688188630,owner,2025-06-06,2029-05-31,terminated
18,Jonas Sebido,employee18@company.com,admin_placeholder18,09154012753,mechanic,2025-06-16,2028-05-24,on_leave
19,Jarell Camorongan,employee19@company.com,admin_placeholder19,09933738468,owner,2026-04-25,2027-11-27,on_leave
20,Lei Fababier,employee20@company.com,admin_placeholder20,09239574079,mechanic,2026-05-16,2027-08-25,active
21,Mhaine Lopez,employee21@company.com,admin_placeholder21,09464830707,owner,2025-08-01,2028-12-07,active
22,Mhaine Aceitunas,employee22@company.com,admin_placeholder22,09258404815,finance_adviser,2026-02-27,2029-06-07,terminated
23,Lei Reyes,employee23@company.com,admin_placeholder23,09118728604,cleaner,2025-07-16,2028-08-29,on_leave
24,Leo Fababier,employee24@company.com,admin_placeholder24,09148403391,finance_adviser,2025-03-26,2027-12-11,active
25,Jonas Reyes,employee25@company.com,admin_placeholder25,09404491973,cleaner,2025-04-28,2029-07-06,on_leave
26,Roman Jamot,employee26@company.com,admin_placeholder26,09677707688,cleaner,2025-03-24,2029-05-14,terminated
27,Jarell Sebido,employee27@company.com,admin_placeholder27,09902517062,cleaner,2025-12-29,2029-07-27,active
28,Lance Camorongan,employee28@company.com,admin_placeholder28,09996615221,mechanic,2025-07-30,2028-07-21,on_leave
29,Mhaine Lopez,employee29@company.com,admin_placeholder29,09448002856,finance_adviser,2025-08-29,2029-01-03,terminated
30,Jonas Fababier,employee30@company.com,admin_placeholder30,09596788796,mechanic,2026-07-15,2028-04-28,active
31,Leo Dayawon,employee31@company.com,admin_placeholder31,09674405014,finance_adviser,2025-09-09,2028-11-05,active
32,Jonas Camorongan,employee32@company.com,admin_placeholder32,09702113325,mechanic,2026-02-19,2029-05-01,active
33,Joshua Jamot,employee33@company.com,admin_placeholder33,09281107951,owner,2025-04-22,2029-06-28,on_leave
34,Mhaine Lopez,employee34@company.com,admin_placeholder34,09704055549,owner,2026-04-11,2027-09-18,terminated
35,Jarell Aceitunas,employee35@company.com,admin_placeholder35,09955710394,owner,2026-06-14,2029-04-19,active
36,Roman Fababier,employee36@company.com,admin_placeholder36,09395418291,mechanic,2026-05-02,2029-04-10,on_leave
37,Joshua Fababier,employee37@company.com,admin_placeholder37,09679972171,cleaner,2025-10-09,2028-02-09,on_leave
38,Jarell Sebido,employee38@company.com,admin_placeholder38,09563518045,mechanic,2025-06-06,2029-05-03,on_leave
39,Jarell Sebido,employee39@company.com,admin_placeholder39,09855277862,cleaner,2025-12-25,2029-02-05,terminated
40,Leo Sebido,employee40@company.com,admin_placeholder40,09847062391,cleaner,2025-03-25,2028-02-12,active
41,Jonas Jamot,employee41@company.com,admin_placeholder41,09205799889,owner,2026-02-05,2027-09-23,terminated
42,Mhaine Fababier,employee42@company.com,admin_placeholder42,09546571023,mechanic,2026-01-16,2028-04-15,on_leave
43,Jonas Dayawon,employee43@company.com,admin_placeholder43,09981257270,finance_adviser,2026-06-18,2028-09-20,on_leave
44,Jonas Camorongan,employee44@company.com,admin_placeholder44,09659609445,cleaner,2026-04-26,2027-10-04,on_leave
45,Roman Reyes,employee45@company.com,admin_placeholder45,09813813114,mechanic,2026-03-22,2028-11-30,on_leave
46,Joshua Lopez,employee46@company.com,admin_placeholder46,09948747219,mechanic,2025-04-28,2029-06-09,active
47,Jonas Reyes,employee47@company.com,admin_placeholder47,09967784698,owner,2026-04-02,2028-01-27,active
48,Lance Aceitunas,employee48@company.com,admin_placeholder48,09832494936,finance_adviser,2026-07-04,2029-05-12,terminated
49,Joshua Reyes,employee49@company.com,admin_placeholder49,09958788169,cleaner,2026-07-26,2028-01-07,on_leave
50,Leo Dayawon,employee50@company.com,admin_placeholder50,09478513892,cleaner,2025-11-07,2029-06-19,terminated
51,Lance Lopez,employee51@company.com,admin_placeholder51,09227571471,mechanic,2025-09-02,2028-10-06,active
52,Leo Sebido,employee52@company.com,admin_placeholder52,09445974175,finance_adviser,2026-01-10,2028-09-25,terminated
53,Jonas Jamot,employee53@company.com,admin_placeholder53,09254893773,mechanic,2025-04-14,2028-05-10,on_leave
54,Jonas Dayawon,employee54@company.com,admin_placeholder54,09811011610,cleaner,2026-06-17,2029-05-04,active
55,Jarell Jamot,employee55@company.com,admin_placeholder55,09669133940,finance_adviser,2025-04-06,2029-06-15,terminated
56,Mhaine Reyes,employee56@company.com,admin_placeholder56,09487564429,cleaner,2026-03-21,2029-05-16,on_leave
57,Joshua Jamot,employee57@company.com,admin_placeholder57,09896885145,cleaner,2026-05-31,2029-02-04,active
58,Jonas Lopez,employee58@company.com,admin_placeholder58,09956028336,cleaner,2026-05-29,2029-02-20,terminated
59,Lei Reyes,employee59@company.com,admin_placeholder59,09689113340,cleaner,2025-12-10,2027-10-07,terminated
60,Roman Dayawon,employee60@company.com,admin_placeholder60,09396509092,cleaner,2026-03-11,2027-11-24,on_leave
61,Roman Jamot,employee61@company.com,admin_placeholder61,09501014955,cleaner,2025-10-16,2028-10-23,on_leave
62,Roman Jamot,employee62@company.com,admin_placeholder62,09705296727,cleaner,2025-05-05,2027-10-02,active
63,Lance Reyes,employee63@company.com,admin_placeholder63,09417718384,cleaner,2026-05-28,2029-05-12,terminated
64,Leo Reyes,employee64@company.com,admin_placeholder64,09248062589,cleaner,2026-05-19,2029-06-09,terminated
65,Jarell Jamot,employee65@company.com,admin_placeholder65,09811088402,cleaner,2026-04-06,2028-12-14,active
66,Roman Jamot,employee66@company.com,admin_placeholder66,09581492066,cleaner,2026-02-11,2027-12-11,terminated
67,Lance Jamot,employee67@company.com,admin_placeholder67,09485151658,owner,2025-04-14,2028-05-28,active
68,Roman Sebido,employee68@company.com,admin_placeholder68,09589874420,owner,2025-11-07,2029-03-13,terminated
69,Joshua Reyes,employee69@company.com,admin_placeholder69,09726634171,owner,2025-11-21,2028-10-04,on_leave
70,Lei Fababier,employee70@company.com,admin_placeholder70,09773055365,mechanic,2026-08-04,2027-09-16,terminated
71,Roman Sebido,employee71@company.com,admin_placeholder71,09488235627,mechanic,2025-07-29,2029-01-11,terminated
72,Mhaine Dayawon,employee72@company.com,admin_placeholder72,09138232667,mechanic,2025-05-28,2027-09-02,terminated
73,Jarell Jamot,employee73@company.com,admin_placeholder73,09268142176,mechanic,2026-05-19,2028-12-27,terminated
74,Lance Reyes,employee74@company.com,admin_placeholder74,09809642473,cleaner,2025-08-14,2029-05-11,on_leave
75,Jarell Fababier,employee75@company.com,admin_placeholder75,09788729074,finance_adviser,2025-06-20,2027-12-11,terminated
76,Lei Aceitunas,employee76@company.com,admin_placeholder76,09761684450,finance_adviser,2026-04-20,2028-03-10,active
77,Lance Sebido,employee77@company.com,admin_placeholder77,09299723880,cleaner,2025-04-06,2028-06-09,terminated
78,Jonas Aceitunas,employee78@company.com,admin_placeholder78,09735000975,owner,2025-07-12,2028-01-02,on_leave
79,Mhaine Dayawon,employee79@company.com,admin_placeholder79,09549828312,finance_adviser,2026-01-21,2029-04-19,on_leave
80,Mhaine Dayawon,employee80@company.com,admin_placeholder80,09276025964,cleaner,2026-04-22,2027-12-16,on_leave
81,Joshua Sebido,employee81@company.com,admin_placeholder81,09878754588,finance_adviser,2025-08-07,2027-11-03,terminated
82,Jarell Dayawon,employee82@company.com,admin_placeholder82,09158843235,finance_adviser,2025-08-03,2028-04-22,terminated
83,Lance Aceitunas,employee83@company.com,admin_placeholder83,09503404176,finance_adviser,2025-04-19,2028-09-26,terminated
84,Mhaine Reyes,employee84@company.com,admin_placeholder84,09404843939,mechanic,2026-06-11,2028-04-21,on_leave
85,Lance Camorongan,employee85@company.com,admin_placeholder85,09605473645,mechanic,2025-09-22,2028-08-25,on_leave
86,Roman Aceitunas,employee86@company.com,admin_placeholder86,09986730083,owner,2025-11-29,2028-04-23,on_leave
87,Roman Lopez,employee87@company.com,admin_placeholder87,09751596201,mechanic,2025-07-08,2028-08-19,on_leave
88,Roman Aceitunas,employee88@company.com,admin_placeholder88,09762051647,finance_adviser,2025-03-25,2027-11-30,terminated
89,Jarell Sebido,employee89@company.com,admin_placeholder89,09181725174,cleaner,2025-11-25,2028-01-28,on_leave
90,Mhaine Dayawon,employee90@company.com,admin_placeholder90,09782360777,cleaner,2025-12-06,2029-01-06,active
91,Lei Lopez,employee91@company.com,admin_placeholder91,09973626748,finance_adviser,2025-12-09,2027-10-23,on_leave
92,Mhaine Aceitunas,employee92@company.com,admin_placeholder92,09543672260,cleaner,2025-08-10,2029-01-07,terminated
93,Leo Fababier,employee93@company.com,admin_placeholder93,09143968525,mechanic,2026-03-04,2028-07-09,active
94,Roman Fababier,employee94@company.com,admin_placeholder94,09248739181,finance_adviser,2025-10-23,2028-02-04,terminated
95,Roman Fababier,employee95@company.com,admin_placeholder95,09124283321,cleaner,2026-07-01,2028-05-27,terminated
96,Joshua Jamot,employee96@company.com,admin_placeholder96,09662219877,mechanic,2025-12-02,2028-10-13,on_leave
97,Joshua Reyes,employee97@company.com,admin_placeholder97,09205223801,owner,2026-06-05,2028-06-20,on_leave
98,Lance Sebido,employee98@company.com,admin_placeholder98,09531887871,cleaner,2026-07-22,2028-07-05,on_leave
99,Mhaine Camorongan,employee99@company.com,admin_placeholder99,09678399917,finance_adviser,2025-09-07,2028-02-27,active
100,Jonas Fababier,employee100@company.com,admin_placeholder100,09285545241,mechanic,2026-03-24,2028-08-14,on_leave
101,Lei Dayawon,employee101@company.com,admin_placeholder101,09464075486,mechanic,2025-07-06,2029-05-06,terminated
102,Roman Reyes,employee102@company.com,admin_placeholder102,09717756556,finance_adviser,2026-07-29,2029-01-05,terminated
103,Lance Aceitunas,employee103@company.com,admin_placeholder103,09832517208,finance_adviser,2025-11-16,2029-03-13,on_leave
104,Mhaine Dayawon,employee104@company.com,admin_placeholder104,09299768206,finance_adviser,2025-09-16,2028-07-01,active
105,Lance Fababier,employee105@company.com,admin_placeholder105,09281074040,owner,2025-09-03,2028-07-27,on_leave
106,Lance Fababier,employee106@company.com,admin_placeholder106,09324993951,owner,2026-02-19,2027-08-29,on_leave
107,Joshua Fababier,employee107@company.com,admin_placeholder107,09262548945,finance_adviser,2026-07-19,2028-07-21,active
108,Roman Camorongan,employee108@company.com,admin_placeholder108,09331511809,finance_adviser,2026-01-04,2028-10-12,active
109,Jarell Reyes,employee109@company.com,admin_placeholder109,09465906737,cleaner,2025-07-31,2028-12-29,active
110,Joshua Camorongan,employee110@company.com,admin_placeholder110,09916755555,owner,2025-08-01,2028-03-30,active
111,Joshua Reyes,employee111@company.com,admin_placeholder111,09524377267,cleaner,2025-11-02,2028-01-28,on_leave
112,Jarell Dayawon,employee112@company.com,admin_placeholder112,09332388591,mechanic,2026-05-03,2029-03-28,on_leave
113,Leo Jamot,employee113@company.com,admin_placeholder113,09992677697,cleaner,2026-06-13,2028-12-05,terminated
114,Jonas Fababier,employee114@company.com,admin_placeholder114,09912488610,mechanic,2025-03-23,2029-01-22,active
115,Jonas Aceitunas,employee115@company.com,admin_placeholder115,09412205284,owner,2026-04-11,2028-01-27,terminated
116,Lance Reyes,employee116@company.com,admin_placeholder116,09678413944,mechanic,2025-11-04,2028-11-05,terminated
117,Lance Camorongan,employee117@company.com,admin_placeholder117,09487665469,finance_adviser,2025-10-27,2028-11-08,active
118,Lei Sebido,employee118@company.com,admin_placeholder118,09662654308,cleaner,2026-03-29,2029-04-25,on_leave
119,Joshua Lopez,employee119@company.com,admin_placeholder119,09155934955,finance_adviser,2026-04-14,2028-09-07,terminated
120,Mhaine Sebido,employee120@company.com,admin_placeholder120,09609943521,mechanic,2025-04-10,2029-01-09,terminated
121,Lance Sebido,employee121@company.com,admin_placeholder121,09706056738,owner,2025-12-12,2028-06-06,active
122,Joshua Reyes,employee122@company.com,admin_placeholder122,09741874415,mechanic,2026-01-12,2028-08-24,terminated
123,Jonas Lopez,employee123@company.com,admin_placeholder123,09562259263,finance_adviser,2026-07-14,2028-08-22,active
124,Leo Camorongan,employee124@company.com,admin_placeholder124,09256580634,mechanic,2026-01-04,2027-09-11,terminated
125,Lance Sebido,employee125@company.com,admin_placeholder125,09313653686,finance_adviser,2026-03-05,2028-01-05,terminated
126,Leo Aceitunas,employee126@company.com,admin_placeholder126,09821208667,owner,2025-12-30,2029-02-21,active
127,Lance Aceitunas,employee127@company.com,admin_placeholder127,09719442138,owner,2025-07-29,2029-07-08,on_leave
128,Lei Camorongan,employee128@company.com,admin_placeholder128,09254266665,mechanic,2026-01-26,2028-10-24,terminated
129,Mhaine Dayawon,employee129@company.com,admin_placeholder129,09336132135,owner,2026-04-06,2029-04-24,on_leave
130,Lance Dayawon,employee130@company.com,admin_placeholder130,09404292070,mechanic,2025-11-20,2027-10-06,terminated
131,Leo Reyes,employee131@company.com,admin_placeholder131,09564735041,mechanic,2026-07-06,2029-01-27,on_leave
132,Joshua Lopez,employee132@company.com,admin_placeholder132,09328394023,owner,2026-07-06,2028-09-11,on_leave
133,Jonas Reyes,employee133@company.com,admin_placeholder133,09509281873,owner,2025-10-21,2027-12-18,on_leave
134,Lance Sebido,employee134@company.com,admin_placeholder134,09404344713,owner,2025-05-19,2027-09-01,terminated
135,Mhaine Camorongan,employee135@company.com,admin_placeholder135,09321488547,finance_adviser,2025-05-21,2028-09-30,on_leave
136,Leo Dayawon,employee136@company.com,admin_placeholder136,09426069982,cleaner,2026-07-12,2029-04-24,on_leave
137,Joshua Camorongan,employee137@company.com,admin_placeholder137,09451525895,finance_adviser,2026-07-13,2027-09-04,active
138,Lei Sebido,employee138@company.com,admin_placeholder138,09894125376,cleaner,2025-09-08,2028-12-30,active
139,Jarell Camorongan,employee139@company.com,admin_placeholder139,09105587110,mechanic,2026-03-30,2027-08-21,on_leave
140,Lei Camorongan,employee140@company.com,admin_placeholder140,09741925238,mechanic,2026-03-29,2027-08-14,on_leave
141,Mhaine Reyes,employee141@company.com,admin_placeholder141,09249835189,owner,2025-10-02,2029-07-08,on_leave
142,Lance Aceitunas,employee142@company.com,admin_placeholder142,09282517391,mechanic,2026-06-22,2029-06-05,active
143,Leo Sebido,employee143@company.com,admin_placeholder143,09434751540,finance_adviser,2025-09-28,2029-02-28,on_leave
144,Lei Dayawon,employee144@company.com,admin_placeholder144,09726605734,finance_adviser,2025-08-07,2027-10-02,on_leave
145,Jonas Sebido,employee145@company.com,admin_placeholder145,09854323504,mechanic,2026-04-11,2028-02-20,on_leave
146,Leo Aceitunas,employee146@company.com,admin_placeholder146,09567782168,finance_adviser,2026-07-14,2028-08-15,active
147,Lance Sebido,employee147@company.com,admin_placeholder147,09349977160,cleaner,2026-01-18,2027-08-08,on_leave
148,Jarell Reyes,employee148@company.com,admin_placeholder148,09503285399,cleaner,2025-04-15,2028-05-26,terminated
149,Roman Dayawon,employee149@company.com,admin_placeholder149,09635929013,mechanic,2025-07-06,2027-11-12,on_leave
150,Jonas Camorongan,employee150@company.com,admin_placeholder150,09731499055,owner,2025-09-22,2028-10-23,on_leave
151,Lance Dayawon,employee151@company.com,admin_placeholder151,09551545388,cleaner,2025-06-17,2029-02-23,terminated
152,Leo Sebido,employee152@company.com,admin_placeholder152,09237378446,cleaner,2026-01-02,2028-04-01,on_leave
153,Roman Reyes,employee153@company.com,admin_placeholder153,09918361654,finance_adviser,2026-05-26,2028-03-25,active
154,Lance Camorongan,employee154@company.com,admin_placeholder154,09302195944,mechanic,2025-07-26,2028-04-12,on_leave
155,Lei Aceitunas,employee155@company.com,admin_placeholder155,09388684766,cleaner,2026-01-01,2028-11-14,terminated
156,Joshua Sebido,employee156@company.com,admin_placeholder156,09151141166,owner,2025-07-01,2028-07-21,active
157,Leo Dayawon,employee157@company.com,admin_placeholder157,09683768811,cleaner,2025-06-08,2027-10-17,on_leave
158,Mhaine Aceitunas,employee158@company.com,admin_placeholder158,09167424460,cleaner,2026-03-22,2028-12-07,on_leave
159,Lance Dayawon,employee159@company.com,admin_placeholder159,09436965274,finance_adviser,2026-06-04,2027-12-24,on_leave
160,Lance Sebido,employee160@company.com,admin_placeholder160,09904894357,owner,2025-10-13,2028-11-12,on_leave
161,Mhaine Sebido,employee161@company.com,admin_placeholder161,09162980161,cleaner,2025-04-02,2028-08-01,active
162,Jarell Reyes,employee162@company.com,admin_placeholder162,09375139645,cleaner,2026-07-25,2028-08-20,terminated
163,Lance Dayawon,employee163@company.com,admin_placeholder163,09371867153,finance_adviser,2025-05-28,2028-01-28,on_leave
164,Jonas Jamot,employee164@company.com,admin_placeholder164,09916070499,mechanic,2025-09-04,2027-11-14,terminated
165,Mhaine Reyes,employee165@company.com,admin_placeholder165,09941780852,owner,2025-04-04,2027-11-05,active
166,Lance Sebido,employee166@company.com,admin_placeholder166,09936774769,mechanic,2025-10-17,2028-04-01,active
167,Lance Fababier,employee167@company.com,admin_placeholder167,09241942332,mechanic,2026-04-08,2028-02-07,active
168,Leo Camorongan,employee168@company.com,admin_placeholder168,09826074053,finance_adviser,2025-10-07,2027-09-18,active
169,Leo Fababier,employee169@company.com,admin_placeholder169,09273805075,mechanic,2026-03-29,2028-02-14,on_leave
170,Jarell Camorongan,employee170@company.com,admin_placeholder170,09167288987,cleaner,2026-01-16,2029-06-23,on_leave
171,Lance Aceitunas,employee171@company.com,admin_placeholder171,09178259184,mechanic,2025-11-30,2028-12-18,terminated
172,Mhaine Dayawon,employee172@company.com,admin_placeholder172,09693866688,finance_adviser,2025-11-09,2029-03-23,active
173,Jonas Lopez,employee173@company.com,admin_placeholder173,09594538793,owner,2026-07-25,2028-12-18,active
174,Leo Fababier,employee174@company.com,admin_placeholder174,09897449921,finance_adviser,2026-04-08,2028-12-21,on_leave
175,Roman Camorongan,employee175@company.com,admin_placeholder175,09401094684,mechanic,2025-11-26,2028-02-15,terminated
176,Jarell Sebido,employee176@company.com,admin_placeholder176,09326649477,finance_adviser,2025-08-21,2029-06-05,on_leave
177,Leo Sebido,employee177@company.com,admin_placeholder177,09741557624,owner,2026-03-04,2027-12-29,terminated
178,Leo Fababier,employee178@company.com,admin_placeholder178,09965621928,cleaner,2026-05-29,2028-07-12,terminated
179,Roman Sebido,employee179@company.com,admin_placeholder179,09279063856,finance_adviser,2025-11-02,2028-12-27,terminated
180,Roman Jamot,employee180@company.com,admin_placeholder180,09644500617,finance_adviser,2025-06-14,2028-10-28,on_leave
181,Joshua Sebido,employee181@company.com,admin_placeholder181,09391991788,cleaner,2025-09-06,2029-05-18,active
182,Lei Sebido,employee182@company.com,admin_placeholder182,09352080484,owner,2025-04-09,2029-07-06,terminated
183,Jarell Sebido,employee183@company.com,admin_placeholder183,09306492263,owner,2025-08-01,2028-05-31,on_leave
184,Lance Camorongan,employee184@company.com,admin_placeholder184,09875759091,cleaner,2025-04-19,2027-11-05,on_leave
185,Lei Reyes,employee185@company.com,admin_placeholder185,09469960055,cleaner,2026-06-25,2027-12-06,terminated
186,Joshua Reyes,employee186@company.com,admin_placeholder186,09651938611,finance_adviser,2025-07-03,2029-04-09,active
187,Roman Lopez,employee187@company.com,admin_placeholder187,09112139958,owner,2025-10-04,2027-09-03,on_leave
188,Lei Aceitunas,employee188@company.com,admin_placeholder188,09543342202,finance_adviser,2026-04-18,2028-05-11,active
189,Jarell Camorongan,employee189@company.com,admin_placeholder189,09843278834,cleaner,2026-02-12,2028-07-07,active
190,Roman Jamot,employee190@company.com,admin_placeholder190,09584565487,mechanic,2026-05-29,2029-05-11,active
191,Lance Camorongan,employee191@company.com,admin_placeholder191,09909498850,finance_adviser,2025-12-15,2028-06-27,active
192,Leo Sebido,employee192@company.com,admin_placeholder192,09748466464,finance_adviser,2026-07-30,2028-05-15,terminated
193,Leo Jamot,employee193@company.com,admin_placeholder193,09822648393,owner,2025-09-17,2028-07-16,active
194,Roman Reyes,employee194@company.com,admin_placeholder194,09225037294,finance_adviser,2026-04-24,2028-05-27,terminated
195,Jonas Lopez,employee195@company.com,admin_placeholder195,09184276154,owner,2025-05-01,2028-10-28,active
196,Lance Lopez,employee196@company.com,admin_placeholder196,09436712277,mechanic,2025-04-23,2027-11-12,active
197,Mhaine Lopez,employee197@company.com,admin_placeholder197,09294533302,mechanic,2025-04-02,2029-04-08,terminated
198,Jonas Lopez,employee198@company.com,admin_placeholder198,09838476742,owner,2025-07-15,2028-11-03,on_leave
199,Jonas Fababier,employee199@company.com,admin_placeholder199,09151247907,owner,2025-05-08,2028-11-12,on_leave
200,Joshua Jamot,employee200@company.com,admin_placeholder200,09445127668,mechanic,2026-06-30,2028-07-17,on_leave
201,Lei Sebido,employee201@company.com,admin_placeholder201,09206848169,mechanic,2025-06-24,2028-03-06,on_leave
202,Jarell Camorongan,employee202@company.com,admin_placeholder202,09253365285,cleaner,2025-05-02,2028-08-07,terminated
203,Lei Lopez,employee203@company.com,admin_placeholder203,09271663518,mechanic,2026-07-13,2028-01-20,terminated
204,Jarell Dayawon,employee204@company.com,admin_placeholder204,09234063343,finance_adviser,2026-02-27,2028-10-01,terminated
205,Jarell Jamot,employee205@company.com,admin_placeholder205,09512926079,cleaner,2026-07-03,2027-11-25,on_leave
206,Leo Sebido,employee206@company.com,admin_placeholder206,09658824822,mechanic,2025-07-17,2029-06-01,terminated
207,Lance Camorongan,employee207@company.com,admin_placeholder207,09174862640,cleaner,2025-09-18,2029-03-02,terminated
208,Lance Jamot,employee208@company.com,admin_placeholder208,09924502930,mechanic,2025-09-26,2028-01-16,terminated
209,Jonas Fababier,employee209@company.com,admin_placeholder209,09571001434,cleaner,2025-07-09,2029-05-08,active
210,Jarell Camorongan,employee210@company.com,admin_placeholder210,09146151542,owner,2026-03-03,2028-08-02,active
211,Jarell Reyes,employee211@company.com,admin_placeholder211,09256362332,owner,2026-06-18,2029-01-04,on_leave
212,Leo Aceitunas,employee212@company.com,admin_placeholder212,09453121269,mechanic,2025-12-26,2027-10-05,active
213,Jarell Dayawon,employee213@company.com,admin_placeholder213,09558074862,cleaner,2025-10-22,2029-04-21,active
214,Lei Fababier,employee214@company.com,admin_placeholder214,09557409372,finance_adviser,2025-12-16,2029-03-31,active
215,Lance Lopez,employee215@company.com,admin_placeholder215,09957746200,cleaner,2026-05-10,2028-10-09,on_leave
216,Jonas Reyes,employee216@company.com,admin_placeholder216,09547043985,cleaner,2025-07-25,2028-01-21,active
217,Lance Dayawon,employee217@company.com,admin_placeholder217,09778956873,finance_adviser,2025-11-20,2029-07-14,on_leave
218,Roman Reyes,employee218@company.com,admin_placeholder218,09858163828,mechanic,2026-01-03,2029-05-08,active
219,Lei Aceitunas,employee219@company.com,admin_placeholder219,09356493805,cleaner,2026-06-24,2027-08-28,terminated
220,Roman Aceitunas,employee220@company.com,admin_placeholder220,09292667058,owner,2025-09-13,2028-05-16,terminated
221,Lei Dayawon,employee221@company.com,admin_placeholder221,09314411176,cleaner,2026-06-24,2028-09-02,terminated
222,Mhaine Lopez,employee222@company.com,admin_placeholder222,09324255620,owner,2025-05-23,2028-12-31,terminated
223,Mhaine Fababier,employee223@company.com,admin_placeholder223,09856938531,finance_adviser,2026-07-20,2028-03-15,terminated
224,Mhaine Jamot,employee224@company.com,admin_placeholder224,09865924970,finance_adviser,2025-09-22,2028-09-18,on_leave
225,Jonas Dayawon,employee225@company.com,admin_placeholder225,09624655147,owner,2026-02-21,2029-04-20,on_leave
226,Roman Lopez,employee226@company.com,admin_placeholder226,09559635941,finance_adviser,2026-01-11,2027-11-09,on_leave
227,Lance Jamot,employee227@company.com,admin_placeholder227,09554461210,mechanic,2025-08-17,2027-11-05,on_leave
228,Jonas Reyes,employee228@company.com,admin_placeholder228,09802355041,finance_adviser,2025-12-25,2028-04-01,active
229,Leo Fababier,employee229@company.com,admin_placeholder229,09642299615,owner,2025-06-02,2028-10-04,terminated
230,Lei Sebido,employee230@company.com,admin_placeholder230,09578013827,finance_adviser,2025-07-02,2028-05-15,terminated
231,Jonas Sebido,employee231@company.com,admin_placeholder231,09913982510,finance_adviser,2025-08-19,2028-11-21,on_leave
232,Roman Camorongan,employee232@company.com,admin_placeholder232,09915151691,mechanic,2026-02-11,2028-05-11,on_leave
233,Roman Sebido,employee233@company.com,admin_placeholder233,09987808030,mechanic,2025-07-13,2029-03-28,terminated
234,Jarell Sebido,employee234@company.com,admin_placeholder234,09705962355,owner,2025-07-23,2029-02-25,terminated
235,Lei Dayawon,employee235@company.com,admin_placeholder235,09494183856,mechanic,2026-05-18,2027-09-19,terminated
236,Leo Camorongan,employee236@company.com,admin_placeholder236,09297519865,mechanic,2026-03-03,2028-03-16,terminated
237,Joshua Fababier,employee237@company.com,admin_placeholder237,09617317579,owner,2025-10-03,2028-10-31,on_leave
238,Lei Dayawon,employee238@company.com,admin_placeholder238,09963954527,mechanic,2026-07-16,2029-01-16,on_leave
239,Jonas Reyes,employee239@company.com,admin_placeholder239,09185722470,mechanic,2025-05-12,2028-07-19,terminated
240,Leo Dayawon,employee240@company.com,admin_placeholder240,09303503335,cleaner,2026-01-30,2027-11-28,on_leave
241,Joshua Reyes,employee241@company.com,admin_placeholder241,09866899291,cleaner,2026-05-06,2028-06-17,terminated
242,Mhaine Reyes,employee242@company.com,admin_placeholder242,09571540361,owner,2026-06-10,2028-11-09,active
243,Jonas Jamot,employee243@company.com,admin_placeholder243,09434210062,owner,2025-08-11,2028-01-04,active
244,Mhaine Dayawon,employee244@company.com,admin_placeholder244,09593727827,finance_adviser,2025-11-26,2027-08-14,terminated
245,Mhaine Lopez,employee245@company.com,admin_placeholder245,09461477651,finance_adviser,2025-03-25,2029-01-02,active
246,Lei Camorongan,employee246@company.com,admin_placeholder246,09384717507,owner,2025-05-13,2027-11-07,terminated
247,Mhaine Jamot,employee247@company.com,admin_placeholder247,09301859244,cleaner,2026-04-14,2029-03-10,terminated
248,Roman Aceitunas,employee248@company.com,admin_placeholder248,09374545271,mechanic,2026-04-28,2029-03-19,on_leave
249,Lance Reyes,employee249@company.com,admin_placeholder249,09123042820,cleaner,2026-05-08,2028-04-29,active
250,Lei Camorongan,employee250@company.com,admin_placeholder250,09463435284,owner,2025-07-22,2028-11-26,active
251,Jarell Dayawon,employee251@company.com,admin_placeholder251,09703244216,finance_adviser,2026-04-12,2027-11-30,terminated
252,Lance Sebido,employee252@company.com,admin_placeholder252,09452754617,cleaner,2025-09-04,2027-12-14,active
253,Jarell Jamot,employee253@company.com,admin_placeholder253,09528022199,mechanic,2025-05-13,2029-05-11,on_leave
254,Lei Jamot,employee254@company.com,admin_placeholder254,09742519805,cleaner,2026-07-27,2028-09-09,terminated
255,Leo Jamot,employee255@company.com,admin_placeholder255,09213017975,cleaner,2025-08-20,2029-06-11,terminated
256,Roman Jamot,employee256@company.com,admin_placeholder256,09884261231,finance_adviser,2025-06-15,2029-07-10,terminated
257,Jonas Dayawon,employee257@company.com,admin_placeholder257,09845018646,owner,2026-05-22,2028-08-15,terminated
258,Lei Lopez,employee258@company.com,admin_placeholder258,09439089800,finance_adviser,2025-04-16,2028-08-10,on_leave
259,Lei Camorongan,employee259@company.com,admin_placeholder259,09113045527,mechanic,2025-04-29,2027-10-29,terminated
260,Mhaine Dayawon,employee260@company.com,admin_placeholder260,09896978803,cleaner,2025-11-21,2027-11-15,terminated
261,Jonas Jamot,employee261@company.com,admin_placeholder261,09892642017,cleaner,2025-04-17,2029-01-09,on_leave
262,Mhaine Fababier,employee262@company.com,admin_placeholder262,09482273859,mechanic,2026-07-31,2027-10-19,on_leave
263,Leo Lopez,employee263@company.com,admin_placeholder263,09494583291,cleaner,2025-04-29,2027-12-26,on_leave
264,Lance Fababier,employee264@company.com,admin_placeholder264,09296312845,finance_adviser,2025-07-05,2028-04-07,terminated
265,Lance Reyes,employee265@company.com,admin_placeholder265,09945660509,cleaner,2025-12-25,2029-02-27,active
266,Joshua Aceitunas,employee266@company.com,admin_placeholder266,09199545111,mechanic,2025-10-05,2028-01-31,on_leave
267,Leo Lopez,employee267@company.com,admin_placeholder267,09385014943,finance_adviser,2025-08-31,2029-04-04,active
268,Leo Fababier,employee268@company.com,admin_placeholder268,09758056057,mechanic,2025-12-01,2028-04-24,terminated
269,Mhaine Jamot,employee269@company.com,admin_placeholder269,09617149235,mechanic,2026-02-23,2029-07-04,active
270,Jonas Aceitunas,employee270@company.com,admin_placeholder270,09235984625,owner,2025-12-26,2028-05-26,active
271,Roman Fababier,employee271@company.com,admin_placeholder271,09527012602,mechanic,2025-12-27,2028-06-06,active
272,Jonas Dayawon,employee272@company.com,admin_placeholder272,09141629200,finance_adviser,2026-01-30,2029-04-23,terminated
273,Mhaine Camorongan,employee273@company.com,admin_placeholder273,09777040302,cleaner,2026-01-03,2028-09-15,terminated
274,Roman Lopez,employee274@company.com,admin_placeholder274,09957229742,finance_adviser,2026-06-18,2028-11-30,on_leave
275,Jarell Dayawon,employee275@company.com,admin_placeholder275,09332312406,mechanic,2025-10-25,2028-08-23,terminated
276,Joshua Aceitunas,employee276@company.com,admin_placeholder276,09328079214,owner,2025-09-16,2028-09-14,terminated
277,Mhaine Fababier,employee277@company.com,admin_placeholder277,09123780692,mechanic,2026-04-21,2029-08-02,terminated
278,Lei Aceitunas,employee278@company.com,admin_placeholder278,09932587661,mechanic,2026-05-15,2028-08-13,active
279,Lei Camorongan,employee279@company.com,admin_placeholder279,09845234226,owner,2025-10-29,2027-09-26,active
280,Leo Jamot,employee280@company.com,admin_placeholder280,09148528645,cleaner,2026-04-01,2028-05-06,terminated
281,Jonas Camorongan,employee281@company.com,admin_placeholder281,09605082902,owner,2025-09-20,2027-12-07,active
282,Jonas Sebido,employee282@company.com,admin_placeholder282,09492859347,mechanic,2026-07-09,2029-01-14,on_leave
283,Lance Sebido,employee283@company.com,admin_placeholder283,09474501028,mechanic,2026-04-09,2027-09-05,on_leave
284,Leo Fababier,employee284@company.com,admin_placeholder284,09173127423,cleaner,2025-06-04,2027-11-18,on_leave
285,Joshua Reyes,employee285@company.com,admin_placeholder285,09714509233,cleaner,2026-07-01,2028-05-18,on_leave
286,Roman Camorongan,employee286@company.com,admin_placeholder286,09756503089,cleaner,2025-04-04,2028-07-28,active
287,Roman Reyes,employee287@company.com,admin_placeholder287,09468820803,mechanic,2026-06-20,2029-05-25,terminated
288,Mhaine Reyes,employee288@company.com,admin_placeholder288,09546197680,cleaner,2026-03-26,2029-07-19,terminated
289,Lei Fababier,employee289@company.com,admin_placeholder289,09859736481,owner,2025-07-22,2028-02-11,active
290,Lei Fababier,employee290@company.com,admin_placeholder290,09834761455,finance_adviser,2025-03-30,2028-11-26,active
291,Roman Lopez,employee291@company.com,admin_placeholder291,09216265743,mechanic,2025-08-01,2028-09-28,on_leave
292,Mhaine Sebido,employee292@company.com,admin_placeholder292,09995460339,mechanic,2025-07-13,2029-01-03,terminated
293,Leo Sebido,employee293@company.com,admin_placeholder293,09302853839,owner,2025-05-25,2029-01-16,on_leave
294,Mhaine Jamot,employee294@company.com,admin_placeholder294,09588992103,owner,2026-04-13,2029-02-22,terminated
295,Lei Dayawon,employee295@company.com,admin_placeholder295,09885081980,mechanic,2026-02-02,2028-10-26,terminated
296,Mhaine Dayawon,employee296@company.com,admin_placeholder296,09374289614,finance_adviser,2025-11-26,2028-02-23,terminated
297,Lance Aceitunas,employee297@company.com,admin_placeholder297,09842133225,finance_adviser,2026-03-23,2028-06-04,terminated
298,Leo Sebido,employee298@company.com,admin_placeholder298,09629888027,mechanic,2025-09-29,2027-09-28,active
299,Leo Jamot,employee299@company.com,admin_placeholder299,09694129088,owner,2025-07-30,2029-05-11,active
300,Jonas Jamot,employee300@company.com,admin_placeholder300,09171089134,cleaner,2026-07-13,2027-10-23,on_leave
301,Leo Lopez,employee301@company.com,admin_placeholder301,09632908460,finance_adviser,2025-06-17,2029-05-24,active
302,Joshua Sebido,employee302@company.com,admin_placeholder302,09329261748,finance_adviser,2026-05-04,2027-10-07,on_leave
303,Mhaine Fababier,employee303@company.com,admin_placeholder303,09109382940,owner,2025-09-18,2028-06-19,on_leave
304,Leo Jamot,employee304@company.com,admin_placeholder304,09809432642,owner,2026-03-09,2029-08-03,active
305,Roman Aceitunas,employee305@company.com,admin_placeholder305,09146236273,finance_adviser,2025-03-26,2029-03-06,terminated
306,Lei Sebido,employee306@company.com,admin_placeholder306,09606107149,cleaner,2026-08-02,2029-03-14,on_leave
307,Joshua Jamot,employee307@company.com,admin_placeholder307,09188782779,mechanic,2025-05-22,2029-05-11,on_leave
308,Mhaine Lopez,employee308@company.com,admin_placeholder308,09228021728,finance_adviser,2025-05-19,2029-01-24,active
309,Jonas Lopez,employee309@company.com,admin_placeholder309,09607907551,owner,2025-08-17,2027-10-08,on_leave
310,Mhaine Jamot,employee310@company.com,admin_placeholder310,09908379413,owner,2025-10-05,2028-04-22,active
311,Roman Reyes,employee311@company.com,admin_placeholder311,09964152063,mechanic,2026-06-07,2027-12-19,on_leave
312,Mhaine Camorongan,employee312@company.com,admin_placeholder312,09382613725,mechanic,2025-04-29,2028-07-18,terminated
313,Leo Dayawon,employee313@company.com,admin_placeholder313,09735649182,owner,2026-05-14,2029-07-24,terminated
314,Jarell Sebido,employee314@company.com,admin_placeholder314,09549139383,owner,2026-03-29,2027-08-13,terminated
315,Joshua Aceitunas,employee315@company.com,admin_placeholder315,09235149199,mechanic,2026-06-30,2028-03-26,active
316,Lei Sebido,employee316@company.com,admin_placeholder316,09178886167,mechanic,2026-02-14,2029-03-02,on_leave
317,Lance Aceitunas,employee317@company.com,admin_placeholder317,09513570039,finance_adviser,2026-01-20,2029-05-06,terminated
318,Mhaine Camorongan,employee318@company.com,admin_placeholder318,09742550513,owner,2025-09-15,2028-07-04,terminated
319,Lance Dayawon,employee319@company.com,admin_placeholder319,09339674467,mechanic,2025-06-25,2027-09-08,on_leave
320,Roman Dayawon,employee320@company.com,admin_placeholder320,09694756401,owner,2025-09-03,2029-04-29,active
321,Lei Reyes,employee321@company.com,admin_placeholder321,09271497878,mechanic,2025-04-09,2029-03-23,on_leave
322,Roman Dayawon,employee322@company.com,admin_placeholder322,09574794113,mechanic,2026-03-03,2028-04-12,terminated
323,Joshua Jamot,employee323@company.com,admin_placeholder323,09191892946,owner,2025-04-19,2027-11-24,active
324,Lance Sebido,employee324@company.com,admin_placeholder324,09589816408,mechanic,2025-09-20,2027-11-23,on_leave
325,Roman Jamot,employee325@company.com,admin_placeholder325,09158780877,cleaner,2026-05-01,2028-07-21,active
326,Roman Aceitunas,employee326@company.com,admin_placeholder326,09763244294,owner,2026-06-04,2027-09-22,on_leave
327,Roman Dayawon,employee327@company.com,admin_placeholder327,09112504323,finance_adviser,2025-03-30,2029-05-03,active
328,Joshua Jamot,employee328@company.com,admin_placeholder328,09753589403,finance_adviser,2025-12-04,2028-03-16,active
329,Lance Aceitunas,employee329@company.com,admin_placeholder329,09259992021,owner,2025-12-22,2029-04-12,on_leave
330,Roman Camorongan,employee330@company.com,admin_placeholder330,09378560748,mechanic,2025-12-10,2027-09-09,on_leave
331,Jarell Aceitunas,employee331@company.com,admin_placeholder331,09903894107,mechanic,2025-07-04,2029-02-20,on_leave
332,Roman Camorongan,employee332@company.com,admin_placeholder332,09597679530,mechanic,2025-10-13,2029-01-02,terminated
333,Lance Fababier,employee333@company.com,admin_placeholder333,09376133461,owner,2026-07-09,2029-06-25,terminated
334,Jarell Jamot,employee334@company.com,admin_placeholder334,09823091447,cleaner,2026-01-06,2029-06-02,terminated
335,Joshua Lopez,employee335@company.com,admin_placeholder335,09293818396,cleaner,2025-04-04,2029-01-17,active
336,Jarell Aceitunas,employee336@company.com,admin_placeholder336,09678377533,finance_adviser,2026-02-10,2029-03-20,on_leave
337,Lei Sebido,employee337@company.com,admin_placeholder337,09691367458,mechanic,2025-09-29,2029-07-12,terminated
338,Leo Fababier,employee338@company.com,admin_placeholder338,09418222406,cleaner,2025-06-18,2028-09-16,on_leave
339,Joshua Reyes,employee339@company.com,admin_placeholder339,09513166310,owner,2025-12-15,2029-07-05,terminated
340,Jarell Aceitunas,employee340@company.com,admin_placeholder340,09388782672,owner,2025-12-15,2027-12-18,active
341,Roman Dayawon,employee341@company.com,admin_placeholder341,09646244370,finance_adviser,2026-07-22,2029-04-24,on_leave
342,Jonas Dayawon,employee342@company.com,admin_placeholder342,09823232442,cleaner,2026-01-18,2028-04-16,active
343,Jonas Reyes,employee343@company.com,admin_placeholder343,09551565009,finance_adviser,2026-07-24,2029-01-28,terminated
344,Leo Reyes,employee344@company.com,admin_placeholder344,09521700389,owner,2026-04-27,2028-11-30,on_leave
345,Mhaine Sebido,employee345@company.com,admin_placeholder345,09131687497,owner,2026-01-10,2028-09-17,active
346,Jarell Sebido,employee346@company.com,admin_placeholder346,09403195224,mechanic,2025-11-29,2027-08-17,active
347,Mhaine Jamot,employee347@company.com,admin_placeholder347,09503101600,cleaner,2025-11-22,2027-09-03,active
348,Jonas Fababier,employee348@company.com,admin_placeholder348,09303555970,cleaner,2026-02-14,2027-08-31,terminated
349,Mhaine Sebido,employee349@company.com,admin_placeholder349,09754558258,cleaner,2025-10-14,2028-04-20,terminated
350,Jonas Aceitunas,employee350@company.com,admin_placeholder350,09588118666,cleaner,2025-11-18,2029-04-15,terminated
351,Jonas Fababier,employee351@company.com,admin_placeholder351,09804285058,finance_adviser,2026-04-19,2029-04-19,on_leave
352,Mhaine Lopez,employee352@company.com,admin_placeholder352,09599613041,mechanic,2026-01-16,2028-07-16,active
353,Joshua Sebido,employee353@company.com,admin_placeholder353,09782346835,finance_adviser,2025-07-29,2028-03-09,active
354,Lei Fababier,employee354@company.com,admin_placeholder354,09502112881,cleaner,2025-07-10,2029-01-21,terminated
355,Lei Lopez,employee355@company.com,admin_placeholder355,09845854921,cleaner,2025-09-13,2027-11-06,on_leave
356,Roman Reyes,employee356@company.com,admin_placeholder356,09311382092,cleaner,2026-05-11,2029-04-01,on_leave
357,Leo Sebido,employee357@company.com,admin_placeholder357,09301065509,finance_adviser,2025-05-17,2028-12-09,on_leave
358,Jonas Jamot,employee358@company.com,admin_placeholder358,09809410089,finance_adviser,2026-01-31,2027-11-29,on_leave
359,Lance Reyes,employee359@company.com,admin_placeholder359,09218954609,mechanic,2025-08-06,2028-09-17,on_leave
360,Lei Dayawon,employee360@company.com,admin_placeholder360,09378672475,owner,2025-10-29,2028-11-28,terminated
361,Leo Sebido,employee361@company.com,admin_placeholder361,09686417025,finance_adviser,2026-02-09,2028-12-27,active
362,Mhaine Reyes,employee362@company.com,admin_placeholder362,09173708690,cleaner,2026-01-27,2029-06-24,active
363,Lei Jamot,employee363@company.com,admin_placeholder363,09136598656,mechanic,2025-06-29,2027-12-18,on_leave
364,Jarell Sebido,employee364@company.com,admin_placeholder364,09665582145,finance_adviser,2025-09-27,2029-04-13,active
365,Joshua Fababier,employee365@company.com,admin_placeholder365,09313853038,finance_adviser,2026-02-14,2027-10-03,on_leave
366,Lance Reyes,employee366@company.com,admin_placeholder366,09848709937,finance_adviser,2026-05-28,2028-08-04,active
367,Jarell Sebido,employee367@company.com,admin_placeholder367,09873302825,finance_adviser,2025-07-04,2027-09-26,active
368,Roman Fababier,employee368@company.com,admin_placeholder368,09462978183,owner,2025-06-28,2027-12-21,on_leave
369,Mhaine Reyes,employee369@company.com,admin_placeholder369,09759983995,owner,2026-07-20,2028-12-27,terminated
370,Mhaine Sebido,employee370@company.com,admin_placeholder370,09531816168,finance_adviser,2025-10-05,2028-06-29,on_leave
371,Jonas Jamot,employee371@company.com,admin_placeholder371,09802939920,mechanic,2026-03-12,2028-11-22,on_leave
372,Lei Fababier,employee372@company.com,admin_placeholder372,09855982707,mechanic,2025-04-12,2029-01-29,active
373,Leo Dayawon,employee373@company.com,admin_placeholder373,09669921585,finance_adviser,2026-06-14,2027-09-13,on_leave
374,Jarell Dayawon,employee374@company.com,admin_placeholder374,09778834553,mechanic,2026-04-03,2029-06-26,on_leave
375,Mhaine Dayawon,employee375@company.com,admin_placeholder375,09839798081,mechanic,2026-06-26,2027-09-14,active
376,Jonas Lopez,employee376@company.com,admin_placeholder376,09265720218,mechanic,2025-05-03,2028-08-31,terminated
377,Mhaine Dayawon,employee377@company.com,admin_placeholder377,09758994988,mechanic,2025-06-03,2028-10-16,active
378,Joshua Fababier,employee378@company.com,admin_placeholder378,09391554146,cleaner,2026-04-30,2028-04-02,active
379,Roman Dayawon,employee379@company.com,admin_placeholder379,09717823109,mechanic,2025-07-06,2027-09-12,on_leave
380,Lei Reyes,employee380@company.com,admin_placeholder380,09328734791,finance_adviser,2025-05-27,2029-04-12,active
381,Joshua Lopez,employee381@company.com,admin_placeholder381,09193962199,owner,2026-03-26,2029-04-02,terminated
382,Leo Fababier,employee382@company.com,admin_placeholder382,09659586209,cleaner,2025-12-14,2027-10-28,active
383,Lei Dayawon,employee383@company.com,admin_placeholder383,09107565557,cleaner,2026-02-19,2027-12-03,terminated
384,Mhaine Reyes,employee384@company.com,admin_placeholder384,09719395836,mechanic,2026-03-21,2029-02-04,active
385,Jonas Fababier,employee385@company.com,admin_placeholder385,09204297454,owner,2026-04-25,2029-03-01,active
386,Lance Sebido,employee386@company.com,admin_placeholder386,09436846587,mechanic,2025-11-04,2028-09-13,on_leave
387,Roman Dayawon,employee387@company.com,admin_placeholder387,09978981194,cleaner,2025-11-15,2028-03-01,on_leave
388,Jarell Fababier,employee388@company.com,admin_placeholder388,09467150025,cleaner,2025-10-25,2029-01-03,on_leave
389,Joshua Aceitunas,employee389@company.com,admin_placeholder389,09448374409,owner,2026-01-05,2028-06-27,active
390,Jonas Sebido,employee390@company.com,admin_placeholder390,09467105490,finance_adviser,2025-07-15,2029-05-07,active
391,Joshua Aceitunas,employee391@company.com,admin_placeholder391,09942987402,finance_adviser,2026-07-22,2029-07-16,on_leave
392,Joshua Sebido,employee392@company.com,admin_placeholder392,09367508721,finance_adviser,2025-10-01,2028-08-17,terminated
393,Joshua Lopez,employee393@company.com,admin_placeholder393,09914563128,owner,2026-03-13,2028-08-28,active
394,Jarell Sebido,employee394@company.com,admin_placeholder394,09427799013,owner,2026-06-27,2029-04-14,active
395,Roman Sebido,employee395@company.com,admin_placeholder395,09909879293,cleaner,2025-09-21,2028-10-13,active
396,Leo Aceitunas,employee396@company.com,admin_placeholder396,09793820630,finance_adviser,2025-08-08,2028-10-07,terminated
397,Roman Dayawon,employee397@company.com,admin_placeholder397,09246734534,cleaner,2026-08-02,2028-01-30,active
398,Lei Lopez,employee398@company.com,admin_placeholder398,09238233995,owner,2025-11-09,2028-02-16,terminated
399,Jonas Lopez,employee399@company.com,admin_placeholder399,09127810156,finance_adviser,2025-07-26,2027-08-14,active
400,Jonas Aceitunas,employee400@company.com,admin_placeholder400,09277817593,mechanic,2026-03-29,2028-01-11,terminated
401,Roman Jamot,employee401@company.com,admin_placeholder401,09555130742,mechanic,2025-07-11,2028-05-17,on_leave
402,Lei Fababier,employee402@company.com,admin_placeholder402,09501914421,cleaner,2025-12-26,2028-01-10,on_leave
403,Lei Aceitunas,employee403@company.com,admin_placeholder403,09245240656,mechanic,2025-08-04,2029-07-07,on_leave
404,Mhaine Fababier,employee404@company.com,admin_placeholder404,09904314469,finance_adviser,2026-04-04,2029-04-18,terminated
405,Roman Lopez,employee405@company.com,admin_placeholder405,09773877682,owner,2025-10-08,2028-06-06,on_leave
406,Joshua Camorongan,employee406@company.com,admin_placeholder406,09396903851,owner,2025-10-10,2029-02-09,terminated
407,Roman Jamot,employee407@company.com,admin_placeholder407,09209907046,finance_adviser,2026-03-17,2027-09-08,on_leave
408,Lance Dayawon,employee408@company.com,admin_placeholder408,09604077860,mechanic,2026-01-29,2028-03-09,terminated
409,Leo Jamot,employee409@company.com,admin_placeholder409,09443428081,mechanic,2025-09-14,2029-05-19,terminated
410,Lance Aceitunas,employee410@company.com,admin_placeholder410,09132093613,cleaner,2026-04-14,2028-02-12,active
411,Jonas Dayawon,employee411@company.com,admin_placeholder411,09602404791,finance_adviser,2025-06-29,2029-01-03,active
412,Leo Aceitunas,employee412@company.com,admin_placeholder412,09607998681,mechanic,2025-07-31,2028-07-16,on_leave
413,Jarell Jamot,employee413@company.com,admin_placeholder413,09889298974,owner,2025-07-24,2028-12-25,terminated
414,Roman Dayawon,employee414@company.com,admin_placeholder414,09786800239,mechanic,2025-07-29,2027-12-10,active
415,Lance Aceitunas,employee415@company.com,admin_placeholder415,09462875387,cleaner,2026-06-14,2029-06-26,on_leave
416,Lance Reyes,employee416@company.com,admin_placeholder416,09403604964,owner,2025-07-21,2027-09-17,active
417,Leo Fababier,employee417@company.com,admin_placeholder417,09517649696,finance_adviser,2025-04-14,2028-11-05,on_leave
418,Lei Aceitunas,employee418@company.com,admin_placeholder418,09516524362,cleaner,2025-09-16,2029-03-27,active
419,Lance Reyes,employee419@company.com,admin_placeholder419,09912360293,owner,2026-02-28,2029-07-03,on_leave
420,Mhaine Fababier,employee420@company.com,admin_placeholder420,09608003389,finance_adviser,2026-07-01,2028-09-13,active
421,Jonas Fababier,employee421@company.com,admin_placeholder421,09415544226,owner,2026-02-25,2029-06-07,active
422,Roman Dayawon,employee422@company.com,admin_placeholder422,09254211091,owner,2025-12-29,2028-12-06,active
423,Jarell Lopez,employee423@company.com,admin_placeholder423,09521834628,finance_adviser,2025-07-22,2029-07-10,on_leave
424,Lei Camorongan,employee424@company.com,admin_placeholder424,09245515578,mechanic,2025-06-18,2029-07-08,on_leave
425,Roman Lopez,employee425@company.com,admin_placeholder425,09203665812,owner,2025-09-13,2028-01-25,on_leave
426,Lance Reyes,employee426@company.com,admin_placeholder426,09102962640,cleaner,2025-05-13,2028-04-09,active
427,Lance Camorongan,employee427@company.com,admin_placeholder427,09318401873,owner,2025-05-31,2028-11-01,active
428,Jarell Camorongan,employee428@company.com,admin_placeholder428,09893328149,cleaner,2025-10-12,2029-07-09,active
429,Roman Jamot,employee429@company.com,admin_placeholder429,09181995097,cleaner,2025-10-10,2027-12-17,terminated
430,Jarell Reyes,employee430@company.com,admin_placeholder430,09537371751,finance_adviser,2025-04-25,2029-07-11,active
431,Jonas Fababier,employee431@company.com,admin_placeholder431,09101382594,mechanic,2025-12-13,2028-09-21,active
432,Jonas Camorongan,employee432@company.com,admin_placeholder432,09432741408,owner,2026-03-09,2028-01-04,active
433,Roman Fababier,employee433@company.com,admin_placeholder433,09736162988,finance_adviser,2026-02-24,2029-05-24,active
434,Joshua Reyes,employee434@company.com,admin_placeholder434,09576528036,cleaner,2025-12-15,2028-01-28,terminated
435,Mhaine Aceitunas,employee435@company.com,admin_placeholder435,09964255264,owner,2025-06-20,2027-10-09,terminated
436,Roman Camorongan,employee436@company.com,admin_placeholder436,09919579934,finance_adviser,2026-06-19,2029-06-24,active
437,Lance Fababier,employee437@company.com,admin_placeholder437,09356905675,finance_adviser,2025-12-09,2028-09-10,on_leave
438,Joshua Jamot,employee438@company.com,admin_placeholder438,09451959910,owner,2025-04-13,2028-12-06,active
439,Lei Reyes,employee439@company.com,admin_placeholder439,09464689687,finance_adviser,2026-01-16,2028-10-09,terminated
440,Leo Camorongan,employee440@company.com,admin_placeholder440,09739034536,mechanic,2025-07-25,2028-11-30,terminated
441,Roman Lopez,employee441@company.com,admin_placeholder441,09508278232,owner,2025-04-23,2027-12-29,active
442,Leo Sebido,employee442@company.com,admin_placeholder442,09375888336,mechanic,2026-01-24,2029-03-12,active
443,Jarell Camorongan,employee443@company.com,admin_placeholder443,09886267150,mechanic,2026-07-30,2029-01-21,terminated
444,Mhaine Reyes,employee444@company.com,admin_placeholder444,09359101245,mechanic,2026-06-29,2029-06-22,terminated
445,Leo Reyes,employee445@company.com,admin_placeholder445,09169920887,cleaner,2026-01-02,2027-09-03,active
446,Jarell Dayawon,employee446@company.com,admin_placeholder446,09955810540,cleaner,2026-06-26,2028-04-28,active
447,Roman Reyes,employee447@company.com,admin_placeholder447,09703774519,owner,2025-12-02,2029-01-07,terminated
448,Lei Sebido,employee448@company.com,admin_placeholder448,09719145915,finance_adviser,2025-05-01,2028-02-29,on_leave
449,Joshua Reyes,employee449@company.com,admin_placeholder449,09347346252,finance_adviser,2026-07-27,2028-06-01,active
450,Leo Reyes,employee450@company.com,admin_placeholder450,09292251182,owner,2026-03-22,2029-05-19,active
451,Joshua Dayawon,employee451@company.com,admin_placeholder451,09669315500,cleaner,2026-02-22,2028-08-25,active
452,Roman Dayawon,employee452@company.com,admin_placeholder452,09877149774,cleaner,2026-02-03,2029-01-21,terminated
453,Joshua Aceitunas,employee453@company.com,admin_placeholder453,09105358589,owner,2026-04-11,2027-12-01,on_leave
454,Joshua Camorongan,employee454@company.com,admin_placeholder454,09297707170,mechanic,2026-01-20,2029-06-29,terminated
455,Joshua Camorongan,employee455@company.com,admin_placeholder455,09924345269,mechanic,2026-04-20,2028-06-01,terminated
456,Roman Dayawon,employee456@company.com,admin_placeholder456,09145218067,mechanic,2026-05-04,2027-11-12,on_leave
457,Joshua Dayawon,employee457@company.com,admin_placeholder457,09323206381,owner,2025-09-03,2028-02-06,terminated
458,Lei Lopez,employee458@company.com,admin_placeholder458,09108691021,cleaner,2026-03-03,2029-06-13,active
459,Joshua Aceitunas,employee459@company.com,admin_placeholder459,09619150782,finance_adviser,2026-02-14,2029-03-02,active
460,Jarell Lopez,employee460@company.com,admin_placeholder460,09887537525,cleaner,2025-03-25,2029-04-14,on_leave
461,Jarell Jamot,employee461@company.com,admin_placeholder461,09163784676,mechanic,2025-07-24,2028-08-15,terminated
462,Jonas Aceitunas,employee462@company.com,admin_placeholder462,09145328286,finance_adviser,2026-06-02,2028-04-10,terminated
463,Leo Fababier,employee463@company.com,admin_placeholder463,09194140200,finance_adviser,2025-03-30,2028-07-04,on_leave
464,Roman Lopez,employee464@company.com,admin_placeholder464,09466031462,finance_adviser,2025-11-08,2028-07-25,terminated
465,Roman Lopez,employee465@company.com,admin_placeholder465,09881915343,mechanic,2025-08-17,2028-08-04,terminated
466,Joshua Aceitunas,employee466@company.com,admin_placeholder466,09291065654,finance_adviser,2025-05-26,2028-12-06,active
467,Lance Jamot,employee467@company.com,admin_placeholder467,09592336823,finance_adviser,2025-06-28,2029-05-23,terminated
468,Jonas Camorongan,employee468@company.com,admin_placeholder468,09871441576,mechanic,2026-02-14,2028-02-16,on_leave
469,Lance Sebido,employee469@company.com,admin_placeholder469,09184526950,owner,2026-01-31,2029-07-31,active
470,Mhaine Sebido,employee470@company.com,admin_placeholder470,09402876598,mechanic,2025-12-12,2028-07-29,terminated
471,Joshua Jamot,employee471@company.com,admin_placeholder471,09665316726,cleaner,2025-10-10,2028-09-09,active
472,Jonas Aceitunas,employee472@company.com,admin_placeholder472,09788987604,cleaner,2025-10-29,2028-11-23,active
473,Jonas Lopez,employee473@company.com,admin_placeholder473,09183686235,owner,2025-06-25,2029-03-06,on_leave
474,Mhaine Fababier,employee474@company.com,admin_placeholder474,09358644709,owner,2026-05-12,2028-08-03,active
475,Roman Aceitunas,employee475@company.com,admin_placeholder475,09925772244,mechanic,2026-01-14,2027-10-07,active
476,Lei Reyes,employee476@company.com,admin_placeholder476,09622870993,cleaner,2025-11-08,2029-05-25,on_leave
477,Lance Jamot,employee477@company.com,admin_placeholder477,09967999378,mechanic,2026-04-30,2029-04-16,on_leave
478,Jonas Reyes,employee478@company.com,admin_placeholder478,09851852016,cleaner,2025-10-29,2028-07-31,terminated
479,Lei Lopez,employee479@company.com,admin_placeholder479,09438068208,mechanic,2026-07-03,2027-11-03,active
480,Jarell Jamot,employee480@company.com,admin_placeholder480,09644852086,owner,2025-06-02,2028-02-09,active
481,Roman Aceitunas,employee481@company.com,admin_placeholder481,09287108533,finance_adviser,2025-08-19,2028-12-02,terminated
482,Lei Camorongan,employee482@company.com,admin_placeholder482,09496955142,mechanic,2025-09-06,2028-03-12,active
483,Leo Sebido,employee483@company.com,admin_placeholder483,09535892874,mechanic,2025-04-06,2028-07-05,terminated
484,Roman Camorongan,employee484@company.com,admin_placeholder484,09591083138,mechanic,2025-06-14,2029-06-22,on_leave
485,Jarell Jamot,employee485@company.com,admin_placeholder485,09966330929,mechanic,2025-10-15,2027-12-18,terminated
486,Jarell Aceitunas,employee486@company.com,admin_placeholder486,09104843241,owner,2025-12-13,2029-03-04,active
487,Leo Jamot,employee487@company.com,admin_placeholder487,09256993307,owner,2025-08-29,2027-09-30,active
488,Jonas Camorongan,employee488@company.com,admin_placeholder488,09646452782,owner,2025-10-12,2028-06-03,terminated
489,Lei Camorongan,employee489@company.com,admin_placeholder489,09112607369,owner,2025-11-16,2029-07-30,on_leave
490,Jonas Reyes,employee490@company.com,admin_placeholder490,09365535807,owner,2026-04-10,2027-11-04,terminated
491,Leo Jamot,employee491@company.com,admin_placeholder491,09281613534,owner,2025-10-07,2029-03-21,terminated
492,Jonas Dayawon,employee492@company.com,admin_placeholder492,09103262292,finance_adviser,2025-09-02,2029-03-29,on_leave
493,Joshua Reyes,employee493@company.com,admin_placeholder493,09972699170,cleaner,2025-06-21,2029-03-26,active
494,Joshua Jamot,employee494@company.com,admin_placeholder494,09574744737,cleaner,2025-12-11,2029-03-06,active
495,Jonas Lopez,employee495@company.com,admin_placeholder495,09508874744,mechanic,2026-01-18,2029-07-13,on_leave
496,Mhaine Fababier,employee496@company.com,admin_placeholder496,09278871222,owner,2026-03-25,2028-04-27,active
497,Jarell Fababier,employee497@company.com,admin_placeholder497,09298325183,owner,2025-11-30,2029-02-11,terminated
498,Lei Reyes,employee498@company.com,admin_placeholder498,09129899098,finance_adviser,2026-05-07,2027-08-23,on_leave
499,Roman Jamot,employee499@company.com,admin_placeholder499,09511850137,mechanic,2025-11-29,2028-09-21,terminated
500,Jonas Dayawon,employee500@company.com,admin_placeholder500,09142944485,mechanic,2026-06-29,2028-07-04,terminated
