id,employee_id,period_start,period_end,base_pay,commission_pay,deductions,net_pay,status,date_generated,payment_date
1,248,2026-04-28,2029-03-19,2026.00,4695.00,223.00,6498.00,draft,2026-01-17 02:14:15.293298,2026-01-17 13:14:15.293298
2,108,2026-01-04,2028-10-12,5235.00,2119.00,914.00,6440.00,paid,2025-12-08 07:04:31.293298,2025-12-10 02:04:31.293298
3,314,2026-03-29,2027-08-13,3715.00,2785.00,448.00,6052.00,approved,2025-10-10 23:29:41.293298,2025-10-12 09:29:41.293298
4,329,2025-12-22,2029-04-12,5923.00,1462.00,710.00,6675.00,paid,2026-01-21 03:43:55.293298,2026-01-22 03:43:55.293298
5,187,2025-10-04,2027-09-03,5786.00,1528.00,95.00,7219.00,approved,2025-04-08 10:33:55.293298,2025-04-09 03:33:55.293298
6,323,2025-04-19,2027-11-24,4507.00,3354.00,601.00,7260.00,approved,2026-07-13 17:54:15.293298,2026-07-13 22:54:15.293298
7,469,2026-01-31,2029-07-31,5918.00,1740.00,439.00,7219.00,draft,2026-04-09 07:36:54.293298,2026-04-09 22:36:54.293298
8,453,2026-04-11,2027-12-01,3175.00,3551.00,599.00,6127.00,paid,2025-03-26 02:48:08.293298,2025-03-27 11:48:08.293298
9,463,2025-03-30,2028-07-04,4322.00,2709.00,860.00,6171.00,approved,2025-08-11 23:35:35.293298,2025-08-12 07:35:35.293298
10,313,2026-05-14,2029-07-24,4386.00,835.00,238.00,4983.00,paid,2026-04-19 12:15:06.293298,2026-04-22 03:15:06.293298
11,139,2026-03-30,2027-08-21,5865.00,4304.00,239.00,9930.00,paid,2025-10-30 10:23:31.293298,2025-11-03 04:23:31.293298
12,215,2026-05-10,2028-10-09,4393.00,4219.00,716.00,7896.00,paid,2026-01-30 13:10:50.293298,2026-02-01 12:10:50.293298
13,30,2026-07-15,2028-04-28,6333.00,3593.00,336.00,9590.00,paid,2025-04-19 04:24:40.293298,2025-04-22 01:24:40.293298
14,253,2025-05-13,2029-05-11,4078.00,814.00,994.00,3898.00,paid,2025-12-11 15:48:56.293298,2025-12-13 03:48:56.293298
15,202,2025-05-02,2028-08-07,3985.00,1834.00,890.00,4929.00,approved,2025-09-06 07:38:40.293298,2025-09-07 01:38:40.293298
16,440,2025-07-25,2028-11-30,6297.00,2943.00,673.00,8567.00,paid,2025-06-11 02:35:20.293298,2025-06-12 15:35:20.293298
17,166,2025-10-17,2028-04-01,4510.00,4323.00,763.00,8070.00,paid,2025-07-15 01:28:39.293298,2025-07-18 15:28:39.293298
18,426,2025-05-13,2028-04-09,6101.00,4500.00,578.00,10023.00,paid,2026-01-23 01:22:21.293298,2026-01-26 22:22:21.293298
19,378,2026-04-30,2028-04-02,4677.00,3956.00,420.00,8213.00,paid,2025-04-01 06:41:07.293298,2025-04-02 17:41:07.293298
20,152,2026-01-02,2028-04-01,4148.00,4725.00,38.00,8835.00,approved,2025-10-26 18:38:43.293298,2025-10-27 16:38:43.293298
21,32,2026-02-19,2029-05-01,3187.00,1739.00,899.00,4027.00,paid,2026-02-17 18:27:09.293298,2026-02-19 12:27:09.293298
22,429,2025-10-10,2027-12-17,3828.00,881.00,207.00,4502.00,paid,2026-03-11 16:27:51.293298,2026-03-13 21:27:51.293298
23,246,2025-05-13,2027-11-07,4195.00,2235.00,14.00,6416.00,paid,2026-07-29 17:27:44.293298,2026-08-01 09:27:44.293298
24,64,2026-05-19,2029-06-09,5320.00,1055.00,200.00,6175.00,paid,2025-12-17 05:42:05.293298,2025-12-20 04:42:05.293298
25,490,2026-04-10,2027-11-04,4640.00,3359.00,92.00,7907.00,paid,2025-07-01 00:00:11.293298,2025-07-04 07:00:11.293298
26,452,2026-02-03,2029-01-21,4140.00,4672.00,541.00,8271.00,paid,2025-09-09 00:14:49.293298,2025-09-10 20:14:49.293298
27,401,2025-07-11,2028-05-17,3002.00,2708.00,310.00,5400.00,paid,2025-08-04 18:40:19.293298,2025-08-06 15:40:19.293298
28,48,2026-07-04,2029-05-12,3084.00,4855.00,166.00,7773.00,approved,2025-10-10 01:50:38.293298,2025-10-11 19:50:38.293298
29,348,2026-02-14,2027-08-31,3699.00,2566.00,960.00,5305.00,paid,2026-05-11 08:00:01.293298,2026-05-13 12:00:01.293298
30,409,2025-09-14,2029-05-19,4704.00,908.00,119.00,5493.00,approved,2025-09-06 17:19:53.293298,2025-09-08 12:19:53.293298
31,282,2026-07-09,2029-01-14,2315.00,2033.00,167.00,4181.00,paid,2025-07-04 01:17:14.293298,2025-07-06 18:17:14.293298
32,104,2025-09-16,2028-07-01,5775.00,3455.00,650.00,8580.00,paid,2026-02-19 09:56:01.293298,2026-02-22 00:56:01.293298
33,322,2026-03-03,2028-04-12,2817.00,753.00,687.00,2883.00,paid,2025-05-03 09:17:17.293298,2025-05-04 09:17:17.293298
34,59,2025-12-10,2027-10-07,2882.00,2616.00,127.00,5371.00,approved,2025-04-22 22:58:26.293298,2025-04-23 04:58:26.293298
35,456,2026-05-04,2027-11-12,5691.00,4091.00,981.00,8801.00,paid,2025-08-29 01:34:44.293298,2025-09-01 19:34:44.293298
36,302,2026-05-04,2027-10-07,6393.00,2456.00,217.00,8632.00,paid,2025-03-24 02:24:51.293298,2025-03-25 07:24:51.293298
37,339,2025-12-15,2029-07-05,3412.00,1231.00,569.00,4074.00,draft,2026-02-25 09:13:00.293298,2026-02-25 23:13:00.293298
38,94,2025-10-23,2028-02-04,5909.00,4750.00,914.00,9745.00,approved,2025-08-19 02:11:03.293298,2025-08-20 23:11:03.293298
39,116,2025-11-04,2028-11-05,3777.00,4222.00,149.00,7850.00,approved,2025-05-27 00:50:34.293298,2025-05-27 08:50:34.293298
40,233,2025-07-13,2029-03-28,6708.00,4120.00,36.00,10792.00,approved,2025-10-03 21:41:30.293298,2025-10-05 05:41:30.293298
41,148,2025-04-15,2028-05-26,4854.00,2667.00,539.00,6982.00,paid,2026-05-02 05:01:01.293298,2026-05-04 20:01:01.293298
42,134,2025-05-19,2027-09-01,6200.00,4485.00,605.00,10080.00,draft,2026-03-15 19:25:43.293298,2026-03-16 17:25:43.293298
43,244,2025-11-26,2027-08-14,2009.00,738.00,545.00,2202.00,approved,2025-09-10 17:04:44.293298,2025-09-11 09:04:44.293298
44,136,2026-07-12,2029-04-24,6859.00,2280.00,486.00,8653.00,paid,2025-03-31 11:47:37.293298,2025-04-03 02:47:37.293298
45,35,2026-06-14,2029-04-19,2297.00,1491.00,727.00,3061.00,approved,2025-04-06 07:57:20.293298,2025-04-06 18:57:20.293298
46,460,2025-03-25,2029-04-14,4264.00,3026.00,304.00,6986.00,paid,2025-11-02 14:39:05.293298,2025-11-05 08:39:05.293298
47,139,2026-03-30,2027-08-21,5489.00,2595.00,480.00,7604.00,paid,2026-04-02 12:58:19.293298,2026-04-04 19:58:19.293298
48,86,2025-11-29,2028-04-23,2651.00,4878.00,657.00,6872.00,draft,2025-05-18 11:11:54.293298,2025-05-19 08:11:54.293298
49,136,2026-07-12,2029-04-24,4058.00,2006.00,91.00,5973.00,paid,2025-09-10 02:18:57.293298,2025-09-13 21:18:57.293298
50,183,2025-08-01,2028-05-31,2726.00,4498.00,728.00,6496.00,approved,2026-04-27 07:55:20.293298,2026-04-27 13:55:20.293298
51,31,2025-09-09,2028-11-05,2611.00,2547.00,477.00,4681.00,paid,2025-05-05 07:53:07.293298,2025-05-06 14:53:07.293298
52,218,2026-01-03,2029-05-08,2633.00,1878.00,903.00,3608.00,approved,2025-06-16 23:20:06.293298,2025-06-18 04:20:06.293298
53,493,2025-06-21,2029-03-26,5631.00,734.00,583.00,5782.00,paid,2026-05-13 11:52:32.293298,2026-05-14 23:52:32.293298
54,171,2025-11-30,2028-12-18,3481.00,1889.00,413.00,4957.00,paid,2025-07-30 21:31:42.293298,2025-08-01 09:31:42.293298
55,441,2025-04-23,2027-12-29,5268.00,2135.00,247.00,7156.00,approved,2026-03-30 15:18:16.293298,2026-04-01 08:18:16.293298
56,21,2025-08-01,2028-12-07,3573.00,3435.00,455.00,6553.00,paid,2025-07-22 23:06:47.293298,2025-07-24 10:06:47.293298
57,264,2025-07-05,2028-04-07,5991.00,1659.00,328.00,7322.00,paid,2026-04-19 20:15:52.293298,2026-04-21 06:15:52.293298
58,11,2025-09-11,2029-07-29,2519.00,3509.00,184.00,5844.00,paid,2025-12-19 17:27:24.293298,2025-12-22 07:27:24.293298
59,241,2026-05-06,2028-06-17,5276.00,573.00,153.00,5696.00,draft,2026-05-02 09:52:33.293298,2026-05-02 19:52:33.293298
60,330,2025-12-10,2027-09-09,2555.00,1690.00,190.00,4055.00,paid,2026-02-19 08:01:50.293298,2026-02-21 13:01:50.293298
61,439,2026-01-16,2028-10-09,4751.00,1118.00,461.00,5408.00,paid,2026-03-25 12:49:36.293298,2026-03-27 21:49:36.293298
62,375,2026-06-26,2027-09-14,4849.00,1542.00,149.00,6242.00,approved,2026-01-26 02:13:31.293298,2026-01-26 18:13:31.293298
63,226,2026-01-11,2027-11-09,3949.00,4108.00,143.00,7914.00,paid,2025-10-18 02:19:23.293298,2025-10-20 19:19:23.293298
64,173,2026-07-25,2028-12-18,5171.00,2909.00,205.00,7875.00,paid,2025-09-15 08:34:22.293298,2025-09-18 22:34:22.293298
65,445,2026-01-02,2027-09-03,6578.00,2462.00,466.00,8574.00,paid,2025-06-27 00:10:27.293298,2025-06-29 00:10:27.293298
66,48,2026-07-04,2029-05-12,2286.00,4658.00,536.00,6408.00,paid,2026-02-24 22:51:01.293298,2026-02-27 05:51:01.293298
67,132,2026-07-06,2028-09-11,4922.00,2129.00,983.00,6068.00,paid,2026-02-15 03:04:43.293298,2026-02-16 19:04:43.293298
68,368,2025-06-28,2027-12-21,2749.00,3857.00,614.00,5992.00,approved,2026-07-12 02:37:59.293298,2026-07-12 13:37:59.293298
69,146,2026-07-14,2028-08-15,5930.00,1298.00,880.00,6348.00,approved,2026-05-29 08:00:46.293298,2026-05-30 18:00:46.293298
70,484,2025-06-14,2029-06-22,5812.00,636.00,513.00,5935.00,draft,2026-04-15 12:24:24.293298,2026-04-16 07:24:24.293298
71,197,2025-04-02,2029-04-08,5611.00,2595.00,415.00,7791.00,paid,2026-03-03 04:15:08.293298,2026-03-04 12:15:08.293298
72,226,2026-01-11,2027-11-09,4088.00,4637.00,422.00,8303.00,approved,2025-08-14 13:18:40.293298,2025-08-15 02:18:40.293298
73,361,2026-02-09,2028-12-27,4429.00,2518.00,828.00,6119.00,paid,2025-04-02 13:13:37.293298,2025-04-04 17:13:37.293298
74,126,2025-12-30,2029-02-21,6539.00,4537.00,838.00,10238.00,draft,2025-08-25 02:46:47.293298,2025-08-25 19:46:47.293298
75,6,2026-04-28,2029-02-04,6655.00,1183.00,388.00,7450.00,paid,2026-06-26 04:33:22.293298,2026-06-27 07:33:22.293298
76,408,2026-01-29,2028-03-09,3434.00,3788.00,399.00,6823.00,approved,2025-08-22 20:43:14.293298,2025-08-23 09:43:14.293298
77,10,2025-07-08,2028-06-10,5760.00,2696.00,571.00,7885.00,approved,2025-10-09 02:18:31.293298,2025-10-10 12:18:31.293298
78,157,2025-06-08,2027-10-17,3133.00,4204.00,228.00,7109.00,paid,2026-05-22 22:08:09.293298,2026-05-26 00:08:09.293298
79,5,2026-05-25,2029-05-02,6010.00,3981.00,138.00,9853.00,approved,2025-11-25 02:55:29.293298,2025-11-25 10:55:29.293298
80,95,2026-07-01,2028-05-27,2338.00,4455.00,155.00,6638.00,paid,2025-05-29 03:38:07.293298,2025-06-01 09:38:07.293298
81,428,2025-10-12,2029-07-09,3326.00,3419.00,141.00,6604.00,approved,2026-06-26 18:00:47.293298,2026-06-27 01:00:47.293298
82,290,2025-03-30,2028-11-26,4935.00,3110.00,181.00,7864.00,paid,2025-10-30 03:11:14.293298,2025-10-31 16:11:14.293298
83,453,2026-04-11,2027-12-01,6550.00,4124.00,624.00,10050.00,paid,2025-12-23 08:39:43.293298,2025-12-25 08:39:43.293298
84,21,2025-08-01,2028-12-07,6958.00,4580.00,861.00,10677.00,approved,2025-03-30 04:59:56.293298,2025-03-31 13:59:56.293298
85,235,2026-05-18,2027-09-19,5026.00,1264.00,20.00,6270.00,paid,2025-07-17 07:30:59.293298,2025-07-18 17:30:59.293298
86,194,2026-04-24,2028-05-27,4325.00,3249.00,645.00,6929.00,approved,2025-05-20 17:04:42.293298,2025-05-22 07:04:42.293298
87,407,2026-03-17,2027-09-08,2607.00,3305.00,52.00,5860.00,draft,2026-05-01 17:35:00.293298,2026-05-02 01:35:00.293298
88,486,2025-12-13,2029-03-04,3547.00,1515.00,222.00,4840.00,paid,2025-05-25 21:05:52.293298,2025-05-28 08:05:52.293298
89,320,2025-09-03,2029-04-29,5311.00,3531.00,731.00,8111.00,paid,2026-06-23 10:55:43.293298,2026-06-26 14:55:43.293298
90,474,2026-05-12,2028-08-03,6660.00,3035.00,511.00,9184.00,paid,2026-01-30 09:27:38.293298,2026-02-02 13:27:38.293298
91,374,2026-04-03,2029-06-26,2631.00,1164.00,991.00,2804.00,paid,2025-08-18 15:29:39.293298,2025-08-20 22:29:39.293298
92,196,2025-04-23,2027-11-12,2951.00,3018.00,514.00,5455.00,paid,2025-12-24 18:31:47.293298,2025-12-28 00:31:47.293298
93,395,2025-09-21,2028-10-13,6233.00,4408.00,681.00,9960.00,paid,2026-05-21 21:46:30.293298,2026-05-23 05:46:30.293298
94,335,2025-04-04,2029-01-17,5333.00,4200.00,964.00,8569.00,paid,2026-05-15 19:31:14.293298,2026-05-17 05:31:14.293298
95,155,2026-01-01,2028-11-14,3180.00,1587.00,504.00,4263.00,paid,2026-01-18 07:02:23.293298,2026-01-21 22:02:23.293298
96,116,2025-11-04,2028-11-05,5609.00,3237.00,177.00,8669.00,approved,2025-03-27 03:21:17.293298,2025-03-28 10:21:17.293298
97,394,2026-06-27,2029-04-14,4229.00,2092.00,692.00,5629.00,paid,2025-05-04 04:30:46.293298,2025-05-07 12:30:46.293298
98,84,2026-06-11,2028-04-21,4422.00,501.00,283.00,4640.00,paid,2026-01-22 01:26:30.293298,2026-01-25 07:26:30.293298
99,269,2026-02-23,2029-07-04,3321.00,3841.00,823.00,6339.00,approved,2026-05-25 13:50:32.293298,2026-05-26 10:50:32.293298
100,424,2025-06-18,2029-07-08,4749.00,2159.00,30.00,6878.00,approved,2025-12-19 07:45:03.293298,2025-12-19 18:45:03.293298
101,1,2026-04-17,2028-01-05,4848.00,4978.00,896.00,8930.00,paid,2026-02-14 06:41:31.293298,2026-02-17 21:41:31.293298
102,429,2025-10-10,2027-12-17,5956.00,4624.00,124.00,10456.00,draft,2026-02-27 17:36:20.293298,2026-02-28 07:36:20.293298
103,371,2026-03-12,2028-11-22,5476.00,2805.00,452.00,7829.00,approved,2025-04-30 06:33:50.293298,2025-04-30 20:33:50.293298
104,186,2025-07-03,2029-04-09,4667.00,903.00,603.00,4967.00,approved,2025-09-04 10:52:30.293298,2025-09-06 00:52:30.293298
105,373,2026-06-14,2027-09-13,4253.00,1195.00,245.00,5203.00,approved,2025-07-22 02:01:03.293298,2025-07-22 14:01:03.293298
106,111,2025-11-02,2028-01-28,3243.00,2968.00,710.00,5501.00,paid,2026-01-20 19:00:35.293298,2026-01-24 12:00:35.293298
107,407,2026-03-17,2027-09-08,6668.00,986.00,199.00,7455.00,draft,2026-04-15 10:24:45.293298,2026-04-16 01:24:45.293298
108,301,2025-06-17,2029-05-24,5802.00,839.00,271.00,6370.00,approved,2026-02-01 15:35:03.293298,2026-02-02 22:35:03.293298
109,355,2025-09-13,2027-11-06,5655.00,1916.00,767.00,6804.00,paid,2026-08-03 10:56:33.293298,2026-08-06 17:56:33.293298
110,364,2025-09-27,2029-04-13,2997.00,1231.00,199.00,4029.00,paid,2025-10-09 07:49:47.293298,2025-10-10 18:49:47.293298
111,476,2025-11-08,2029-05-25,3651.00,2517.00,203.00,5965.00,approved,2026-07-27 19:04:27.293298,2026-07-29 03:04:27.293298
112,400,2026-03-29,2028-01-11,5361.00,4497.00,484.00,9374.00,draft,2026-01-17 13:43:28.293298,2026-01-18 02:43:28.293298
113,133,2025-10-21,2027-12-18,2654.00,4406.00,390.00,6670.00,approved,2025-12-02 08:29:13.293298,2025-12-04 08:29:13.293298
114,280,2026-04-01,2028-05-06,4959.00,2336.00,864.00,6431.00,paid,2025-04-12 02:05:09.293298,2025-04-13 16:05:09.293298
115,74,2025-08-14,2029-05-11,4295.00,3637.00,590.00,7342.00,paid,2025-06-30 05:02:46.293298,2025-07-03 04:02:46.293298
116,177,2026-03-04,2027-12-29,6137.00,2193.00,383.00,7947.00,paid,2025-08-29 10:53:06.293298,2025-09-02 00:53:06.293298
117,179,2025-11-02,2028-12-27,6558.00,1029.00,99.00,7488.00,paid,2026-02-21 07:34:52.293298,2026-02-22 17:34:52.293298
118,12,2025-09-29,2027-10-28,3966.00,2445.00,917.00,5494.00,paid,2026-06-08 20:24:07.293298,2026-06-11 11:24:07.293298
119,132,2026-07-06,2028-09-11,4203.00,1225.00,675.00,4753.00,paid,2025-06-10 19:20:26.293298,2025-06-14 02:20:26.293298
120,74,2025-08-14,2029-05-11,6334.00,676.00,35.00,6975.00,paid,2025-08-01 23:53:51.293298,2025-08-03 01:53:51.293298
121,352,2026-01-16,2028-07-16,2677.00,1496.00,526.00,3647.00,draft,2026-07-24 00:56:27.293298,2026-07-24 04:56:27.293298
122,399,2025-07-26,2027-08-14,6864.00,3278.00,225.00,9917.00,paid,2026-07-24 02:57:00.293298,2026-07-25 13:57:00.293298
123,219,2026-06-24,2027-08-28,2738.00,574.00,899.00,2413.00,paid,2026-05-31 13:11:30.293298,2026-06-01 13:11:30.293298
124,480,2025-06-02,2028-02-09,4735.00,1258.00,459.00,5534.00,paid,2025-05-06 06:14:07.293298,2025-05-08 05:14:07.293298
125,476,2025-11-08,2029-05-25,6374.00,511.00,813.00,6072.00,paid,2025-12-09 02:56:32.293298,2025-12-12 02:56:32.293298
126,172,2025-11-09,2029-03-23,5491.00,2461.00,560.00,7392.00,paid,2026-03-31 05:39:34.293298,2026-04-04 02:39:34.293298
127,201,2025-06-24,2028-03-06,5094.00,3574.00,17.00,8651.00,approved,2025-06-11 22:53:33.293298,2025-06-12 23:53:33.293298
128,223,2026-07-20,2028-03-15,4169.00,4146.00,454.00,7861.00,approved,2025-10-05 09:37:04.293298,2025-10-05 11:37:04.293298
129,314,2026-03-29,2027-08-13,2086.00,1526.00,333.00,3279.00,paid,2025-08-08 19:25:22.293298,2025-08-12 07:25:22.293298
130,310,2025-10-05,2028-04-22,5015.00,1389.00,239.00,6165.00,paid,2025-05-16 16:12:17.293298,2025-05-20 07:12:17.293298
131,110,2025-08-01,2028-03-30,4626.00,4689.00,214.00,9101.00,paid,2025-07-18 02:52:57.293298,2025-07-22 01:52:57.293298
132,394,2026-06-27,2029-04-14,6882.00,1073.00,574.00,7381.00,paid,2025-12-21 17:57:52.293298,2025-12-25 10:57:52.293298
133,475,2026-01-14,2027-10-07,4824.00,3715.00,585.00,7954.00,draft,2025-06-21 23:19:28.293298,2025-06-22 00:19:28.293298
134,379,2025-07-06,2027-09-12,3011.00,1328.00,853.00,3486.00,paid,2026-04-02 15:58:35.293298,2026-04-06 10:58:35.293298
135,14,2025-07-28,2029-02-14,5342.00,2415.00,66.00,7691.00,approved,2026-05-07 15:35:19.293298,2026-05-09 06:35:19.293298
136,7,2026-06-14,2028-06-11,5118.00,595.00,420.00,5293.00,paid,2026-03-30 09:50:29.293298,2026-03-31 12:50:29.293298
137,91,2025-12-09,2027-10-23,5184.00,3091.00,156.00,8119.00,approved,2026-03-24 03:12:16.293298,2026-03-24 05:12:16.293298
138,294,2026-04-13,2029-02-22,2614.00,2639.00,773.00,4480.00,approved,2025-08-02 08:42:48.293298,2025-08-02 12:42:48.293298
139,358,2026-01-31,2027-11-29,2975.00,3711.00,204.00,6482.00,approved,2025-06-21 04:37:35.293298,2025-06-22 23:37:35.293298
140,123,2026-07-14,2028-08-22,6413.00,2431.00,208.00,8636.00,paid,2025-05-17 00:23:17.293298,2025-05-20 02:23:17.293298
141,301,2025-06-17,2029-05-24,6887.00,868.00,38.00,7717.00,paid,2026-01-03 15:02:19.293298,2026-01-06 00:02:19.293298
142,191,2025-12-15,2028-06-27,3868.00,3382.00,878.00,6372.00,paid,2026-03-11 10:08:58.293298,2026-03-14 18:08:58.293298
143,308,2025-05-19,2029-01-24,4971.00,4749.00,187.00,9533.00,paid,2025-05-02 20:29:38.293298,2025-05-05 10:29:38.293298
144,119,2026-04-14,2028-09-07,4289.00,720.00,315.00,4694.00,paid,2026-06-01 00:44:59.293298,2026-06-02 17:44:59.293298
145,495,2026-01-18,2029-07-13,3719.00,654.00,892.00,3481.00,paid,2026-04-28 18:05:14.293298,2026-05-01 22:05:14.293298
146,146,2026-07-14,2028-08-15,6922.00,4677.00,28.00,11571.00,approved,2025-10-14 00:33:44.293298,2025-10-16 00:33:44.293298
147,264,2025-07-05,2028-04-07,4234.00,4773.00,590.00,8417.00,paid,2025-12-23 09:21:57.293298,2025-12-25 04:21:57.293298
148,31,2025-09-09,2028-11-05,5947.00,2995.00,952.00,7990.00,approved,2026-02-03 08:24:34.293298,2026-02-05 02:24:34.293298
149,216,2025-07-25,2028-01-21,4857.00,2045.00,255.00,6647.00,draft,2025-07-11 03:08:44.293298,2025-07-11 20:08:44.293298
150,23,2025-07-16,2028-08-29,4641.00,1121.00,601.00,5161.00,approved,2025-11-26 22:55:37.293298,2025-11-28 02:55:37.293298
151,330,2025-12-10,2027-09-09,3888.00,2991.00,968.00,5911.00,paid,2026-01-09 06:19:40.293298,2026-01-12 20:19:40.293298
152,258,2025-04-16,2028-08-10,4510.00,3513.00,567.00,7456.00,paid,2025-10-23 21:53:03.293298,2025-10-24 22:53:03.293298
153,342,2026-01-18,2028-04-16,6734.00,4987.00,180.00,11541.00,approved,2026-05-26 12:49:31.293298,2026-05-28 10:49:31.293298
154,418,2025-09-16,2029-03-27,4344.00,1067.00,646.00,4765.00,paid,2026-08-02 14:53:36.293298,2026-08-04 21:53:36.293298
155,131,2026-07-06,2029-01-27,5696.00,1541.00,700.00,6537.00,paid,2025-11-13 15:20:26.293298,2025-11-16 11:20:26.293298
156,104,2025-09-16,2028-07-01,5074.00,721.00,594.00,5201.00,paid,2025-11-26 16:06:19.293298,2025-11-29 19:06:19.293298
157,207,2025-09-18,2029-03-02,5538.00,2253.00,25.00,7766.00,approved,2025-11-14 17:38:12.293298,2025-11-16 06:38:12.293298
158,191,2025-12-15,2028-06-27,5546.00,4633.00,189.00,9990.00,paid,2025-12-29 10:27:02.293298,2025-12-30 18:27:02.293298
159,98,2026-07-22,2028-07-05,5793.00,1036.00,931.00,5898.00,approved,2025-08-28 03:39:08.293298,2025-08-29 19:39:08.293298
160,64,2026-05-19,2029-06-09,5317.00,3513.00,495.00,8335.00,paid,2025-08-16 22:23:24.293298,2025-08-18 05:23:24.293298
161,495,2026-01-18,2029-07-13,4701.00,3612.00,368.00,7945.00,draft,2026-02-07 17:26:12.293298,2026-02-08 06:26:12.293298
162,285,2026-07-01,2028-05-18,2417.00,4385.00,239.00,6563.00,paid,2025-05-25 18:22:23.293298,2025-05-27 10:22:23.293298
163,454,2026-01-20,2029-06-29,2339.00,2107.00,857.00,3589.00,approved,2025-06-21 05:27:05.293298,2025-06-21 21:27:05.293298
164,500,2026-06-29,2028-07-04,6288.00,2140.00,253.00,8175.00,paid,2026-07-30 00:21:44.293298,2026-07-31 06:21:44.293298
165,379,2025-07-06,2027-09-12,6256.00,3728.00,941.00,9043.00,paid,2026-07-10 07:21:32.293298,2026-07-12 11:21:32.293298
166,165,2025-04-04,2027-11-05,5463.00,4231.00,29.00,9665.00,paid,2025-05-25 22:25:05.293298,2025-05-29 11:25:05.293298
167,87,2025-07-08,2028-08-19,6580.00,1490.00,151.00,7919.00,paid,2025-06-03 23:55:38.293298,2025-06-06 20:55:38.293298
168,91,2025-12-09,2027-10-23,4604.00,582.00,214.00,4972.00,paid,2025-04-07 13:47:25.293298,2025-04-11 05:47:25.293298
169,106,2026-02-19,2027-08-29,2988.00,3647.00,550.00,6085.00,draft,2025-10-16 18:05:54.293298,2025-10-17 01:05:54.293298
170,201,2025-06-24,2028-03-06,4010.00,1707.00,667.00,5050.00,approved,2026-01-28 19:35:35.293298,2026-01-29 00:35:35.293298
171,309,2025-08-17,2027-10-08,4975.00,2916.00,686.00,7205.00,paid,2026-03-31 16:11:47.293298,2026-04-04 09:11:47.293298
172,206,2025-07-17,2029-06-01,4864.00,666.00,213.00,5317.00,paid,2025-09-07 13:41:55.293298,2025-09-10 19:41:55.293298
173,223,2026-07-20,2028-03-15,5364.00,1589.00,311.00,6642.00,approved,2026-02-26 17:45:02.293298,2026-02-28 00:45:02.293298
174,78,2025-07-12,2028-01-02,4626.00,1671.00,268.00,6029.00,draft,2025-04-03 12:14:39.293298,2025-04-03 21:14:39.293298
175,239,2025-05-12,2028-07-19,6770.00,1729.00,324.00,8175.00,paid,2026-04-21 00:53:24.293298,2026-04-22 12:53:24.293298
176,384,2026-03-21,2029-02-04,4654.00,819.00,956.00,4517.00,approved,2026-04-08 01:04:12.293298,2026-04-09 19:04:12.293298
177,223,2026-07-20,2028-03-15,3494.00,4122.00,467.00,7149.00,paid,2026-03-25 04:26:54.293298,2026-03-27 05:26:54.293298
178,373,2026-06-14,2027-09-13,2828.00,2532.00,380.00,4980.00,draft,2025-10-20 18:15:22.293298,2025-10-20 19:15:22.293298
179,421,2026-02-25,2029-06-07,2876.00,3403.00,865.00,5414.00,paid,2025-03-25 12:47:43.293298,2025-03-28 16:47:43.293298
180,65,2026-04-06,2028-12-14,5014.00,3794.00,612.00,8196.00,paid,2026-07-03 12:01:24.293298,2026-07-05 19:01:24.293298
181,120,2025-04-10,2029-01-09,4381.00,3529.00,194.00,7716.00,approved,2025-09-12 04:26:43.293298,2025-09-13 22:26:43.293298
182,61,2025-10-16,2028-10-23,3024.00,852.00,247.00,3629.00,paid,2025-05-08 20:41:07.293298,2025-05-11 02:41:07.293298
183,72,2025-05-28,2027-09-02,2007.00,1767.00,7.00,3767.00,paid,2026-07-29 20:24:01.293298,2026-07-31 02:24:01.293298
184,76,2026-04-20,2028-03-10,6579.00,1416.00,828.00,7167.00,paid,2025-05-13 04:57:37.293298,2025-05-14 05:57:37.293298
185,83,2025-04-19,2028-09-26,5469.00,4532.00,549.00,9452.00,approved,2025-05-11 21:15:58.293298,2025-05-12 00:15:58.293298
186,201,2025-06-24,2028-03-06,3805.00,2246.00,190.00,5861.00,paid,2025-08-12 18:14:35.293298,2025-08-13 20:14:35.293298
187,128,2026-01-26,2028-10-24,4815.00,2172.00,990.00,5997.00,paid,2025-11-20 23:16:32.293298,2025-11-24 01:16:32.293298
188,141,2025-10-02,2029-07-08,3052.00,4311.00,364.00,6999.00,approved,2025-09-09 21:41:07.293298,2025-09-11 20:41:07.293298
189,220,2025-09-13,2028-05-16,6752.00,3660.00,358.00,10054.00,paid,2026-03-18 21:52:56.293298,2026-03-21 13:52:56.293298
190,118,2026-03-29,2029-04-25,4769.00,4231.00,377.00,8623.00,paid,2025-11-20 11:48:17.293298,2025-11-22 12:48:17.293298
191,205,2026-07-03,2027-11-25,4321.00,807.00,32.00,5096.00,draft,2025-10-25 11:31:00.293298,2025-10-26 04:31:00.293298
192,409,2025-09-14,2029-05-19,2428.00,4507.00,754.00,6181.00,paid,2026-06-11 20:42:11.293298,2026-06-15 01:42:11.293298
193,86,2025-11-29,2028-04-23,4389.00,4817.00,63.00,9143.00,paid,2026-05-18 00:49:20.293298,2026-05-20 16:49:20.293298
194,139,2026-03-30,2027-08-21,2989.00,1244.00,431.00,3802.00,paid,2026-04-06 03:44:55.293298,2026-04-09 09:44:55.293298
195,479,2026-07-03,2027-11-03,2964.00,2898.00,233.00,5629.00,approved,2025-05-20 02:14:45.293298,2025-05-21 02:14:45.293298
196,404,2026-04-04,2029-04-18,3003.00,976.00,818.00,3161.00,approved,2025-06-26 11:44:37.293298,2025-06-26 19:44:37.293298
197,184,2025-04-19,2027-11-05,6895.00,2573.00,599.00,8869.00,paid,2026-02-09 16:55:01.293298,2026-02-12 12:55:01.293298
198,262,2026-07-31,2027-10-19,5368.00,2970.00,44.00,8294.00,paid,2025-11-03 22:45:11.293298,2025-11-07 15:45:11.293298
199,311,2026-06-07,2027-12-19,2464.00,1839.00,45.00,4258.00,approved,2025-12-10 05:41:03.293298,2025-12-11 14:41:03.293298
200,2,2025-08-19,2028-06-12,6661.00,624.00,174.00,7111.00,paid,2025-04-17 03:08:53.293298,2025-04-18 05:08:53.293298
201,246,2025-05-13,2027-11-07,3231.00,728.00,392.00,3567.00,approved,2026-03-21 15:24:46.293298,2026-03-22 21:24:46.293298
202,445,2026-01-02,2027-09-03,5361.00,761.00,205.00,5917.00,paid,2025-11-08 00:25:00.293298,2025-11-11 06:25:00.293298
203,338,2025-06-18,2028-09-16,5569.00,4045.00,774.00,8840.00,approved,2026-02-17 11:25:11.293298,2026-02-17 17:25:11.293298
204,394,2026-06-27,2029-04-14,6005.00,3000.00,841.00,8164.00,paid,2025-06-03 15:08:34.293298,2025-06-04 18:08:34.293298
205,290,2025-03-30,2028-11-26,3772.00,592.00,678.00,3686.00,approved,2026-07-18 02:34:16.293298,2026-07-18 20:34:16.293298
206,163,2025-05-28,2028-01-28,4797.00,2118.00,918.00,5997.00,draft,2026-07-05 06:54:32.293298,2026-07-05 21:54:32.293298
207,276,2025-09-16,2028-09-14,5686.00,1580.00,490.00,6776.00,paid,2025-08-05 15:07:23.293298,2025-08-06 21:07:23.293298
208,304,2026-03-09,2029-08-03,4015.00,1496.00,280.00,5231.00,paid,2026-01-08 09:58:53.293298,2026-01-11 21:58:53.293298
209,66,2026-02-11,2027-12-11,6050.00,3643.00,174.00,9519.00,paid,2026-07-21 07:50:08.293298,2026-07-23 08:50:08.293298
210,258,2025-04-16,2028-08-10,5100.00,3698.00,926.00,7872.00,paid,2025-09-05 14:31:45.293298,2025-09-07 18:31:45.293298
211,22,2026-02-27,2029-06-07,2327.00,3299.00,256.00,5370.00,paid,2026-03-31 01:36:52.293298,2026-04-01 15:36:52.293298
212,57,2026-05-31,2029-02-04,3391.00,1451.00,690.00,4152.00,paid,2025-12-29 23:50:26.293298,2025-12-30 23:50:26.293298
213,119,2026-04-14,2028-09-07,4297.00,1160.00,148.00,5309.00,approved,2026-04-01 14:02:53.293298,2026-04-03 11:02:53.293298
214,273,2026-01-03,2028-09-15,5708.00,645.00,13.00,6340.00,approved,2026-04-15 22:39:14.293298,2026-04-17 19:39:14.293298
215,330,2025-12-10,2027-09-09,4836.00,4916.00,459.00,9293.00,paid,2026-02-09 18:21:06.293298,2026-02-10 18:21:06.293298
216,388,2025-10-25,2029-01-03,5903.00,1516.00,920.00,6499.00,paid,2025-09-27 10:48:42.293298,2025-09-28 21:48:42.293298
217,363,2025-06-29,2027-12-18,5702.00,4645.00,694.00,9653.00,approved,2025-11-16 00:41:11.293298,2025-11-16 19:41:11.293298
218,218,2026-01-03,2029-05-08,5948.00,606.00,366.00,6188.00,paid,2026-02-28 21:07:48.293298,2026-03-04 04:07:48.293298
219,146,2026-07-14,2028-08-15,5463.00,1195.00,370.00,6288.00,approved,2026-04-20 09:07:25.293298,2026-04-21 22:07:25.293298
220,300,2026-07-13,2027-10-23,5543.00,3629.00,299.00,8873.00,paid,2025-05-24 05:20:15.293298,2025-05-27 04:20:15.293298
221,91,2025-12-09,2027-10-23,6231.00,1769.00,813.00,7187.00,paid,2026-06-26 10:06:25.293298,2026-06-29 00:06:25.293298
222,331,2025-07-04,2029-02-20,3521.00,3568.00,525.00,6564.00,approved,2025-06-08 20:28:31.293298,2025-06-10 18:28:31.293298
223,491,2025-10-07,2029-03-21,3791.00,1507.00,790.00,4508.00,paid,2025-05-26 02:55:56.293298,2025-05-27 19:55:56.293298
224,472,2025-10-29,2028-11-23,6018.00,4096.00,271.00,9843.00,paid,2026-08-01 23:43:59.293298,2026-08-04 17:43:59.293298
225,262,2026-07-31,2027-10-19,6576.00,1211.00,564.00,7223.00,paid,2025-08-24 06:58:12.293298,2025-08-27 23:58:12.293298
226,244,2025-11-26,2027-08-14,5535.00,2609.00,858.00,7286.00,draft,2026-01-24 12:12:01.293298,2026-01-25 00:12:01.293298
227,36,2026-05-02,2029-04-10,5188.00,4563.00,592.00,9159.00,paid,2025-05-28 23:47:51.293298,2025-05-30 14:47:51.293298
228,434,2025-12-15,2028-01-28,3092.00,773.00,493.00,3372.00,approved,2026-03-30 05:02:17.293298,2026-03-31 11:02:17.293298
229,297,2026-03-23,2028-06-04,6626.00,3612.00,253.00,9985.00,paid,2025-08-13 05:55:28.293298,2025-08-14 11:55:28.293298
230,162,2026-07-25,2028-08-20,5539.00,1239.00,53.00,6725.00,draft,2025-10-07 17:49:46.293298,2025-10-08 13:49:46.293298
231,53,2025-04-14,2028-05-10,5098.00,2999.00,276.00,7821.00,paid,2025-11-11 15:19:10.293298,2025-11-13 04:19:10.293298
232,468,2026-02-14,2028-02-16,5731.00,4676.00,562.00,9845.00,approved,2025-10-20 23:22:17.293298,2025-10-21 19:22:17.293298
233,292,2025-07-13,2029-01-03,6705.00,633.00,265.00,7073.00,paid,2025-04-21 11:36:41.293298,2025-04-24 17:36:41.293298
234,80,2026-04-22,2027-12-16,6027.00,4608.00,930.00,9705.00,paid,2026-01-25 16:05:12.293298,2026-01-29 07:05:12.293298
235,102,2026-07-29,2029-01-05,5379.00,787.00,650.00,5516.00,approved,2026-02-11 00:26:23.293298,2026-02-11 02:26:23.293298
236,294,2026-04-13,2029-02-22,2625.00,3650.00,347.00,5928.00,approved,2025-05-21 21:20:31.293298,2025-05-23 11:20:31.293298
237,443,2026-07-30,2029-01-21,5674.00,1964.00,319.00,7319.00,paid,2025-05-20 02:15:48.293298,2025-05-22 10:15:48.293298
238,127,2025-07-29,2029-07-08,4867.00,3792.00,248.00,8411.00,approved,2025-07-21 06:33:13.293298,2025-07-23 02:33:13.293298
239,393,2026-03-13,2028-08-28,6751.00,867.00,478.00,7140.00,approved,2026-04-24 19:11:41.293298,2026-04-25 23:11:41.293298
240,484,2025-06-14,2029-06-22,4273.00,4820.00,717.00,8376.00,paid,2025-08-31 07:25:05.293298,2025-09-02 15:25:05.293298
241,238,2026-07-16,2029-01-16,4244.00,2115.00,178.00,6181.00,approved,2026-06-17 12:03:27.293298,2026-06-18 19:03:27.293298
242,494,2025-12-11,2029-03-06,6807.00,4917.00,549.00,11175.00,paid,2026-02-09 23:18:12.293298,2026-02-13 02:18:12.293298
243,91,2025-12-09,2027-10-23,3998.00,736.00,491.00,4243.00,approved,2025-08-11 06:44:54.293298,2025-08-11 20:44:54.293298
244,401,2025-07-11,2028-05-17,2783.00,3563.00,699.00,5647.00,paid,2025-07-24 08:27:36.293298,2025-07-25 21:27:36.293298
245,41,2026-02-05,2027-09-23,5467.00,4214.00,603.00,9078.00,paid,2026-03-16 04:10:58.293298,2026-03-18 15:10:58.293298
246,185,2026-06-25,2027-12-06,2679.00,4126.00,269.00,6536.00,paid,2026-04-02 18:17:16.293298,2026-04-05 18:17:16.293298
247,379,2025-07-06,2027-09-12,3120.00,2033.00,583.00,4570.00,approved,2025-09-13 04:41:59.293298,2025-09-14 05:41:59.293298
248,154,2025-07-26,2028-04-12,2397.00,1919.00,977.00,3339.00,paid,2025-07-25 16:22:42.293298,2025-07-27 06:22:42.293298
249,334,2026-01-06,2029-06-02,4871.00,2485.00,136.00,7220.00,paid,2026-06-09 23:52:57.293298,2026-06-13 18:52:57.293298
250,210,2026-03-03,2028-08-02,5826.00,1893.00,401.00,7318.00,paid,2026-04-02 11:38:11.293298,2026-04-04 04:38:11.293298
251,243,2025-08-11,2028-01-04,2770.00,4610.00,737.00,6643.00,paid,2025-05-08 18:26:29.293298,2025-05-10 16:26:29.293298
252,112,2026-05-03,2029-03-28,4938.00,4127.00,796.00,8269.00,paid,2025-06-14 13:41:26.293298,2025-06-17 02:41:26.293298
253,144,2025-08-07,2027-10-02,4121.00,3680.00,361.00,7440.00,paid,2025-05-19 00:27:27.293298,2025-05-20 09:27:27.293298
254,332,2025-10-13,2029-01-02,3101.00,3974.00,167.00,6908.00,paid,2026-07-18 16:46:44.293298,2026-07-21 11:46:44.293298
255,409,2025-09-14,2029-05-19,6247.00,2990.00,728.00,8509.00,paid,2025-08-27 05:26:55.293298,2025-08-29 11:26:55.293298
256,255,2025-08-20,2029-06-11,5493.00,1744.00,586.00,6651.00,paid,2026-07-11 10:24:12.293298,2026-07-13 15:24:12.293298
257,455,2026-04-20,2028-06-01,3951.00,2168.00,39.00,6080.00,paid,2025-03-25 06:19:15.293298,2025-03-26 23:19:15.293298
258,460,2025-03-25,2029-04-14,3938.00,2711.00,727.00,5922.00,paid,2025-11-12 23:26:23.293298,2025-11-15 10:26:23.293298
259,39,2025-12-25,2029-02-05,2916.00,3649.00,702.00,5863.00,paid,2025-03-31 10:17:25.293298,2025-04-02 18:17:25.293298
260,443,2026-07-30,2029-01-21,2027.00,2681.00,997.00,3711.00,paid,2026-07-01 17:29:03.293298,2026-07-04 16:29:03.293298
261,353,2025-07-29,2028-03-09,4974.00,3704.00,379.00,8299.00,paid,2025-11-25 04:30:10.293298,2025-11-27 20:30:10.293298
262,263,2025-04-29,2027-12-26,2609.00,4860.00,790.00,6679.00,draft,2026-07-31 21:25:43.293298,2026-08-01 15:25:43.293298
263,454,2026-01-20,2029-06-29,3603.00,2254.00,552.00,5305.00,paid,2025-09-02 10:45:05.293298,2025-09-04 16:45:05.293298
264,343,2026-07-24,2029-01-28,5257.00,1428.00,674.00,6011.00,paid,2026-07-16 19:50:05.293298,2026-07-17 20:50:05.293298
265,236,2026-03-03,2028-03-16,3163.00,4131.00,544.00,6750.00,approved,2025-08-29 13:34:30.293298,2025-08-30 11:34:30.293298
266,93,2026-03-04,2028-07-09,3717.00,2394.00,2.00,6109.00,paid,2025-10-19 15:34:20.293298,2025-10-20 19:34:20.293298
267,309,2025-08-17,2027-10-08,6597.00,3462.00,674.00,9385.00,approved,2026-07-26 01:19:28.293298,2026-07-26 02:19:28.293298
268,81,2025-08-07,2027-11-03,5656.00,3423.00,394.00,8685.00,approved,2026-03-19 22:29:21.293298,2026-03-20 21:29:21.293298
269,68,2025-11-07,2029-03-13,5016.00,2384.00,508.00,6892.00,paid,2026-02-01 10:54:46.293298,2026-02-05 00:54:46.293298
270,38,2025-06-06,2029-05-03,2245.00,4543.00,528.00,6260.00,approved,2025-05-30 12:09:40.293298,2025-06-01 07:09:40.293298
271,317,2026-01-20,2029-05-06,2715.00,3293.00,688.00,5320.00,approved,2025-10-21 21:41:09.293298,2025-10-23 00:41:09.293298
272,222,2025-05-23,2028-12-31,3847.00,3065.00,76.00,6836.00,paid,2026-02-04 07:24:56.293298,2026-02-08 01:24:56.293298
273,446,2026-06-26,2028-04-28,3240.00,2503.00,326.00,5417.00,approved,2025-08-23 22:10:43.293298,2025-08-25 18:10:43.293298
274,51,2025-09-02,2028-10-06,5867.00,2213.00,133.00,7947.00,paid,2026-04-03 04:51:44.293298,2026-04-04 23:51:44.293298
275,158,2026-03-22,2028-12-07,3657.00,1834.00,625.00,4866.00,paid,2025-08-13 07:28:17.293298,2025-08-15 17:28:17.293298
276,488,2025-10-12,2028-06-03,5145.00,1390.00,16.00,6519.00,approved,2025-05-24 19:46:10.293298,2025-05-26 06:46:10.293298
277,215,2026-05-10,2028-10-09,6729.00,1421.00,27.00,8123.00,paid,2025-07-09 19:46:46.293298,2025-07-11 06:46:46.293298
278,423,2025-07-22,2029-07-10,5002.00,2563.00,451.00,7114.00,paid,2025-10-21 01:11:42.293298,2025-10-23 15:11:42.293298
279,88,2025-03-25,2027-11-30,2292.00,2731.00,355.00,4668.00,approved,2025-09-10 20:04:18.293298,2025-09-12 15:04:18.293298
280,327,2025-03-30,2029-05-03,6109.00,4368.00,220.00,10257.00,paid,2025-10-08 00:12:17.293298,2025-10-09 13:12:17.293298
281,462,2026-06-02,2028-04-10,3479.00,660.00,488.00,3651.00,approved,2026-04-21 05:09:58.293298,2026-04-23 04:09:58.293298
282,285,2026-07-01,2028-05-18,3857.00,3670.00,110.00,7417.00,paid,2026-03-18 13:28:03.293298,2026-03-21 07:28:03.293298
283,481,2025-08-19,2028-12-02,2075.00,3223.00,932.00,4366.00,paid,2026-03-10 08:20:50.293298,2026-03-14 02:20:50.293298
284,399,2025-07-26,2027-08-14,5084.00,1025.00,160.00,5949.00,paid,2026-05-18 18:32:57.293298,2026-05-19 18:32:57.293298
285,277,2026-04-21,2029-08-02,2068.00,2666.00,65.00,4669.00,paid,2026-06-01 08:59:01.293298,2026-06-04 21:59:01.293298
286,401,2025-07-11,2028-05-17,2569.00,4715.00,684.00,6600.00,paid,2026-04-27 20:56:25.293298,2026-04-29 19:56:25.293298
287,372,2025-04-12,2029-01-29,5380.00,2811.00,766.00,7425.00,approved,2025-04-14 19:11:17.293298,2025-04-15 17:11:17.293298
288,472,2025-10-29,2028-11-23,5088.00,3113.00,142.00,8059.00,paid,2025-10-01 19:27:02.293298,2025-10-05 09:27:02.293298
289,178,2026-05-29,2028-07-12,6308.00,2318.00,181.00,8445.00,approved,2025-12-26 20:44:22.293298,2025-12-28 13:44:22.293298
290,308,2025-05-19,2029-01-24,3986.00,1999.00,523.00,5462.00,paid,2026-05-02 11:44:07.293298,2026-05-06 01:44:07.293298
291,395,2025-09-21,2028-10-13,2258.00,3680.00,0.00,5938.00,paid,2026-07-02 16:30:37.293298,2026-07-05 17:30:37.293298
292,21,2025-08-01,2028-12-07,3414.00,1983.00,626.00,4771.00,draft,2025-08-09 21:58:21.293298,2025-08-10 07:58:21.293298
293,67,2025-04-14,2028-05-28,6290.00,546.00,469.00,6367.00,draft,2025-08-11 11:09:21.293298,2025-08-11 14:09:21.293298
294,215,2026-05-10,2028-10-09,2266.00,2914.00,610.00,4570.00,paid,2026-01-21 02:41:51.293298,2026-01-24 02:41:51.293298
295,345,2026-01-10,2028-09-17,5786.00,2553.00,585.00,7754.00,paid,2025-06-26 01:31:30.293298,2025-06-27 18:31:30.293298
296,21,2025-08-01,2028-12-07,4329.00,3802.00,586.00,7545.00,draft,2026-05-26 10:40:21.293298,2026-05-26 21:40:21.293298
297,255,2025-08-20,2029-06-11,3396.00,4824.00,159.00,8061.00,approved,2025-04-30 04:47:03.293298,2025-05-01 21:47:03.293298
298,489,2025-11-16,2029-07-30,5175.00,3431.00,294.00,8312.00,paid,2026-04-22 06:41:34.293298,2026-04-25 07:41:34.293298
299,470,2025-12-12,2028-07-29,3863.00,3608.00,947.00,6524.00,paid,2025-09-28 07:04:31.293298,2025-09-29 22:04:31.293298
300,36,2026-05-02,2029-04-10,6058.00,3980.00,368.00,9670.00,paid,2025-07-26 00:22:35.293298,2025-07-29 12:22:35.293298
301,326,2026-06-04,2027-09-22,2294.00,1922.00,39.00,4177.00,paid,2025-10-29 06:19:52.293298,2025-11-01 10:19:52.293298
302,253,2025-05-13,2029-05-11,2933.00,4972.00,255.00,7650.00,paid,2025-08-06 21:55:32.293298,2025-08-08 16:55:32.293298
303,325,2026-05-01,2028-07-21,3334.00,4146.00,998.00,6482.00,draft,2026-03-10 07:43:09.293298,2026-03-10 17:43:09.293298
304,74,2025-08-14,2029-05-11,5347.00,4974.00,982.00,9339.00,paid,2026-03-01 12:47:44.293298,2026-03-03 00:47:44.293298
305,390,2025-07-15,2029-05-07,2828.00,2232.00,782.00,4278.00,draft,2025-03-30 13:19:21.293298,2025-03-31 05:19:21.293298
306,3,2025-08-09,2027-12-20,6839.00,2496.00,621.00,8714.00,paid,2026-05-07 06:41:42.293298,2026-05-10 02:41:42.293298
307,44,2026-04-26,2027-10-04,4323.00,3813.00,510.00,7626.00,paid,2026-01-08 02:59:59.293298,2026-01-09 09:59:59.293298
308,384,2026-03-21,2029-02-04,3011.00,2817.00,607.00,5221.00,paid,2025-12-24 23:41:14.293298,2025-12-26 18:41:14.293298
309,335,2025-04-04,2029-01-17,4918.00,2193.00,896.00,6215.00,paid,2026-02-21 01:42:56.293298,2026-02-24 03:42:56.293298
310,108,2026-01-04,2028-10-12,3682.00,4236.00,845.00,7073.00,approved,2025-03-23 19:32:18.293298,2025-03-25 04:32:18.293298
311,403,2025-08-04,2029-07-07,4580.00,4938.00,481.00,9037.00,paid,2026-05-19 11:02:55.293298,2026-05-23 02:02:55.293298
312,294,2026-04-13,2029-02-22,6293.00,2013.00,203.00,8103.00,paid,2026-05-10 05:16:28.293298,2026-05-11 14:16:28.293298
313,256,2025-06-15,2029-07-10,3218.00,4136.00,976.00,6378.00,paid,2025-10-31 14:25:10.293298,2025-11-03 13:25:10.293298
314,250,2025-07-22,2028-11-26,3286.00,616.00,935.00,2967.00,paid,2025-06-27 04:37:52.293298,2025-06-29 15:37:52.293298
315,12,2025-09-29,2027-10-28,6504.00,1806.00,104.00,8206.00,paid,2026-07-17 09:06:08.293298,2026-07-20 10:06:08.293298
316,392,2025-10-01,2028-08-17,3426.00,2179.00,954.00,4651.00,paid,2025-10-13 10:14:26.293298,2025-10-15 08:14:26.293298
317,127,2025-07-29,2029-07-08,6448.00,761.00,460.00,6749.00,paid,2025-06-15 00:46:16.293298,2025-06-18 09:46:16.293298
318,43,2026-06-18,2028-09-20,4136.00,4385.00,618.00,7903.00,paid,2025-04-29 05:07:50.293298,2025-05-01 22:07:50.293298
319,258,2025-04-16,2028-08-10,2028.00,3975.00,887.00,5116.00,paid,2026-01-31 16:30:53.293298,2026-02-03 13:30:53.293298
320,36,2026-05-02,2029-04-10,2615.00,1360.00,738.00,3237.00,paid,2026-05-28 13:52:47.293298,2026-05-30 23:52:47.293298
321,175,2025-11-26,2028-02-15,6208.00,4429.00,287.00,10350.00,approved,2025-06-15 07:46:54.293298,2025-06-15 17:46:54.293298
322,307,2025-05-22,2029-05-11,3217.00,2240.00,734.00,4723.00,approved,2025-03-30 19:19:02.293298,2025-04-01 05:19:02.293298
323,494,2025-12-11,2029-03-06,2717.00,1724.00,795.00,3646.00,paid,2026-02-11 02:19:06.293298,2026-02-12 16:19:06.293298
324,62,2025-05-05,2027-10-02,4395.00,2352.00,905.00,5842.00,approved,2025-09-03 23:41:05.293298,2025-09-04 20:41:05.293298
325,469,2026-01-31,2029-07-31,5738.00,3479.00,854.00,8363.00,draft,2026-02-11 06:58:22.293298,2026-02-11 16:58:22.293298
326,442,2026-01-24,2029-03-12,2319.00,2101.00,901.00,3519.00,approved,2025-09-25 04:26:58.293298,2025-09-25 19:26:58.293298
327,70,2026-08-04,2027-09-16,2023.00,1787.00,454.00,3356.00,approved,2026-01-30 00:55:31.293298,2026-01-30 12:55:31.293298
328,316,2026-02-14,2029-03-02,6944.00,4969.00,202.00,11711.00,approved,2025-09-18 05:16:47.293298,2025-09-18 08:16:47.293298
329,336,2026-02-10,2029-03-20,2798.00,2702.00,351.00,5149.00,approved,2025-05-06 14:40:37.293298,2025-05-07 05:40:37.293298
330,9,2025-11-25,2029-06-06,6991.00,2121.00,303.00,8809.00,paid,2025-10-16 19:35:55.293298,2025-10-19 07:35:55.293298
331,493,2025-06-21,2029-03-26,3288.00,661.00,239.00,3710.00,approved,2025-08-18 03:57:33.293298,2025-08-20 02:57:33.293298
332,96,2025-12-02,2028-10-13,3801.00,3092.00,704.00,6189.00,paid,2025-07-08 22:57:59.293298,2025-07-11 06:57:59.293298
333,289,2025-07-22,2028-02-11,3392.00,3266.00,609.00,6049.00,paid,2026-04-21 02:27:48.293298,2026-04-22 07:27:48.293298
334,318,2025-09-15,2028-07-04,5109.00,4701.00,370.00,9440.00,paid,2026-05-29 23:54:11.293298,2026-05-30 23:54:11.293298
335,434,2025-12-15,2028-01-28,4189.00,4700.00,404.00,8485.00,draft,2025-06-20 16:09:46.293298,2025-06-21 14:09:46.293298
336,380,2025-05-27,2029-04-12,5293.00,1104.00,658.00,5739.00,paid,2025-03-30 07:26:24.293298,2025-04-01 07:26:24.293298
337,452,2026-02-03,2029-01-21,3679.00,1581.00,872.00,4388.00,approved,2026-02-10 02:40:00.293298,2026-02-11 20:40:00.293298
338,168,2025-10-07,2027-09-18,2845.00,4702.00,63.00,7484.00,paid,2025-08-04 17:59:24.293298,2025-08-07 00:59:24.293298
339,33,2025-04-22,2029-06-28,3164.00,1400.00,20.00,4544.00,paid,2025-06-29 19:48:44.293298,2025-07-03 10:48:44.293298
340,175,2025-11-26,2028-02-15,5830.00,3801.00,654.00,8977.00,draft,2025-04-04 14:58:10.293298,2025-04-04 19:58:10.293298
341,93,2026-03-04,2028-07-09,5005.00,1680.00,828.00,5857.00,paid,2026-04-15 19:18:48.293298,2026-04-19 17:18:48.293298
342,486,2025-12-13,2029-03-04,2691.00,2095.00,246.00,4540.00,draft,2026-02-08 08:20:47.293298,2026-02-08 23:20:47.293298
343,313,2026-05-14,2029-07-24,3138.00,4345.00,725.00,6758.00,paid,2026-01-06 21:11:13.293298,2026-01-08 10:11:13.293298
344,418,2025-09-16,2029-03-27,5115.00,4732.00,627.00,9220.00,paid,2025-11-23 05:00:20.293298,2025-11-26 04:00:20.293298
345,382,2025-12-14,2027-10-28,4311.00,1252.00,865.00,4698.00,paid,2025-08-02 10:43:41.293298,2025-08-03 14:43:41.293298
346,337,2025-09-29,2029-07-12,3186.00,3502.00,930.00,5758.00,paid,2026-02-20 14:12:26.293298,2026-02-22 09:12:26.293298
347,65,2026-04-06,2028-12-14,5381.00,580.00,70.00,5891.00,paid,2025-07-23 00:03:27.293298,2025-07-24 02:03:27.293298
348,443,2026-07-30,2029-01-21,2856.00,2446.00,578.00,4724.00,approved,2025-10-20 09:15:58.293298,2025-10-21 14:15:58.293298
349,141,2025-10-02,2029-07-08,5498.00,1476.00,74.00,6900.00,paid,2025-08-30 18:19:05.293298,2025-09-02 03:19:05.293298
350,326,2026-06-04,2027-09-22,5137.00,1449.00,807.00,5779.00,approved,2026-07-08 01:23:08.293298,2026-07-09 20:23:08.293298
351,96,2025-12-02,2028-10-13,2528.00,2332.00,39.00,4821.00,paid,2026-08-01 01:19:03.293298,2026-08-04 07:19:03.293298
352,394,2026-06-27,2029-04-14,5799.00,3799.00,935.00,8663.00,approved,2025-07-14 06:45:29.293298,2025-07-15 14:45:29.293298
353,302,2026-05-04,2027-10-07,3447.00,4482.00,541.00,7388.00,approved,2026-07-28 15:19:23.293298,2026-07-30 15:19:23.293298
354,154,2025-07-26,2028-04-12,5094.00,1991.00,433.00,6652.00,approved,2026-05-07 23:59:05.293298,2026-05-08 05:59:05.293298
355,439,2026-01-16,2028-10-09,6586.00,4914.00,598.00,10902.00,paid,2026-03-04 03:10:12.293298,2026-03-06 03:10:12.293298
356,158,2026-03-22,2028-12-07,3887.00,3659.00,193.00,7353.00,paid,2026-07-28 12:15:32.293298,2026-07-31 00:15:32.293298
357,2,2025-08-19,2028-06-12,5114.00,520.00,615.00,5019.00,paid,2025-12-21 18:39:38.293298,2025-12-23 19:39:38.293298
358,74,2025-08-14,2029-05-11,6868.00,3528.00,406.00,9990.00,paid,2026-07-10 03:39:36.293298,2026-07-12 18:39:36.293298
359,222,2025-05-23,2028-12-31,2429.00,3630.00,782.00,5277.00,paid,2025-09-03 07:08:37.293298,2025-09-06 06:08:37.293298
360,96,2025-12-02,2028-10-13,2861.00,560.00,894.00,2527.00,draft,2026-03-14 05:17:30.293298,2026-03-14 16:17:30.293298
361,253,2025-05-13,2029-05-11,5652.00,4301.00,196.00,9757.00,paid,2025-10-15 13:20:07.293298,2025-10-19 10:20:07.293298
362,298,2025-09-29,2027-09-28,5815.00,4925.00,38.00,10702.00,approved,2026-05-31 18:40:00.293298,2026-05-31 20:40:00.293298
363,484,2025-06-14,2029-06-22,3188.00,1737.00,707.00,4218.00,paid,2025-06-29 15:54:54.293298,2025-07-01 15:54:54.293298
364,132,2026-07-06,2028-09-11,4870.00,2036.00,942.00,5964.00,approved,2026-01-26 06:30:55.293298,2026-01-27 12:30:55.293298
365,93,2026-03-04,2028-07-09,5581.00,4038.00,513.00,9106.00,paid,2025-07-15 18:00:15.293298,2025-07-18 13:00:15.293298
366,50,2025-11-07,2029-06-19,4068.00,3269.00,591.00,6746.00,paid,2025-10-06 10:02:51.293298,2025-10-08 14:02:51.293298
367,145,2026-04-11,2028-02-20,2253.00,2074.00,226.00,4101.00,paid,2026-05-09 12:01:14.293298,2026-05-10 19:01:14.293298
368,435,2025-06-20,2027-10-09,4837.00,734.00,978.00,4593.00,paid,2025-11-12 21:28:31.293298,2025-11-16 02:28:31.293298
369,197,2025-04-02,2029-04-08,2329.00,3892.00,978.00,5243.00,approved,2025-11-07 16:42:18.293298,2025-11-08 08:42:18.293298
370,467,2025-06-28,2029-05-23,2955.00,4277.00,877.00,6355.00,paid,2025-05-05 05:53:57.293298,2025-05-07 12:53:57.293298
371,321,2025-04-09,2029-03-23,4585.00,820.00,477.00,4928.00,approved,2025-10-25 03:39:24.293298,2025-10-25 13:39:24.293298
372,496,2026-03-25,2028-04-27,4213.00,2546.00,97.00,6662.00,paid,2025-10-25 11:01:00.293298,2025-10-27 13:01:00.293298
373,434,2025-12-15,2028-01-28,2801.00,3240.00,15.00,6026.00,paid,2025-07-05 14:48:22.293298,2025-07-07 06:48:22.293298
374,396,2025-08-08,2028-10-07,5142.00,1568.00,815.00,5895.00,paid,2025-06-17 17:28:09.293298,2025-06-21 14:28:09.293298
375,270,2025-12-26,2028-05-26,2654.00,2661.00,123.00,5192.00,paid,2025-04-05 17:04:24.293298,2025-04-09 05:04:24.293298
376,453,2026-04-11,2027-12-01,5978.00,1462.00,815.00,6625.00,approved,2025-04-25 13:45:41.293298,2025-04-27 11:45:41.293298
377,208,2025-09-26,2028-01-16,2885.00,3314.00,651.00,5548.00,draft,2025-10-11 11:09:25.293298,2025-10-12 06:09:25.293298
378,247,2026-04-14,2029-03-10,4376.00,3188.00,37.00,7527.00,paid,2026-02-11 08:31:08.293298,2026-02-13 07:31:08.293298
379,306,2026-08-02,2029-03-14,2845.00,3480.00,297.00,6028.00,approved,2025-10-02 14:38:03.293298,2025-10-03 10:38:03.293298
380,5,2026-05-25,2029-05-02,2562.00,3417.00,664.00,5315.00,draft,2026-04-22 15:08:34.293298,2026-04-23 00:08:34.293298
381,299,2025-07-30,2029-05-11,4707.00,3407.00,851.00,7263.00,paid,2026-03-21 18:48:40.293298,2026-03-22 23:48:40.293298
382,433,2026-02-24,2029-05-24,5700.00,2751.00,525.00,7926.00,approved,2025-05-10 20:28:20.293298,2025-05-11 04:28:20.293298
383,48,2026-07-04,2029-05-12,4316.00,1994.00,267.00,6043.00,approved,2025-10-25 13:18:37.293298,2025-10-25 15:18:37.293298
384,78,2025-07-12,2028-01-02,2958.00,1934.00,353.00,4539.00,paid,2025-06-27 17:26:20.293298,2025-07-01 01:26:20.293298
385,498,2026-05-07,2027-08-23,4828.00,975.00,770.00,5033.00,paid,2025-11-26 06:03:05.293298,2025-11-28 14:03:05.293298
386,165,2025-04-04,2027-11-05,5379.00,3897.00,249.00,9027.00,paid,2026-07-26 17:01:01.293298,2026-07-27 21:01:01.293298
387,79,2026-01-21,2029-04-19,2043.00,4837.00,260.00,6620.00,approved,2025-09-29 04:49:38.293298,2025-09-30 06:49:38.293298
388,456,2026-05-04,2027-11-12,5448.00,2122.00,534.00,7036.00,approved,2026-04-09 05:28:29.293298,2026-04-11 04:28:29.293298
389,70,2026-08-04,2027-09-16,2205.00,1723.00,826.00,3102.00,paid,2025-06-20 17:42:39.293298,2025-06-24 11:42:39.293298
390,247,2026-04-14,2029-03-10,5362.00,706.00,218.00,5850.00,approved,2025-05-12 23:21:15.293298,2025-05-13 18:21:15.293298
391,229,2025-06-02,2028-10-04,3020.00,1398.00,369.00,4049.00,paid,2025-10-24 16:58:24.293298,2025-10-27 22:58:24.293298
392,25,2025-04-28,2029-07-06,2341.00,2813.00,64.00,5090.00,approved,2025-08-26 22:51:56.293298,2025-08-27 21:51:56.293298
393,339,2025-12-15,2029-07-05,4827.00,2110.00,290.00,6647.00,paid,2026-07-17 11:24:58.293298,2026-07-21 07:24:58.293298
394,8,2025-07-04,2028-10-18,5909.00,3097.00,174.00,8832.00,approved,2026-06-10 16:38:15.293298,2026-06-11 19:38:15.293298
395,190,2026-05-29,2029-05-11,4565.00,1893.00,31.00,6427.00,paid,2025-04-23 12:13:52.293298,2025-04-25 06:13:52.293298
396,215,2026-05-10,2028-10-09,4642.00,4964.00,35.00,9571.00,paid,2025-07-09 12:11:12.293298,2025-07-12 09:11:12.293298
397,442,2026-01-24,2029-03-12,6655.00,3624.00,5.00,10274.00,paid,2025-10-28 00:26:01.293298,2025-10-29 09:26:01.293298
398,148,2025-04-15,2028-05-26,5749.00,2518.00,971.00,7296.00,approved,2025-12-14 23:26:05.293298,2025-12-16 16:26:05.293298
399,185,2026-06-25,2027-12-06,2568.00,1339.00,221.00,3686.00,paid,2025-09-07 13:06:45.293298,2025-09-10 12:06:45.293298
400,401,2025-07-11,2028-05-17,3823.00,1929.00,208.00,5544.00,paid,2026-01-10 09:08:41.293298,2026-01-13 17:08:41.293298
401,440,2025-07-25,2028-11-30,2321.00,4283.00,442.00,6162.00,paid,2026-06-26 09:23:08.293298,2026-06-29 16:23:08.293298
402,409,2025-09-14,2029-05-19,5586.00,3253.00,416.00,8423.00,paid,2025-09-05 12:45:14.293298,2025-09-08 11:45:14.293298
403,207,2025-09-18,2029-03-02,3957.00,3403.00,496.00,6864.00,paid,2025-06-29 01:10:53.293298,2025-07-02 05:10:53.293298
404,160,2025-10-13,2028-11-12,3061.00,961.00,81.00,3941.00,paid,2026-07-22 05:02:55.293298,2026-07-23 22:02:55.293298
405,293,2025-05-25,2029-01-16,2724.00,3547.00,656.00,5615.00,paid,2025-10-17 12:42:03.293298,2025-10-20 18:42:03.293298
406,275,2025-10-25,2028-08-23,2926.00,3391.00,829.00,5488.00,approved,2026-06-04 04:01:04.293298,2026-06-04 17:01:04.293298
407,379,2025-07-06,2027-09-12,4282.00,4763.00,595.00,8450.00,paid,2026-06-20 09:45:25.293298,2026-06-23 22:45:25.293298
408,461,2025-07-24,2028-08-15,3723.00,1985.00,164.00,5544.00,approved,2026-03-28 15:23:09.293298,2026-03-29 05:23:09.293298
409,178,2026-05-29,2028-07-12,2977.00,2474.00,842.00,4609.00,paid,2025-06-08 16:24:57.293298,2025-06-10 02:24:57.293298
410,166,2025-10-17,2028-04-01,6595.00,1703.00,226.00,8072.00,paid,2026-05-07 20:52:17.293298,2026-05-09 07:52:17.293298
411,178,2026-05-29,2028-07-12,5993.00,3872.00,70.00,9795.00,approved,2025-04-01 21:34:08.293298,2025-04-03 15:34:08.293298
412,268,2025-12-01,2028-04-24,6680.00,4319.00,456.00,10543.00,draft,2025-08-19 10:52:28.293298,2025-08-19 23:52:28.293298
413,91,2025-12-09,2027-10-23,3606.00,1954.00,964.00,4596.00,paid,2025-12-22 12:43:36.293298,2025-12-26 07:43:36.293298
414,19,2026-04-25,2027-11-27,2977.00,1540.00,948.00,3569.00,paid,2025-10-17 19:23:16.293298,2025-10-21 03:23:16.293298
415,280,2026-04-01,2028-05-06,5375.00,2048.00,635.00,6788.00,paid,2026-07-04 08:00:43.293298,2026-07-06 03:00:43.293298
416,216,2025-07-25,2028-01-21,4849.00,4419.00,13.00,9255.00,paid,2025-12-19 20:08:26.293298,2025-12-22 16:08:26.293298
417,177,2026-03-04,2027-12-29,5990.00,3117.00,406.00,8701.00,draft,2025-12-11 21:12:39.293298,2025-12-12 13:12:39.293298
418,59,2025-12-10,2027-10-07,5389.00,1994.00,528.00,6855.00,paid,2025-08-21 01:51:50.293298,2025-08-24 22:51:50.293298
419,352,2026-01-16,2028-07-16,4595.00,926.00,301.00,5220.00,approved,2025-10-06 11:26:50.293298,2025-10-06 16:26:50.293298
420,30,2026-07-15,2028-04-28,6200.00,3417.00,478.00,9139.00,draft,2026-02-07 14:18:48.293298,2026-02-08 03:18:48.293298
421,349,2025-10-14,2028-04-20,5023.00,1550.00,563.00,6010.00,paid,2025-08-23 07:47:24.293298,2025-08-25 07:47:24.293298
422,161,2025-04-02,2028-08-01,4173.00,1752.00,445.00,5480.00,paid,2026-04-28 02:46:48.293298,2026-04-29 08:46:48.293298
423,360,2025-10-29,2028-11-28,6328.00,4520.00,27.00,10821.00,paid,2025-11-01 05:07:57.293298,2025-11-04 00:07:57.293298
424,385,2026-04-25,2029-03-01,4268.00,1149.00,915.00,4502.00,approved,2025-08-15 10:05:10.293298,2025-08-15 23:05:10.293298
425,106,2026-02-19,2027-08-29,3312.00,1980.00,774.00,4518.00,paid,2026-06-24 05:44:07.293298,2026-06-26 09:44:07.293298
426,389,2026-01-05,2028-06-27,6748.00,3467.00,424.00,9791.00,approved,2026-01-04 10:05:38.293298,2026-01-05 14:05:38.293298
427,69,2025-11-21,2028-10-04,5253.00,2004.00,10.00,7247.00,paid,2026-02-01 06:15:20.293298,2026-02-03 03:15:20.293298
428,493,2025-06-21,2029-03-26,2222.00,2642.00,178.00,4686.00,approved,2026-05-23 18:15:21.293298,2026-05-24 00:15:21.293298
429,385,2026-04-25,2029-03-01,5149.00,3324.00,933.00,7540.00,paid,2025-09-22 08:11:42.293298,2025-09-25 22:11:42.293298
430,335,2025-04-04,2029-01-17,6270.00,4438.00,222.00,10486.00,paid,2026-07-08 06:22:22.293298,2026-07-11 11:22:22.293298
431,330,2025-12-10,2027-09-09,2237.00,4950.00,115.00,7072.00,draft,2025-07-14 02:38:39.293298,2025-07-14 08:38:39.293298
432,288,2026-03-26,2029-07-19,6619.00,3208.00,23.00,9804.00,paid,2025-05-06 08:39:13.293298,2025-05-10 03:39:13.293298
433,415,2026-06-14,2029-06-26,3504.00,3597.00,372.00,6729.00,paid,2025-12-24 22:59:37.293298,2025-12-27 03:59:37.293298
434,360,2025-10-29,2028-11-28,4692.00,2324.00,616.00,6400.00,paid,2026-04-30 11:14:01.293298,2026-05-03 15:14:01.293298
435,144,2025-08-07,2027-10-02,3809.00,3911.00,622.00,7098.00,paid,2026-08-03 21:11:45.293298,2026-08-07 17:11:45.293298
436,79,2026-01-21,2029-04-19,3825.00,743.00,822.00,3746.00,paid,2025-09-17 02:06:03.293298,2025-09-18 20:06:03.293298
437,355,2025-09-13,2027-11-06,4194.00,3283.00,636.00,6841.00,approved,2025-09-26 15:55:20.293298,2025-09-27 15:55:20.293298
438,43,2026-06-18,2028-09-20,3921.00,3707.00,545.00,7083.00,paid,2026-03-21 00:59:25.293298,2026-03-23 23:59:25.293298
439,22,2026-02-27,2029-06-07,4999.00,1994.00,338.00,6655.00,paid,2025-09-14 16:22:09.293298,2025-09-18 11:22:09.293298
440,311,2026-06-07,2027-12-19,4583.00,3057.00,345.00,7295.00,paid,2025-04-25 09:01:24.293298,2025-04-26 20:01:24.293298
441,366,2026-05-28,2028-08-04,3432.00,1007.00,611.00,3828.00,paid,2025-10-07 20:45:30.293298,2025-10-11 10:45:30.293298
442,334,2026-01-06,2029-06-02,6471.00,2209.00,333.00,8347.00,draft,2026-02-20 20:47:28.293298,2026-02-21 02:47:28.293298
443,17,2025-06-06,2029-05-31,4656.00,4944.00,354.00,9246.00,approved,2025-07-29 05:40:22.293298,2025-07-30 01:40:22.293298
444,370,2025-10-05,2028-06-29,2698.00,1975.00,630.00,4043.00,paid,2026-02-20 20:24:08.293298,2026-02-23 19:24:08.293298
445,392,2025-10-01,2028-08-17,3986.00,4512.00,533.00,7965.00,draft,2025-09-06 11:42:07.293298,2025-09-07 04:42:07.293298
446,37,2025-10-09,2028-02-09,6077.00,2649.00,832.00,7894.00,paid,2025-04-04 08:19:17.293298,2025-04-07 21:19:17.293298
447,29,2025-08-29,2029-01-03,6565.00,3277.00,679.00,9163.00,paid,2026-04-06 00:54:57.293298,2026-04-07 02:54:57.293298
448,34,2026-04-11,2027-09-18,3851.00,3964.00,718.00,7097.00,paid,2026-02-19 21:03:03.293298,2026-02-23 06:03:03.293298
449,100,2026-03-24,2028-08-14,4468.00,885.00,956.00,4397.00,approved,2026-06-01 04:46:43.293298,2026-06-02 04:46:43.293298
450,380,2025-05-27,2029-04-12,2564.00,1508.00,978.00,3094.00,draft,2025-03-25 23:05:07.293298,2025-03-26 19:05:07.293298
451,434,2025-12-15,2028-01-28,5747.00,3554.00,778.00,8523.00,approved,2025-09-03 02:58:08.293298,2025-09-03 08:58:08.293298
452,388,2025-10-25,2029-01-03,2659.00,4217.00,641.00,6235.00,paid,2025-09-03 09:31:56.293298,2025-09-04 21:31:56.293298
453,60,2026-03-11,2027-11-24,2566.00,4073.00,861.00,5778.00,approved,2025-08-09 19:06:09.293298,2025-08-11 04:06:09.293298
454,35,2026-06-14,2029-04-19,5613.00,1781.00,563.00,6831.00,paid,2025-03-30 10:25:46.293298,2025-03-31 21:25:46.293298
455,473,2025-06-25,2029-03-06,2002.00,1348.00,832.00,2518.00,paid,2025-10-20 12:53:28.293298,2025-10-22 13:53:28.293298
456,394,2026-06-27,2029-04-14,6783.00,4237.00,389.00,10631.00,paid,2026-07-17 02:56:19.293298,2026-07-19 08:56:19.293298
457,488,2025-10-12,2028-06-03,3841.00,3965.00,270.00,7536.00,paid,2026-02-02 16:46:03.293298,2026-02-04 01:46:03.293298
458,30,2026-07-15,2028-04-28,3398.00,3013.00,762.00,5649.00,paid,2025-08-21 06:52:08.293298,2025-08-23 14:52:08.293298
459,115,2026-04-11,2028-01-27,4023.00,4519.00,668.00,7874.00,paid,2025-09-18 14:05:40.293298,2025-09-22 10:05:40.293298
460,290,2025-03-30,2028-11-26,3289.00,3360.00,211.00,6438.00,draft,2025-08-15 17:30:57.293298,2025-08-16 10:30:57.293298
461,169,2026-03-29,2028-02-14,4015.00,2635.00,419.00,6231.00,paid,2026-08-03 01:22:30.293298,2026-08-05 11:22:30.293298
462,312,2025-04-29,2028-07-18,2506.00,2876.00,25.00,5357.00,approved,2025-12-19 04:18:52.293298,2025-12-21 04:18:52.293298
463,343,2026-07-24,2029-01-28,6760.00,3701.00,379.00,10082.00,paid,2025-06-28 08:06:00.293298,2025-07-01 00:06:00.293298
464,130,2025-11-20,2027-10-06,3203.00,4984.00,84.00,8103.00,approved,2026-08-04 23:19:55.293298,2026-08-05 14:19:55.293298
465,217,2025-11-20,2029-07-14,3893.00,1073.00,500.00,4466.00,paid,2026-02-05 18:14:02.293298,2026-02-07 05:14:02.293298
466,237,2025-10-03,2028-10-31,4254.00,1196.00,844.00,4606.00,approved,2026-05-11 21:24:09.293298,2026-05-13 07:24:09.293298
467,459,2026-02-14,2029-03-02,4819.00,2029.00,528.00,6320.00,approved,2026-06-13 07:41:25.293298,2026-06-13 20:41:25.293298
468,387,2025-11-15,2028-03-01,3298.00,1540.00,941.00,3897.00,approved,2025-11-07 02:26:36.293298,2025-11-07 03:26:36.293298
469,438,2025-04-13,2028-12-06,4556.00,1457.00,660.00,5353.00,paid,2026-05-20 04:33:44.293298,2026-05-23 06:33:44.293298
470,78,2025-07-12,2028-01-02,5945.00,4857.00,108.00,10694.00,paid,2026-01-14 23:03:19.293298,2026-01-17 03:03:19.293298
471,489,2025-11-16,2029-07-30,3191.00,4053.00,58.00,7186.00,approved,2025-10-10 14:04:53.293298,2025-10-10 18:04:53.293298
472,36,2026-05-02,2029-04-10,6800.00,2172.00,765.00,8207.00,paid,2025-05-14 02:07:47.293298,2025-05-17 22:07:47.293298
473,320,2025-09-03,2029-04-29,2894.00,3392.00,107.00,6179.00,approved,2026-06-05 23:36:07.293298,2026-06-07 07:36:07.293298
474,24,2025-03-26,2027-12-11,4335.00,812.00,544.00,4603.00,approved,2025-08-21 01:48:24.293298,2025-08-21 21:48:24.293298
475,66,2026-02-11,2027-12-11,6353.00,1790.00,369.00,7774.00,approved,2025-10-20 21:56:22.293298,2025-10-22 18:56:22.293298
476,278,2026-05-15,2028-08-13,2303.00,4107.00,197.00,6213.00,paid,2025-09-18 12:28:45.293298,2025-09-19 13:28:45.293298
477,180,2025-06-14,2028-10-28,3209.00,2933.00,306.00,5836.00,paid,2026-03-25 08:05:55.293298,2026-03-27 18:05:55.293298
478,260,2025-11-21,2027-11-15,6146.00,713.00,348.00,6511.00,approved,2025-08-26 01:17:21.293298,2025-08-26 14:17:21.293298
479,3,2025-08-09,2027-12-20,6394.00,4909.00,536.00,10767.00,paid,2025-05-02 14:25:38.293298,2025-05-04 09:25:38.293298
480,425,2025-09-13,2028-01-25,6691.00,889.00,926.00,6654.00,paid,2025-05-29 19:56:43.293298,2025-06-01 02:56:43.293298
481,236,2026-03-03,2028-03-16,5192.00,1653.00,268.00,6577.00,draft,2025-07-07 22:20:54.293298,2025-07-08 04:20:54.293298
482,199,2025-05-08,2028-11-12,4138.00,3190.00,456.00,6872.00,paid,2026-05-20 11:31:31.293298,2026-05-23 18:31:31.293298
483,22,2026-02-27,2029-06-07,5540.00,1053.00,163.00,6430.00,paid,2026-07-09 14:35:59.293298,2026-07-11 00:35:59.293298
484,184,2025-04-19,2027-11-05,3016.00,742.00,968.00,2790.00,paid,2026-03-07 05:35:34.293298,2026-03-08 06:35:34.293298
485,111,2025-11-02,2028-01-28,2504.00,3922.00,178.00,6248.00,draft,2025-08-05 17:46:25.293298,2025-08-06 15:46:25.293298
486,48,2026-07-04,2029-05-12,6131.00,1289.00,188.00,7232.00,approved,2025-10-29 06:37:05.293298,2025-10-31 01:37:05.293298
487,215,2026-05-10,2028-10-09,2763.00,1883.00,276.00,4370.00,paid,2025-04-14 10:56:32.293298,2025-04-17 22:56:32.293298
488,380,2025-05-27,2029-04-12,3098.00,4599.00,535.00,7162.00,paid,2026-03-14 23:44:55.293298,2026-03-18 15:44:55.293298
489,80,2026-04-22,2027-12-16,6522.00,3522.00,636.00,9408.00,paid,2026-06-09 07:26:35.293298,2026-06-13 00:26:35.293298
490,48,2026-07-04,2029-05-12,3384.00,2092.00,532.00,4944.00,paid,2025-09-07 07:45:02.293298,2025-09-09 18:45:02.293298
491,69,2025-11-21,2028-10-04,5438.00,1116.00,773.00,5781.00,approved,2025-06-13 12:29:21.293298,2025-06-15 06:29:21.293298
492,23,2025-07-16,2028-08-29,5350.00,1778.00,521.00,6607.00,paid,2026-03-14 05:16:13.293298,2026-03-17 01:16:13.293298
493,430,2025-04-25,2029-07-11,3566.00,3476.00,10.00,7032.00,draft,2026-05-27 02:37:34.293298,2026-05-27 13:37:34.293298
494,499,2025-11-29,2028-09-21,5018.00,2547.00,73.00,7492.00,paid,2025-12-19 04:31:49.293298,2025-12-20 18:31:49.293298
495,236,2026-03-03,2028-03-16,5302.00,897.00,557.00,5642.00,approved,2026-06-17 19:47:28.293298,2026-06-18 23:47:28.293298
496,88,2025-03-25,2027-11-30,4347.00,4418.00,15.00,8750.00,approved,2026-05-15 23:09:25.293298,2026-05-17 11:09:25.293298
497,84,2026-06-11,2028-04-21,3295.00,2496.00,5.00,5786.00,paid,2025-06-28 05:51:56.293298,2025-07-01 05:51:56.293298
498,485,2025-10-15,2027-12-18,2428.00,1956.00,562.00,3822.00,paid,2025-04-30 02:45:51.293298,2025-05-03 00:45:51.293298
499,420,2026-07-01,2028-09-13,5254.00,1400.00,380.00,6274.00,paid,2025-10-05 23:45:46.293298,2025-10-09 18:45:46.293298
500,369,2026-07-20,2028-12-27,6564.00,2079.00,457.00,8186.00,paid,2025-12-04 21:07:21.293298,2025-12-06 01:07:21.293298
