estimated_duration_mins,actual_amount,service_id,base_price,base_duration_hours,is_price_fixed,vehicle_age,vehicle_type_encoded,actual_duration_mins,predicted_duration_mins
127.01666666666667,4052.12,3,800.0,0.5,True,10,3,150.46666666666667,149.17500000000007
117.26666666666667,1059.53,6,4500.0,0.5,True,2,0,150.58333333333334,142.36333333333346
41.483333333333334,4477.46,4,1200.0,1.0,True,1,3,33.666666666666664,49.95149999999999
169.83333333333334,3952.56,7,2500.0,1.0,True,10,5,193.16666666666666,180.33083333333332
229.86666666666667,3809.64,3,800.0,0.5,True,10,0,249.05,247.26283333333305
55.36666666666667,4965.73,3,800.0,0.5,True,4,1,66.58333333333333,71.58866666666661
224.56666666666666,5047.5,5,2000.0,1.5,False,3,2,265.28333333333336,250.2446666666666
34.016666666666666,4909.01,1,1500.0,1.0,True,12,2,70.9,60.7081666666666
70.23333333333333,1385.6,7,2500.0,1.0,True,8,1,76.3,80.02150000000007
209.1,7030.63,2,3500.0,2.0,False,6,5,216.18333333333334,218.7916666666666
84.55,4840.46,7,2500.0,1.0,True,6,1,83.7,101.76733333333331
156.95,6570.19,5,2000.0,1.5,False,15,4,187.78333333333333,180.31049999999985
65.78333333333333,6780.9,4,1200.0,1.0,True,10,3,72.85,72.97500000000008
135.31666666666666,1438.35,7,2500.0,1.0,True,9,5,130.35,135.5428333333335
237.3,3666.97,3,800.0,0.5,True,1,2,270.1,261.50299999999976
218.93333333333334,2688.69,8,4000.0,2.0,False,9,1,241.15,235.8905000000001
119.61666666666666,1646.02,1,1500.0,1.0,True,1,1,131.96666666666667,135.57700000000006
198.96666666666667,6735.01,8,4000.0,2.0,False,2,2,228.86666666666667,222.67199999999968
118.35,533.87,5,2000.0,1.5,False,11,4,123.95,129.06700000000004
174.46666666666667,3442.14,7,2500.0,1.0,True,16,5,159.96666666666667,171.23166666666683
236.41666666666666,3056.83,8,4000.0,2.0,False,1,3,243.56666666666666,243.7388333333333
53.63333333333333,3799.99,4,1200.0,1.0,True,5,5,48.3,62.33183333333335
208.41666666666666,2989.33,6,4500.0,0.5,True,1,3,223.7,227.8511666666669
92.63333333333334,2058.5,3,800.0,0.5,True,11,3,112.48333333333333,114.01550000000002
238.13333333333333,6162.74,5,2000.0,1.5,False,12,0,269.43333333333334,262.31399999999985
53.083333333333336,965.95,6,4500.0,0.5,True,4,1,93.73333333333333,80.41100000000004
85.15,4936.72,6,4500.0,0.5,True,16,4,101.63333333333334,104.56883333333332
107.95,7524.62,2,3500.0,2.0,False,2,5,140.7,133.24100000000016
127.85,2543.58,5,2000.0,1.5,False,0,1,168.58333333333334,163.11066666666684
226.36666666666667,6492.27,7,2500.0,1.0,True,5,4,217.56666666666666,228.14100000000005
40.983333333333334,2134.26,6,4500.0,0.5,True,4,4,74.23333333333333,63.80416666666668
153.25,7187.78,4,1200.0,1.0,True,0,4,153.25,155.22083333333333
169.21666666666667,674.51,5,2000.0,1.5,False,4,1,162.75,171.55283333333333
194.08333333333334,3954.96,7,2500.0,1.0,True,9,5,199.31666666666666,205.92916666666667
212.28333333333333,1485.44,2,3500.0,2.0,False,11,4,244.05,238.74599999999967
40.56666666666667,4756.43,6,4500.0,0.5,True,4,1,69.0,63.21200000000002
123.01666666666667,4607.16,6,4500.0,0.5,True,6,4,149.61666666666667,141.56483333333344
152.51666666666668,3887.52,3,800.0,0.5,True,6,4,142.21666666666667,163.05966666666663
204.6,5632.65,5,2000.0,1.5,False,6,4,193.56666666666666,222.11933333333337
81.41666666666667,1459.21,2,3500.0,2.0,False,14,2,80.21666666666667,86.73766666666657
188.3,7642.78,3,800.0,0.5,True,5,0,220.03333333333333,211.45299999999992
110.21666666666667,6328.43,4,1200.0,1.0,True,0,5,135.5,132.09949999999998
110.38333333333334,6501.03,3,800.0,0.5,True,12,4,154.65,126.93183333333342
44.05,6310.2,3,800.0,0.5,True,6,5,34.68333333333333,38.98716666666669
205.0,6603.12,6,4500.0,0.5,True,1,1,237.9,228.7416666666668
96.23333333333333,3354.38,5,2000.0,1.5,False,7,2,93.2,98.37166666666666
162.18333333333334,2280.2,2,3500.0,2.0,False,15,2,184.21666666666667,184.40216666666677
237.76666666666668,3048.72,6,4500.0,0.5,True,12,3,246.55,246.88133333333343
84.35,3324.05,8,4000.0,2.0,False,9,4,125.03333333333333,115.76283333333333
238.25,5171.97,5,2000.0,1.5,False,7,4,262.93333333333334,261.2088333333333
61.266666666666666,3458.59,4,1200.0,1.0,True,9,2,55.516666666666666,66.04099999999998
33.25,794.71,2,3500.0,2.0,False,10,2,23.483333333333334,31.82699999999997
235.15,3458.5,3,800.0,0.5,True,15,5,222.45,235.38683333333356
228.28333333333333,5289.01,1,1500.0,1.0,True,4,2,240.51666666666668,243.50533333333323
40.68333333333333,7138.77,1,1500.0,1.0,True,2,0,71.41666666666667,61.38700000000004
81.9,6171.39,1,1500.0,1.0,True,7,0,112.78333333333333,106.7926666666667
170.43333333333334,2202.06,5,2000.0,1.5,False,12,1,212.9,200.26450000000006
92.46666666666667,1319.2,7,2500.0,1.0,True,7,4,92.96666666666667,94.62649999999994
190.7,1825.21,1,1500.0,1.0,True,2,4,181.33333333333334,196.09350000000012
201.18333333333334,6626.05,4,1200.0,1.0,True,10,2,245.11666666666667,237.81366666666634
133.43333333333334,2130.58,7,2500.0,1.0,True,3,4,130.03333333333333,134.56000000000006
221.26666666666668,5950.85,3,800.0,0.5,True,9,0,248.53333333333333,244.91066666666654
129.6,4280.38,7,2500.0,1.0,True,5,0,155.78333333333333,149.07233333333326
209.91666666666666,5365.09,3,800.0,0.5,True,9,5,241.3,239.06483333333304
223.6,2020.21,3,800.0,0.5,True,11,5,266.01666666666665,259.7619999999998
71.41666666666667,6217.98,4,1200.0,1.0,True,4,5,85.43333333333334,93.70433333333338
119.11666666666666,3228.51,7,2500.0,1.0,True,3,2,135.18333333333334,131.14199999999985
146.5,536.61,4,1200.0,1.0,True,1,3,187.75,173.3075
185.88333333333333,3326.11,7,2500.0,1.0,True,11,3,209.21666666666667,207.12983333333352
231.5,5714.82,7,2500.0,1.0,True,16,2,272.55,257.34949999999975
123.41666666666667,4867.51,6,4500.0,0.5,True,6,0,114.35,127.79016666666683
194.55,1802.74,3,800.0,0.5,True,12,2,215.8,212.254
112.5,6439.32,4,1200.0,1.0,True,16,2,116.36666666666666,121.59566666666669
93.2,3385.65,8,4000.0,2.0,False,6,5,133.95,122.65183333333343
161.53333333333333,5196.41,2,3500.0,2.0,False,7,0,162.03333333333333,167.79799999999994
166.56666666666666,1938.03,7,2500.0,1.0,True,1,1,181.11666666666667,180.54016666666666
179.8,3853.12,7,2500.0,1.0,True,12,3,223.73333333333332,210.43933333333342
41.11666666666667,5224.42,6,4500.0,0.5,True,10,2,72.16666666666667,59.62449999999998
182.58333333333334,2252.45,6,4500.0,0.5,True,9,1,177.25,179.85850000000002
57.93333333333333,6161.28,2,3500.0,2.0,False,16,5,102.7,91.59133333333331
208.73333333333332,1172.65,8,4000.0,2.0,False,10,0,235.61666666666667,233.94283333333314
92.61666666666666,3208.59,8,4000.0,2.0,False,12,0,127.9,121.33416666666658
35.06666666666667,5920.28,8,4000.0,2.0,False,10,1,62.65,61.449166666666635
95.0,2973.57,8,4000.0,2.0,False,3,5,109.1,111.65250000000015
89.78333333333333,5747.92,5,2000.0,1.5,False,12,3,116.56666666666666,102.55883333333335
54.96666666666667,4161.29,5,2000.0,1.5,False,2,4,96.23333333333333,87.98900000000005
136.58333333333334,7584.83,3,800.0,0.5,True,3,3,135.95,154.76433333333344
66.0,1911.91,2,3500.0,2.0,False,12,1,79.05,76.08150000000009
212.48333333333332,2777.61,8,4000.0,2.0,False,5,0,230.45,229.83150000000023
70.58333333333333,735.72,4,1200.0,1.0,True,0,5,110.58333333333333,103.44783333333335
149.16666666666666,2092.2,5,2000.0,1.5,False,16,1,141.05,147.69016666666644
169.68333333333334,6591.82,2,3500.0,2.0,False,16,5,206.08333333333334,194.82399999999996
98.93333333333334,3611.64,8,4000.0,2.0,False,9,2,121.9,117.7309999999999
210.06666666666666,5807.23,6,4500.0,0.5,True,0,4,233.06666666666666,230.29816666666673
106.36666666666666,4691.51,6,4500.0,0.5,True,13,5,109.23333333333333,109.77800000000008
79.21666666666667,4376.35,1,1500.0,1.0,True,9,5,67.6,88.83083333333335
178.2,1227.79,2,3500.0,2.0,False,16,5,214.88333333333333,210.57450000000026
103.36666666666666,2466.05,8,4000.0,2.0,False,5,4,140.2,114.05450000000008
31.016666666666666,3291.75,1,1500.0,1.0,True,0,2,37.03333333333333,42.811499999999995
176.23333333333332,540.67,1,1500.0,1.0,True,5,0,171.01666666666668,203.89733333333336
127.26666666666667,6622.88,5,2000.0,1.5,False,0,1,158.93333333333334,156.74333333333306
233.1,3322.0,5,2000.0,1.5,False,8,4,219.98333333333332,237.66183333333316
237.6,3396.59,1,1500.0,1.0,True,2,3,229.81666666666666,256.79633333333317
59.46666666666667,592.68,3,800.0,0.5,True,2,0,101.63333333333334,84.12733333333328
77.08333333333333,5560.09,7,2500.0,1.0,True,0,2,102.43333333333334,92.64633333333333
217.1,5680.42,2,3500.0,2.0,False,3,5,225.16666666666666,224.5023333333333
101.68333333333334,2444.87,8,4000.0,2.0,False,7,2,118.08333333333333,116.67400000000006
72.61666666666666,1840.9,8,4000.0,2.0,False,6,1,59.63333333333333,68.58333333333329
199.78333333333333,1681.04,1,1500.0,1.0,True,0,1,203.08333333333334,224.43383333333347
77.96666666666667,7514.12,1,1500.0,1.0,True,1,3,88.7,92.64783333333331
55.6,625.32,7,2500.0,1.0,True,5,3,69.38333333333334,72.89533333333327
181.96666666666667,2008.76,3,800.0,0.5,True,12,3,184.85,192.18549999999996
225.6,4763.39,2,3500.0,2.0,False,2,2,241.75,242.16599999999994
113.2,7315.23,1,1500.0,1.0,True,6,5,135.3,128.25216666666668
126.96666666666667,7288.71,5,2000.0,1.5,False,1,1,143.01666666666668,148.1744999999998
84.85,7875.19,5,2000.0,1.5,False,4,1,111.91666666666667,108.56566666666667
56.05,7305.17,3,800.0,0.5,True,6,4,65.48333333333333,66.77866666666668
77.7,7094.62,2,3500.0,2.0,False,3,1,98.51666666666667,89.67966666666665
175.8,5196.35,5,2000.0,1.5,False,0,2,169.46666666666667,174.00383333333346
108.48333333333333,3916.75,3,800.0,0.5,True,16,1,140.65,134.28816666666654
98.13333333333334,4476.21,2,3500.0,2.0,False,2,1,110.31666666666666,111.86833333333342
151.15,524.56,4,1200.0,1.0,True,10,1,145.16666666666666,153.4038333333332
223.7,7918.33,4,1200.0,1.0,True,15,4,215.63333333333333,222.94266666666692
213.25,7925.8,8,4000.0,2.0,False,9,4,208.61666666666667,218.81483333333315
56.68333333333333,1899.6,4,1200.0,1.0,True,15,1,95.83333333333333,89.13933333333331
159.91666666666666,1414.36,5,2000.0,1.5,False,10,2,180.26666666666668,178.43583333333325
92.16666666666667,1082.28,6,4500.0,0.5,True,9,1,112.38333333333334,110.27049999999994
105.0,7427.48,6,4500.0,0.5,True,0,3,94.8,123.63183333333328
234.18333333333334,2362.44,1,1500.0,1.0,True,16,2,253.63333333333333,255.127
41.86666666666667,4165.71,8,4000.0,2.0,False,6,1,54.05,56.810166666666746
232.98333333333332,7366.13,2,3500.0,2.0,False,5,3,221.23333333333332,232.68466666666671
107.51666666666667,5515.67,3,800.0,0.5,True,3,4,98.8,103.48083333333328
173.23333333333332,3808.98,3,800.0,0.5,True,11,3,171.4,179.40433333333323
177.25,1439.33,2,3500.0,2.0,False,13,1,216.51666666666668,207.73083333333332
122.81666666666666,4096.78,3,800.0,0.5,True,11,0,142.83333333333334,142.66566666666682
179.13333333333333,7447.62,7,2500.0,1.0,True,0,5,168.38333333333333,182.84550000000013
64.8,1619.67,5,2000.0,1.5,False,6,1,58.18333333333333,64.57533333333336
151.68333333333334,6856.66,7,2500.0,1.0,True,12,0,141.65,151.3936666666667
160.23333333333332,2292.41,8,4000.0,2.0,False,10,2,183.76666666666668,184.84349999999992
201.01666666666668,7999.75,7,2500.0,1.0,True,3,2,235.11666666666667,231.90399999999966
50.833333333333336,4729.73,6,4500.0,0.5,True,0,5,51.266666666666666,59.40083333333334
64.16666666666667,7458.31,8,4000.0,2.0,False,9,3,62.1,65.66883333333338
144.26666666666668,2357.14,8,4000.0,2.0,False,13,0,140.73333333333332,140.53000000000011
113.96666666666667,3147.41,7,2500.0,1.0,True,6,1,103.58333333333333,113.0211666666668
231.13333333333333,2478.44,2,3500.0,2.0,False,11,0,229.11666666666667,235.01183333333302
111.11666666666666,528.7,8,4000.0,2.0,False,6,1,96.58333333333333,105.13849999999996
126.15,4474.15,7,2500.0,1.0,True,15,4,121.68333333333334,141.22333333333327
54.55,6638.34,4,1200.0,1.0,True,1,2,63.983333333333334,69.31850000000003
229.91666666666666,6799.47,8,4000.0,2.0,False,6,1,244.33333333333334,236.40966666666657
66.35,1733.16,5,2000.0,1.5,False,4,5,72.33333333333333,76.54700000000005
96.25,6241.22,3,800.0,0.5,True,7,4,99.03333333333333,98.96600000000002
33.43333333333333,878.9,6,4500.0,0.5,True,0,3,35.6,38.78899999999996
95.68333333333334,6648.03,4,1200.0,1.0,True,7,4,100.01666666666667,99.6719999999999
148.61666666666667,2225.83,6,4500.0,0.5,True,1,2,134.51666666666668,144.60366666666658
144.56666666666666,2370.42,5,2000.0,1.5,False,16,4,158.18333333333334,155.7291666666664
79.51666666666667,5909.34,8,4000.0,2.0,False,5,1,71.38333333333334,78.5486666666666
117.01666666666667,531.19,6,4500.0,0.5,True,3,2,131.96666666666667,131.19350000000006
150.91666666666666,5721.94,4,1200.0,1.0,True,4,3,159.76666666666668,157.62249999999986
91.05,2943.15,6,4500.0,0.5,True,14,4,107.58333333333333,107.40566666666672
211.18333333333334,3356.94,2,3500.0,2.0,False,7,1,197.9,210.97200000000004
119.96666666666667,5590.64,2,3500.0,2.0,False,12,3,132.68333333333334,130.60366666666653
209.06666666666666,614.22,4,1200.0,1.0,True,1,1,243.25,237.9191666666667
178.51666666666668,1819.06,6,4500.0,0.5,True,14,0,181.3,187.6921666666668
86.0,1070.73,8,4000.0,2.0,False,13,0,114.06666666666666,112.22266666666675
34.833333333333336,1282.41,3,800.0,0.5,True,6,5,68.0,48.47166666666668
139.98333333333332,2116.99,5,2000.0,1.5,False,0,4,176.71666666666667,170.76116666666672
172.38333333333333,845.44,3,800.0,0.5,True,3,5,202.95,187.28183333333334
55.583333333333336,857.62,3,800.0,0.5,True,1,5,42.166666666666664,80.57366666666665
213.88333333333333,7970.81,2,3500.0,2.0,False,6,1,245.83333333333334,232.07616666666675
97.88333333333334,6720.86,3,800.0,0.5,True,5,3,101.81666666666666,105.87999999999994
142.56666666666666,2743.22,3,800.0,0.5,True,9,5,163.53333333333333,164.0546666666666
145.83333333333334,5512.91,4,1200.0,1.0,True,4,1,153.66666666666666,157.48116666666652
155.85,3399.77,4,1200.0,1.0,True,0,5,167.13333333333333,170.92799999999997
93.66666666666667,3406.79,8,4000.0,2.0,False,12,5,102.43333333333334,110.75499999999991
66.81666666666666,5255.07,1,1500.0,1.0,True,6,4,106.96666666666667,72.53400000000005
150.78333333333333,5182.42,8,4000.0,2.0,False,1,0,194.3,151.45049999999998
107.26666666666667,1587.98,2,3500.0,2.0,False,6,1,110.25,110.48233333333333
189.95,7097.54,3,800.0,0.5,True,1,5,220.58333333333334,212.475
218.31666666666666,7975.56,1,1500.0,1.0,True,15,3,221.0,224.20150000000004
190.2,1589.79,2,3500.0,2.0,False,5,2,188.01666666666668,198.52383333333336
139.31666666666666,6785.59,8,4000.0,2.0,False,6,4,159.85,156.49833333333336
140.93333333333334,7152.93,3,800.0,0.5,True,7,3,145.81666666666666,156.5095000000003
68.53333333333333,2822.92,4,1200.0,1.0,True,7,4,60.05,72.05233333333335
127.53333333333333,2326.71,1,1500.0,1.0,True,6,2,148.16666666666666,144.42999999999992
90.71666666666667,3864.89,1,1500.0,1.0,True,6,4,98.43333333333334,97.1388333333333
220.76666666666668,6791.23,6,4500.0,0.5,True,5,0,254.11666666666667,232.01716666666664
205.15,3444.42,4,1200.0,1.0,True,8,1,237.33333333333334,233.32433333333327
51.93333333333333,4622.43,3,800.0,0.5,True,2,4,42.86666666666667,52.90300000000002
176.08333333333334,5057.1,8,4000.0,2.0,False,10,5,200.15,195.54016666666666
218.78333333333333,7202.4,5,2000.0,1.5,False,16,1,209.31666666666666,213.6445000000001
70.61666666666666,651.19,2,3500.0,2.0,False,6,1,106.08333333333333,96.00766666666667
74.8,6343.47,2,3500.0,2.0,False,11,5,68.11666666666666,75.40683333333337
34.95,5558.13,8,4000.0,2.0,False,13,4,60.916666666666664,60.8175
49.71666666666667,6644.28,2,3500.0,2.0,False,6,0,78.55,60.96449999999999
176.73333333333332,5623.12,1,1500.0,1.0,True,4,1,219.06666666666666,208.88483333333338
88.06666666666666,5237.98,7,2500.0,1.0,True,11,3,107.06666666666666,96.82233333333335
127.71666666666667,6133.65,4,1200.0,1.0,True,6,4,116.76666666666667,128.37283333333326
166.18333333333334,7440.42,5,2000.0,1.5,False,15,4,185.28333333333333,180.1413333333332
219.7,6760.14,2,3500.0,2.0,False,7,4,251.43333333333334,243.38566666666674
175.31666666666666,5571.41,5,2000.0,1.5,False,11,4,171.31666666666666,176.09266666666682
197.16666666666666,2642.54,8,4000.0,2.0,False,10,2,189.18333333333334,217.24216666666663
106.16666666666667,4592.2,3,800.0,0.5,True,0,3,129.55,110.04733333333326
179.61666666666667,2687.88,3,800.0,0.5,True,13,5,217.33333333333334,196.73183333333338
234.33333333333334,7185.51,3,800.0,0.5,True,5,4,257.8666666666667,253.8198333333329
227.93333333333334,7382.33,3,800.0,0.5,True,7,0,238.75,239.31266666666667
141.18333333333334,1296.71,4,1200.0,1.0,True,15,5,138.01666666666668,149.2871666666666
81.63333333333334,3785.9,7,2500.0,1.0,True,11,1,72.93333333333334,83.19916666666671
79.61666666666666,6285.43,2,3500.0,2.0,False,16,1,88.2,87.84499999999998
105.85,1502.23,2,3500.0,2.0,False,6,5,110.55,111.09699999999992
139.96666666666667,2657.63,1,1500.0,1.0,True,6,4,172.5,164.53816666666665
78.93333333333334,887.07,8,4000.0,2.0,False,12,5,65.06666666666666,72.61699999999995
30.733333333333334,2795.71,4,1200.0,1.0,True,9,5,63.6,43.79916666666667
173.86666666666667,7898.09,5,2000.0,1.5,False,12,2,191.38333333333333,186.9168333333334
230.31666666666666,2158.45,1,1500.0,1.0,True,0,5,244.01666666666668,241.56499999999986
220.73333333333332,7044.45,3,800.0,0.5,True,15,0,222.16666666666666,228.91850000000005
131.21666666666667,5006.34,3,800.0,0.5,True,1,1,156.3,155.19366666666645
181.66666666666666,5116.68,6,4500.0,0.5,True,13,0,187.38333333333333,185.49033333333344
183.56666666666666,6761.98,2,3500.0,2.0,False,12,5,206.16666666666666,202.3705000000001
214.81666666666666,5123.76,4,1200.0,1.0,True,11,0,220.83333333333334,236.6441666666664
214.68333333333334,2379.83,8,4000.0,2.0,False,15,0,247.51666666666668,239.53049999999993
208.53333333333333,6628.25,7,2500.0,1.0,True,0,5,220.86666666666667,221.3589999999998
173.76666666666668,1967.65,1,1500.0,1.0,True,7,1,209.1,201.8445
101.15,3497.0,5,2000.0,1.5,False,4,1,92.33333333333333,98.04849999999999
140.88333333333333,5942.02,3,800.0,0.5,True,12,0,128.81666666666666,161.892
38.43333333333333,5198.31,1,1500.0,1.0,True,7,3,41.93333333333333,46.82133333333335
176.25,938.73,5,2000.0,1.5,False,11,5,196.9,197.99966666666674
110.48333333333333,2440.18,3,800.0,0.5,True,8,4,132.56666666666666,131.41433333333353
192.9,6517.74,7,2500.0,1.0,True,1,1,208.3,206.54983333333314
153.58333333333334,3162.62,1,1500.0,1.0,True,12,2,159.7,157.89450000000016
166.98333333333332,2550.32,4,1200.0,1.0,True,16,1,174.71666666666667,190.65783333333331
33.833333333333336,3969.47,1,1500.0,1.0,True,13,5,39.916666666666664,45.32300000000001
190.58333333333334,1319.17,8,4000.0,2.0,False,3,0,206.9,203.61783333333332
160.0,7649.28,3,800.0,0.5,True,11,3,204.76666666666668,195.39783333333318
212.98333333333332,7060.74,8,4000.0,2.0,False,3,4,211.06666666666666,214.27933333333337
74.51666666666667,2166.86,2,3500.0,2.0,False,5,2,105.46666666666667,94.82849999999993
177.53333333333333,4653.65,7,2500.0,1.0,True,10,4,221.35,213.40349999999987
73.38333333333334,3620.74,4,1200.0,1.0,True,1,4,76.51666666666667,82.39016666666663
127.33333333333333,4383.88,5,2000.0,1.5,False,12,5,170.51666666666668,159.97216666666654
182.98333333333332,4601.94,4,1200.0,1.0,True,6,4,189.25,195.27083333333331
196.45,1668.56,7,2500.0,1.0,True,9,3,229.93333333333334,224.14166666666677
57.05,3622.38,2,3500.0,2.0,False,11,1,79.56666666666666,77.91383333333332
154.4,5185.45,4,1200.0,1.0,True,6,5,151.66666666666666,157.36883333333319
162.23333333333332,7322.41,5,2000.0,1.5,False,15,2,161.51666666666668,169.53516666666656
47.766666666666666,2293.24,3,800.0,0.5,True,12,2,74.16666666666667,70.06533333333341
222.03333333333333,2588.37,4,1200.0,1.0,True,0,1,222.38333333333333,231.55650000000023
108.45,5322.14,7,2500.0,1.0,True,10,0,105.38333333333334,111.65149999999996
102.53333333333333,502.84,7,2500.0,1.0,True,12,4,95.45,99.74100000000003
150.91666666666666,7469.96,6,4500.0,0.5,True,3,0,179.35,151.71399999999986
227.98333333333332,5882.89,1,1500.0,1.0,True,6,5,239.36666666666667,241.04099999999988
168.01666666666668,3877.94,5,2000.0,1.5,False,11,4,197.45,175.63300000000004
161.88333333333333,1954.72,3,800.0,0.5,True,9,0,176.48333333333332,182.93266666666668
186.05,6374.95,2,3500.0,2.0,False,9,1,175.46666666666667,181.73183333333344
145.6,1769.22,3,800.0,0.5,True,10,1,189.88333333333333,177.7338333333333
235.1,1891.56,1,1500.0,1.0,True,14,1,273.71666666666664,262.6730000000001
74.81666666666666,3494.22,3,800.0,0.5,True,4,1,71.46666666666667,78.48383333333324
168.26666666666668,2288.75,3,800.0,0.5,True,9,5,209.25,201.9198333333333
71.28333333333333,3054.0,2,3500.0,2.0,False,15,2,66.5,73.70916666666665
197.3,1435.07,8,4000.0,2.0,False,0,4,228.68333333333334,219.48583333333332
212.56666666666666,7929.52,2,3500.0,2.0,False,10,1,255.46666666666667,242.89616666666683
215.15,1582.47,1,1500.0,1.0,True,3,1,225.23333333333332,230.53883333333343
160.4,2372.02,7,2500.0,1.0,True,3,1,196.63333333333333,193.97016666666673
51.416666666666664,4991.14,8,4000.0,2.0,False,1,5,75.61666666666666,70.09650000000002
126.28333333333333,3712.82,7,2500.0,1.0,True,3,1,125.98333333333333,133.36500000000004
166.3,946.94,8,4000.0,2.0,False,11,2,153.93333333333334,166.1086666666665
75.55,981.76,5,2000.0,1.5,False,5,1,100.63333333333334,96.5946666666666
147.15,6182.44,5,2000.0,1.5,False,0,2,164.2,161.73400000000004
159.75,4417.33,8,4000.0,2.0,False,3,2,178.03333333333333,175.42899999999983
129.48333333333332,1533.11,2,3500.0,2.0,False,11,3,131.15,133.85899999999987
50.15,5946.87,5,2000.0,1.5,False,4,2,92.36666666666666,80.15950000000004
230.36666666666667,3371.82,4,1200.0,1.0,True,6,4,218.03333333333333,226.8089999999998
216.81666666666666,3813.48,4,1200.0,1.0,True,2,0,223.78333333333333,228.25066666666652
199.95,3586.95,5,2000.0,1.5,False,2,3,221.28333333333333,218.8783333333335
143.58333333333334,6415.36,3,800.0,0.5,True,15,3,184.0,175.7628333333333
151.8,2272.73,3,800.0,0.5,True,8,3,162.88333333333333,161.09683333333325
84.76666666666667,3963.48,5,2000.0,1.5,False,16,2,126.83333333333333,119.98833333333341
45.55,5897.54,8,4000.0,2.0,False,6,5,56.983333333333334,58.3963333333333
53.583333333333336,6970.35,1,1500.0,1.0,True,8,5,42.416666666666664,50.850333333333346
157.61666666666667,2166.38,8,4000.0,2.0,False,4,1,157.83333333333334,182.06900000000005
205.86666666666667,2403.06,8,4000.0,2.0,False,12,3,231.55,228.51383333333317
141.03333333333333,7456.28,2,3500.0,2.0,False,6,3,183.36666666666667,171.8316666666667
43.18333333333333,581.93,7,2500.0,1.0,True,9,0,57.88333333333333,50.93849999999997
172.61666666666667,2326.87,3,800.0,0.5,True,11,5,193.4,192.18533333333338
236.15,2285.96,7,2500.0,1.0,True,11,0,256.23333333333335,254.6053333333334
167.81666666666666,6460.99,4,1200.0,1.0,True,1,1,195.76666666666668,191.44883333333325
46.55,2629.2,7,2500.0,1.0,True,16,0,31.916666666666668,47.65033333333331
210.2,7835.41,8,4000.0,2.0,False,16,3,206.71666666666667,212.36316666666673
51.016666666666666,7172.53,1,1500.0,1.0,True,15,0,62.78333333333333,60.187
115.4,4191.04,2,3500.0,2.0,False,15,2,105.71666666666667,127.23549999999997
55.733333333333334,1273.02,5,2000.0,1.5,False,5,0,46.2,58.143999999999934
203.96666666666667,2176.16,3,800.0,0.5,True,9,4,229.45,230.9440000000004
184.73333333333332,2533.31,3,800.0,0.5,True,16,2,186.3,189.5756666666664
198.78333333333333,2173.73,5,2000.0,1.5,False,10,4,194.2,206.0196666666669
163.13333333333333,4605.37,2,3500.0,2.0,False,15,3,164.61666666666667,171.46766666666673
156.23333333333332,5908.1,1,1500.0,1.0,True,12,0,188.01666666666668,178.05483333333322
81.23333333333333,2320.63,2,3500.0,2.0,False,15,5,89.86666666666666,89.67700000000005
233.33333333333334,7239.13,8,4000.0,2.0,False,0,4,240.55,239.78816666666643
47.86666666666667,5705.72,7,2500.0,1.0,True,3,5,48.983333333333334,62.97349999999999
200.36666666666667,4644.27,1,1500.0,1.0,True,0,5,225.6,222.56583333333344
222.85,1564.93,6,4500.0,0.5,True,0,5,246.63333333333333,243.19900000000038
233.9,6249.32,8,4000.0,2.0,False,11,4,238.85,242.03516666666664
147.01666666666668,2853.49,8,4000.0,2.0,False,12,2,136.21666666666667,140.70550000000006
196.45,3586.87,6,4500.0,0.5,True,12,2,216.83333333333334,214.46749999999997
63.733333333333334,5358.4,6,4500.0,0.5,True,7,1,95.65,85.17733333333325
123.38333333333334,3932.49,5,2000.0,1.5,False,1,3,158.2,153.46183333333352
204.61666666666667,1212.5,7,2500.0,1.0,True,15,2,222.61666666666667,228.1971666666664
209.1,6624.48,8,4000.0,2.0,False,12,2,215.61666666666667,220.19833333333304
69.6,990.27,8,4000.0,2.0,False,11,3,70.85,71.94049999999999
162.95,6043.4,1,1500.0,1.0,True,2,2,178.95,189.49799999999988
187.95,7880.94,4,1200.0,1.0,True,15,2,193.23333333333332,198.91233333333338
174.95,2623.21,5,2000.0,1.5,False,7,3,165.11666666666667,184.74583333333337
99.06666666666666,2116.78,3,800.0,0.5,True,10,4,121.88333333333334,115.28033333333326
164.36666666666667,2543.46,5,2000.0,1.5,False,11,0,203.3,185.43716666666663
42.833333333333336,2826.99,4,1200.0,1.0,True,3,2,36.56666666666667,45.919166666666655
198.45,2255.01,5,2000.0,1.5,False,10,3,225.38333333333333,219.20100000000025
158.81666666666666,1477.24,8,4000.0,2.0,False,16,2,175.56666666666666,174.3688333333335
162.85,5399.62,1,1500.0,1.0,True,13,2,176.6,185.6888333333332
30.966666666666665,4475.93,1,1500.0,1.0,True,9,2,23.133333333333333,45.3115
81.76666666666667,6032.18,3,800.0,0.5,True,2,3,115.26666666666667,104.22333333333337
60.45,7210.39,5,2000.0,1.5,False,13,2,72.48333333333333,75.19116666666669
158.53333333333333,3688.16,6,4500.0,0.5,True,1,2,162.21666666666667,163.74566666666672
149.88333333333333,1283.56,2,3500.0,2.0,False,8,5,149.4,155.05016666666654
126.21666666666667,7806.25,4,1200.0,1.0,True,3,2,148.06666666666666,143.48650000000026
149.55,6175.09,3,800.0,0.5,True,11,4,181.76666666666668,175.85799999999992
88.23333333333333,7551.62,5,2000.0,1.5,False,16,5,113.38333333333334,104.12233333333336
144.66666666666666,893.86,6,4500.0,0.5,True,16,5,173.55,166.6161666666664
234.2,6700.51,7,2500.0,1.0,True,1,1,274.15,261.4321666666669
85.75,706.4,1,1500.0,1.0,True,5,5,90.88333333333334,98.29699999999991
88.96666666666667,6480.67,5,2000.0,1.5,False,15,2,103.36666666666666,105.35050000000003
131.2,7749.29,5,2000.0,1.5,False,15,1,154.76666666666668,153.00283333333323
79.45,4514.27,6,4500.0,0.5,True,4,2,96.65,90.67183333333332
153.5,7555.49,3,800.0,0.5,True,12,5,141.71666666666667,152.05233333333342
81.06666666666666,7167.01,6,4500.0,0.5,True,16,2,96.38333333333334,92.7338333333333
206.83333333333334,6281.61,7,2500.0,1.0,True,6,0,207.7,211.53633333333357
47.63333333333333,6187.43,7,2500.0,1.0,True,15,0,42.95,49.29266666666662
217.6,827.19,7,2500.0,1.0,True,4,1,237.68333333333334,233.54566666666662
79.05,1692.66,2,3500.0,2.0,False,15,4,123.76666666666667,85.96750000000003
196.58333333333334,2677.81,3,800.0,0.5,True,12,5,220.9,218.6843333333335
74.75,5745.57,5,2000.0,1.5,False,15,2,89.9,89.46783333333322
130.18333333333334,3835.91,7,2500.0,1.0,True,6,5,143.85,142.54033333333348
144.68333333333334,5944.39,5,2000.0,1.5,False,6,1,156.56666666666666,157.33966666666683
213.7,4085.79,7,2500.0,1.0,True,0,0,239.26666666666668,235.2268333333333
105.53333333333333,6791.9,8,4000.0,2.0,False,12,5,137.0,125.81649999999998
157.71666666666667,2166.27,4,1200.0,1.0,True,16,2,200.53333333333333,192.16733333333315
219.93333333333334,624.98,1,1500.0,1.0,True,6,1,257.76666666666665,249.3098333333332
190.15,7379.44,1,1500.0,1.0,True,11,0,228.35,217.30933333333326
194.65,5625.2,5,2000.0,1.5,False,11,2,214.98333333333332,215.71500000000012
180.31666666666666,4702.17,7,2500.0,1.0,True,13,0,179.91666666666666,187.8965
197.01666666666668,2355.77,6,4500.0,0.5,True,6,5,239.56666666666666,217.88166666666672
183.8,537.1,4,1200.0,1.0,True,7,4,224.66666666666666,214.5578333333334
150.38333333333333,2009.41,7,2500.0,1.0,True,7,5,176.7,168.32966666666687
200.08333333333334,1442.93,3,800.0,0.5,True,12,1,228.91666666666666,228.49066666666675
89.2,5825.37,7,2500.0,1.0,True,6,3,88.2,99.48550000000002
235.85,6074.79,2,3500.0,2.0,False,6,0,251.6,252.34083333333308
38.88333333333333,1262.59,5,2000.0,1.5,False,1,0,33.86666666666667,38.21116666666667
16.6,421.08,6,4500.0,0.5,True,0,3,52.1,44.09283333333333
152.71666666666667,5060.54,7,2500.0,1.0,True,8,4,140.21666666666667,146.4291666666668
99.16666666666667,4952.29,3,800.0,0.5,True,8,4,93.05,96.34216666666666
63.93333333333333,3211.38,6,4500.0,0.5,True,12,5,55.6,60.8938333333334
212.35,6103.1,6,4500.0,0.5,True,6,1,221.08333333333334,223.46516666666662
76.6,6038.59,4,1200.0,1.0,True,2,3,118.36666666666666,108.3663333333334
102.11666666666666,6643.45,6,4500.0,0.5,True,11,4,145.31666666666666,117.22833333333332
48.916666666666664,3429.41,6,4500.0,0.5,True,11,2,60.4,61.21166666666662
198.53333333333333,2236.14,1,1500.0,1.0,True,4,3,236.9,227.5676666666668
223.56666666666666,5849.71,7,2500.0,1.0,True,11,4,238.26666666666668,237.7906666666665
183.63333333333333,2046.34,2,3500.0,2.0,False,10,5,176.18333333333334,200.8266666666668
75.2,1628.73,4,1200.0,1.0,True,3,0,92.55,90.55750000000003
238.43333333333334,6699.18,3,800.0,0.5,True,8,1,271.55,267.059833333333
151.58333333333334,4359.25,6,4500.0,0.5,True,7,4,152.18333333333334,152.75533333333308
58.7,2717.82,4,1200.0,1.0,True,1,3,83.18333333333334,81.50583333333336
129.03333333333333,670.53,1,1500.0,1.0,True,2,3,162.8,154.79116666666653
96.6,6003.34,3,800.0,0.5,True,5,0,119.51666666666667,108.3001666666667
224.26666666666668,7420.34,4,1200.0,1.0,True,12,3,232.48333333333332,233.77416666666682
69.98333333333333,6860.3,7,2500.0,1.0,True,8,4,100.35,88.7556666666668
224.28333333333333,1255.43,8,4000.0,2.0,False,15,5,210.55,219.9366666666664
158.56666666666666,4071.72,5,2000.0,1.5,False,16,4,164.66666666666666,169.8399999999999
155.11666666666667,4049.33,1,1500.0,1.0,True,6,1,185.61666666666667,177.62949999999998
76.8,1603.99,3,800.0,0.5,True,0,0,76.11666666666666,87.96516666666668
147.71666666666667,2535.25,7,2500.0,1.0,True,13,5,156.95,154.4538333333335
80.76666666666667,5879.58,4,1200.0,1.0,True,0,2,97.53333333333333,99.15333333333336
49.016666666666666,2682.33,7,2500.0,1.0,True,16,4,82.66666666666667,59.01299999999999
147.51666666666668,4083.69,2,3500.0,2.0,False,10,2,173.2,169.36616666666686
229.66666666666666,5756.06,6,4500.0,0.5,True,1,2,258.28333333333336,239.11749999999995
118.41666666666667,7394.77,2,3500.0,2.0,False,6,4,117.46666666666667,123.02200000000002
227.43333333333334,7244.35,7,2500.0,1.0,True,5,4,212.45,228.72833333333335
114.63333333333334,635.64,5,2000.0,1.5,False,12,5,140.51666666666668,133.50099999999998
132.43333333333334,2685.13,2,3500.0,2.0,False,5,3,139.56666666666666,140.12200000000024
182.61666666666667,2161.41,8,4000.0,2.0,False,1,2,202.78333333333333,197.95499999999993
196.85,6318.62,5,2000.0,1.5,False,0,3,236.3,214.42650000000006
110.33333333333333,5644.98,2,3500.0,2.0,False,5,0,140.01666666666668,133.25949999999992
220.01666666666668,5437.57,5,2000.0,1.5,False,11,4,239.8,239.6534999999997
30.75,4690.98,2,3500.0,2.0,False,4,1,34.96666666666667,42.81516666666666
162.23333333333332,2267.91,5,2000.0,1.5,False,16,0,185.93333333333334,183.65083333333325
186.98333333333332,4012.46,5,2000.0,1.5,False,4,1,174.21666666666667,181.47183333333345
63.45,1673.92,2,3500.0,2.0,False,6,5,58.55,65.07116666666673
147.96666666666667,4878.55,2,3500.0,2.0,False,16,5,190.35,179.45733333333337
160.25,2651.09,7,2500.0,1.0,True,3,4,204.86666666666667,198.2836666666665
233.35,5085.58,1,1500.0,1.0,True,10,0,261.81666666666666,257.8408333333331
160.88333333333333,6312.38,6,4500.0,0.5,True,15,0,165.48333333333332,169.52733333333336
92.85,7305.5,1,1500.0,1.0,True,4,5,99.8,99.71033333333327
192.45,3015.94,2,3500.0,2.0,False,1,1,178.36666666666667,186.31116666666662
138.55,1426.4,1,1500.0,1.0,True,7,0,132.75,142.66266666666664
71.58333333333333,3805.84,4,1200.0,1.0,True,1,2,100.68333333333334,94.09416666666661
157.03333333333333,1812.98,5,2000.0,1.5,False,2,4,164.78333333333333,169.20166666666657
198.43333333333334,3100.66,6,4500.0,0.5,True,0,3,197.25,204.57150000000001
46.55,2900.43,2,3500.0,2.0,False,5,3,72.61666666666666,62.37366666666671
192.78333333333333,4611.22,2,3500.0,2.0,False,9,0,192.35,194.65183333333331
117.8,5352.03,8,4000.0,2.0,False,15,0,116.53333333333333,118.91150000000002
153.21666666666667,1536.25,6,4500.0,0.5,True,1,2,151.63333333333333,154.37166666666658
81.53333333333333,3850.78,5,2000.0,1.5,False,11,5,116.45,105.95833333333336
219.41666666666666,7850.71,2,3500.0,2.0,False,3,4,217.45,223.26200000000023
234.55,4799.96,6,4500.0,0.5,True,1,1,222.2,234.47516666666692
191.06666666666666,5200.22,5,2000.0,1.5,False,1,3,233.63333333333333,216.49950000000027
108.48333333333333,7305.95,6,4500.0,0.5,True,9,1,94.86666666666666,124.53383333333335
199.43333333333334,6451.2,8,4000.0,2.0,False,1,2,235.55,214.70233333333314
101.5,6451.12,6,4500.0,0.5,True,9,3,135.7,121.45850000000002
101.5,7298.18,5,2000.0,1.5,False,7,3,112.4,110.22716666666656
178.73333333333332,7133.67,1,1500.0,1.0,True,12,2,216.53333333333333,212.17566666666647
144.06666666666666,2155.69,5,2000.0,1.5,False,15,3,135.76666666666668,144.35833333333318
210.85,5173.6,2,3500.0,2.0,False,12,2,234.3,232.02866666666637
237.51666666666668,6233.78,1,1500.0,1.0,True,8,1,268.93333333333334,267.9669999999999
236.61666666666667,5836.84,7,2500.0,1.0,True,12,1,267.4,262.528
68.46666666666667,1352.88,5,2000.0,1.5,False,1,5,81.61666666666666,84.20783333333337
69.76666666666667,7669.48,2,3500.0,2.0,False,4,5,65.03333333333333,72.44500000000008
136.15,2758.66,5,2000.0,1.5,False,10,2,174.0,160.91316666666668
57.016666666666666,4524.63,3,800.0,0.5,True,4,2,91.55,86.38666666666673
131.25,3571.27,2,3500.0,2.0,False,12,2,121.58333333333333,130.71616666666677
232.71666666666667,3974.55,2,3500.0,2.0,False,3,4,229.83333333333334,234.01933333333315
40.55,1367.03,8,4000.0,2.0,False,15,5,46.516666666666666,45.72133333333336
209.9,1064.75,5,2000.0,1.5,False,10,4,212.9,233.11299999999991
70.51666666666667,1333.68,4,1200.0,1.0,True,9,5,105.0,95.45233333333336
137.81666666666666,3116.21,5,2000.0,1.5,False,15,4,133.5,142.3418333333333
116.31666666666666,6390.9,5,2000.0,1.5,False,6,1,113.03333333333333,122.48033333333329
216.65,5769.53,8,4000.0,2.0,False,1,2,218.56666666666666,221.47766666666664
122.46666666666667,5565.81,7,2500.0,1.0,True,15,3,143.91666666666666,138.13149999999985
86.86666666666666,4220.33,5,2000.0,1.5,False,5,1,113.73333333333333,105.91016666666664
132.76666666666668,4743.16,6,4500.0,0.5,True,5,4,148.61666666666667,146.63600000000008
230.85,5012.55,7,2500.0,1.0,True,13,4,232.83333333333334,236.8533333333332
52.85,5890.17,6,4500.0,0.5,True,6,1,51.21666666666667,57.82549999999992
148.11666666666667,2058.6,1,1500.0,1.0,True,11,1,154.8,160.28499999999977
159.28333333333333,3584.74,7,2500.0,1.0,True,11,0,155.91666666666666,162.14716666666646
128.88333333333333,6531.89,4,1200.0,1.0,True,15,3,156.18333333333334,151.22599999999971
218.05,4974.63,5,2000.0,1.5,False,6,5,214.98333333333332,219.75516666666672
113.83333333333333,2726.06,3,800.0,0.5,True,7,1,150.16666666666666,140.26383333333325
116.23333333333333,2440.67,5,2000.0,1.5,False,6,4,138.25,133.2445
137.36666666666667,4593.69,2,3500.0,2.0,False,1,1,179.43333333333334,170.29849999999976
63.583333333333336,6052.58,1,1500.0,1.0,True,13,5,76.11666666666666,75.48633333333338
62.85,2297.5,5,2000.0,1.5,False,13,5,91.15,83.97016666666657
166.08333333333334,682.32,2,3500.0,2.0,False,1,2,194.45,185.2390000000002
44.71666666666667,4221.91,7,2500.0,1.0,True,8,1,71.15,62.97383333333326
67.45,4394.0,5,2000.0,1.5,False,10,5,91.71666666666667,77.74683333333337
155.81666666666666,3892.55,4,1200.0,1.0,True,15,3,166.36666666666667,175.84533333333326
40.53333333333333,2118.48,5,2000.0,1.5,False,16,1,74.76666666666667,66.73066666666665
86.21666666666667,6397.53,3,800.0,0.5,True,9,4,88.81666666666666,92.02699999999999
97.56666666666666,3866.9,1,1500.0,1.0,True,7,1,85.56666666666666,103.76366666666668
104.18333333333334,5503.62,8,4000.0,2.0,False,16,1,131.26666666666668,124.01233333333326
92.06666666666666,7486.4,1,1500.0,1.0,True,6,5,93.33333333333333,95.72416666666662
178.75,1136.78,6,4500.0,0.5,True,12,0,169.71666666666667,182.9938333333334
189.05,4847.86,6,4500.0,0.5,True,7,4,224.8,216.05333333333311
182.58333333333334,6607.63,2,3500.0,2.0,False,0,4,192.95,191.7725000000003
189.51666666666668,6283.74,7,2500.0,1.0,True,13,5,197.0,202.1358333333333
57.96666666666667,6199.16,7,2500.0,1.0,True,10,2,69.08333333333333,72.72566666666657
232.18333333333334,5444.06,7,2500.0,1.0,True,0,5,247.25,247.327
129.23333333333332,2499.68,1,1500.0,1.0,True,4,2,141.2,149.11233333333325
232.8,4077.26,1,1500.0,1.0,True,11,5,243.78333333333333,242.0223333333331
40.85,7361.91,7,2500.0,1.0,True,3,5,58.4,59.154666666666635
46.25,2306.16,6,4500.0,0.5,True,1,1,87.35,76.46266666666675
235.93333333333334,5532.34,5,2000.0,1.5,False,0,3,260.35,258.9076666666665
127.21666666666667,1073.68,3,800.0,0.5,True,0,0,171.58333333333334,154.89733333333328
231.83333333333334,5460.05,2,3500.0,2.0,False,5,4,259.23333333333335,250.43016666666676
203.18333333333334,1757.64,2,3500.0,2.0,False,4,4,205.06666666666666,213.21933333333337
226.88333333333333,5224.32,8,4000.0,2.0,False,6,0,270.15,235.5201666666667
209.0,2692.21,6,4500.0,0.5,True,12,4,251.93333333333334,241.36066666666682
106.63333333333334,4657.11,3,800.0,0.5,True,6,4,142.68333333333334,102.15299999999996
185.21666666666667,5624.59,6,4500.0,0.5,True,11,1,181.03333333333333,183.571
62.55,2338.17,5,2000.0,1.5,False,6,1,88.36666666666666,71.58316666666664
58.483333333333334,6640.11,6,4500.0,0.5,True,12,5,68.46666666666667,69.77333333333324
44.416666666666664,3657.35,3,800.0,0.5,True,2,2,63.766666666666666,45.683
137.56666666666666,1098.24,4,1200.0,1.0,True,7,2,165.83333333333334,151.1864999999999
166.3,2993.25,5,2000.0,1.5,False,6,0,167.05,170.22399999999982
152.31666666666666,4891.81,5,2000.0,1.5,False,4,5,150.08333333333334,155.602
128.3,4713.85,8,4000.0,2.0,False,12,4,142.38333333333333,143.58983333333325
200.25,7862.92,4,1200.0,1.0,True,2,2,231.05,231.62033333333295
180.61666666666667,5025.58,5,2000.0,1.5,False,2,0,219.03333333333333,186.01733333333345
95.08333333333333,2221.19,3,800.0,0.5,True,10,2,125.23333333333333,119.67750000000007
90.83333333333333,6360.28,8,4000.0,2.0,False,10,3,82.68333333333334,97.94049999999999
175.91666666666666,1772.03,5,2000.0,1.5,False,5,4,168.6,174.3186666666668
98.13333333333334,5707.74,4,1200.0,1.0,True,16,3,98.41666666666667,108.31816666666671
135.8,7199.21,8,4000.0,2.0,False,9,3,143.63333333333333,145.77083333333326
228.18333333333334,4194.57,3,800.0,0.5,True,14,5,257.81666666666666,252.09316666666658
71.95,1433.59,2,3500.0,2.0,False,16,5,87.48333333333333,87.15916666666674
158.75,2620.18,8,4000.0,2.0,False,12,0,200.98333333333332,188.67550000000014
94.76666666666667,2364.96,1,1500.0,1.0,True,3,0,114.73333333333333,112.94166666666675
201.83333333333334,6489.15,7,2500.0,1.0,True,1,1,187.88333333333333,201.91633333333354
115.6,7608.66,7,2500.0,1.0,True,1,1,151.55,143.1893333333332
123.33333333333333,1310.88,3,800.0,0.5,True,1,2,147.36666666666667,146.19066666666666
234.11666666666667,4693.29,3,800.0,0.5,True,4,4,225.28333333333333,233.48749999999976
89.41666666666667,4006.46,3,800.0,0.5,True,11,4,77.26666666666667,90.72649999999997
100.9,2342.41,4,1200.0,1.0,True,6,5,93.18333333333334,97.7969999999999
34.6,5524.24,3,800.0,0.5,True,0,2,40.21666666666667,47.34283333333332
120.73333333333333,7570.25,7,2500.0,1.0,True,11,0,108.53333333333333,131.20916666666665
169.05,6489.67,4,1200.0,1.0,True,9,3,202.3,197.06166666666635
169.83333333333334,2869.19,6,4500.0,0.5,True,11,2,174.53333333333333,178.3519999999999
22.9,220.85,6,4500.0,0.5,True,0,1,59.11666666666667,49.34150000000004
44.86666666666667,642.56,6,4500.0,0.5,True,0,1,28.766666666666666,35.11733333333337
22.7,1114.76,6,4500.0,0.5,True,5,4,32.483333333333334,35.04899999999995
36.65,484.25,6,4500.0,0.5,True,5,4,23.033333333333335,27.07966666666665
29.5,330.17,6,4500.0,0.5,True,5,0,27.166666666666668,30.585500000000007
30.366666666666667,1487.3,6,4500.0,0.5,True,3,4,20.366666666666667,27.249500000000012
41.03333333333333,789.34,6,4500.0,0.5,True,3,4,55.36666666666667,45.73416666666666
36.15,308.45,6,4500.0,0.5,True,1,4,34.28333333333333,38.091166666666645
34.96666666666667,273.39,6,4500.0,0.5,True,1,4,58.0,50.39083333333334
44.083333333333336,1114.66,6,4500.0,0.5,True,1,4,59.3,55.13116666666672
30.816666666666666,244.06,6,4500.0,0.5,True,1,4,53.56666666666667,48.126333333333314
26.95,1011.9,6,4500.0,0.5,True,2,1,26.966666666666665,32.786000000000016
41.7,660.36,6,4500.0,0.5,True,2,1,56.85,48.827000000000005
39.75,1486.68,6,4500.0,0.5,True,5,4,36.28333333333333,34.27966666666666
42.7,853.05,6,4500.0,0.5,True,5,4,41.31666666666667,40.661499999999975
23.383333333333333,557.8,6,4500.0,0.5,True,1,4,41.46666666666667,41.22866666666668
24.1,1143.38,6,4500.0,0.5,True,1,4,40.1,40.80049999999995
43.9,784.74,6,4500.0,0.5,True,5,3,50.86666666666667,38.575666666666656
17.05,1462.17,6,4500.0,0.5,True,5,3,46.7,44.97999999999996
30.616666666666667,556.4,6,4500.0,0.5,True,4,1,35.11666666666667,37.17666666666668
30.966666666666665,210.76,6,4500.0,0.5,True,4,1,41.833333333333336,41.651833333333315
34.55,1342.05,6,4500.0,0.5,True,2,4,49.68333333333333,47.92383333333335
19.233333333333334,1324.34,6,4500.0,0.5,True,2,4,45.583333333333336,45.433166666666686
43.78333333333333,1231.61,6,4500.0,0.5,True,5,1,25.666666666666668,30.04416666666665
35.583333333333336,207.77,6,4500.0,0.5,True,5,1,38.9,39.80499999999998
20.366666666666667,955.06,6,4500.0,0.5,True,0,3,30.366666666666667,36.04866666666667
32.28333333333333,1373.58,6,4500.0,0.5,True,0,3,54.71666666666667,49.56633333333331
26.866666666666667,1177.22,6,4500.0,0.5,True,4,0,49.95,45.220166666666636
34.733333333333334,1279.57,6,4500.0,0.5,True,4,0,34.0,36.1675
39.78333333333333,138.63,6,4500.0,0.5,True,1,1,29.15,31.517500000000037
44.06666666666667,157.17,6,4500.0,0.5,True,1,1,43.25,47.035166666666676
42.416666666666664,875.69,6,4500.0,0.5,True,1,1,39.38333333333333,40.93816666666662
31.866666666666667,814.94,6,4500.0,0.5,True,1,1,59.8,52.179333333333396
26.5,493.88,6,4500.0,0.5,True,4,4,59.28333333333333,37.40683333333333
29.1,1167.31,6,4500.0,0.5,True,4,4,22.466666666666665,30.105166666666673
30.216666666666665,624.1,6,4500.0,0.5,True,3,4,33.03333333333333,37.36749999999997
36.083333333333336,1332.04,6,4500.0,0.5,True,3,4,39.46666666666667,41.034166666666685
29.283333333333335,1485.74,6,4500.0,0.5,True,3,0,50.05,42.71166666666673
16.183333333333334,889.05,6,4500.0,0.5,True,3,0,44.53333333333333,43.727166666666655
19.833333333333332,634.93,6,4500.0,0.5,True,0,1,57.333333333333336,39.64883333333332
18.466666666666665,1306.39,6,4500.0,0.5,True,0,1,53.31666666666667,50.149999999999984
43.166666666666664,575.04,6,4500.0,0.5,True,5,3,20.433333333333334,30.469666666666694
28.283333333333335,411.47,6,4500.0,0.5,True,5,3,44.6,41.31199999999998
20.0,823.96,6,4500.0,0.5,True,2,1,49.71666666666667,46.04549999999999
43.8,1371.04,6,4500.0,0.5,True,2,1,32.483333333333334,35.0228333333333
33.0,263.96,6,4500.0,0.5,True,4,1,32.35,43.311333333333344
42.2,1384.35,6,4500.0,0.5,True,4,1,20.35,23.44033333333331
37.88333333333333,1499.82,6,4500.0,0.5,True,3,1,23.05,28.215166666666686
21.733333333333334,435.13,6,4500.0,0.5,True,3,1,53.416666666666664,49.807833333333356
34.35,658.59,6,4500.0,0.5,True,3,0,21.716666666666665,29.32300000000002
20.5,855.45,6,4500.0,0.5,True,3,0,57.983333333333334,41.77800000000001
36.7,236.51,6,4500.0,0.5,True,0,1,29.666666666666668,29.57099999999998
38.65,510.68,6,4500.0,0.5,True,0,1,38.1,37.580999999999946
39.3,172.86,6,4500.0,0.5,True,2,0,20.866666666666667,27.397499999999994
41.75,864.54,6,4500.0,0.5,True,2,0,20.6,43.22833333333331
37.083333333333336,321.42,6,4500.0,0.5,True,3,1,26.183333333333334,29.97066666666668
40.86666666666667,1213.36,6,4500.0,0.5,True,3,1,59.583333333333336,44.41666666666664
32.18333333333333,558.43,6,4500.0,0.5,True,5,0,31.583333333333332,33.023666666666685
25.966666666666665,1125.61,6,4500.0,0.5,True,5,0,30.966666666666665,33.70183333333334
26.0,673.12,6,4500.0,0.5,True,2,4,47.233333333333334,44.7901666666666
31.833333333333332,635.08,6,4500.0,0.5,True,2,4,47.8,45.614666666666714
22.25,282.43,6,4500.0,0.5,True,5,0,34.55,37.1686666666667
36.45,940.98,6,4500.0,0.5,True,5,0,44.583333333333336,39.93983333333335
42.8,377.89,6,4500.0,0.5,True,1,3,33.75,40.36349999999999
16.2,970.33,6,4500.0,0.5,True,1,3,48.233333333333334,47.21449999999997
44.68333333333333,1095.4,6,4500.0,0.5,True,0,0,41.8,45.29566666666671
44.38333333333333,1310.93,6,4500.0,0.5,True,0,0,54.25,50.466166666666666
42.36666666666667,854.2,6,4500.0,0.5,True,0,3,55.31666666666667,50.794999999999966
34.666666666666664,457.3,6,4500.0,0.5,True,0,3,52.78333333333333,48.89350000000001
23.033333333333335,928.56,6,4500.0,0.5,True,5,4,36.45,44.04533333333331
18.216666666666665,446.04,6,4500.0,0.5,True,5,4,43.333333333333336,43.187000000000026
32.38333333333333,1162.32,6,4500.0,0.5,True,0,4,45.88333333333333,42.06983333333331
21.766666666666666,401.73,6,4500.0,0.5,True,0,4,47.666666666666664,35.75433333333335
15.316666666666666,144.17,6,4500.0,0.5,True,0,3,28.2,32.65683333333329
34.016666666666666,693.6,6,4500.0,0.5,True,0,3,44.333333333333336,41.39500000000004
15.4,1112.5,6,4500.0,0.5,True,4,3,48.86666666666667,37.68133333333333
35.56666666666667,371.14,6,4500.0,0.5,True,4,3,30.2,35.012666666666625
43.35,1072.58,6,4500.0,0.5,True,3,1,29.383333333333333,34.80999999999999
35.4,740.72,6,4500.0,0.5,True,3,1,27.4,30.697833333333364
43.21666666666667,1392.87,6,4500.0,0.5,True,0,3,32.38333333333333,42.428499999999985
38.1,607.03,6,4500.0,0.5,True,0,3,54.31666666666667,47.82083333333332
25.45,1383.69,6,4500.0,0.5,True,1,4,51.5,42.55416666666666
25.383333333333333,443.75,6,4500.0,0.5,True,1,4,23.233333333333334,30.1163333333333
17.6,1169.41,6,4500.0,0.5,True,2,3,50.65,49.12099999999999
22.383333333333333,284.35,6,4500.0,0.5,True,2,3,41.21666666666667,39.28150000000002
34.666666666666664,1279.34,6,4500.0,0.5,True,5,4,54.833333333333336,50.07766666666668
23.533333333333335,396.61,6,4500.0,0.5,True,5,4,57.95,51.819833333333264
44.516666666666666,1352.23,6,4500.0,0.5,True,0,4,31.0,45.70466666666666
31.1,659.06,6,4500.0,0.5,True,0,4,26.9,30.899666666666704
34.6,113.01,6,4500.0,0.5,True,3,3,32.28333333333333,36.90266666666665
22.916666666666668,1312.71,6,4500.0,0.5,True,3,3,59.766666666666666,44.732000000000006
35.21666666666667,230.23,6,4500.0,0.5,True,4,4,32.5,35.156666666666666
18.533333333333335,1351.95,6,4500.0,0.5,True,4,4,58.016666666666666,52.34666666666667
35.78333333333333,261.79,6,4500.0,0.5,True,5,4,47.13333333333333,40.49583333333332
30.966666666666665,695.15,6,4500.0,0.5,True,5,4,28.833333333333332,33.2811666666667
33.2,1497.08,6,4500.0,0.5,True,5,0,51.05,42.2678333333334
25.016666666666666,1043.86,6,4500.0,0.5,True,5,0,58.81666666666667,51.47299999999996
23.883333333333333,1216.83,6,4500.0,0.5,True,4,1,20.783333333333335,29.38149999999999
38.85,810.31,6,4500.0,0.5,True,4,1,50.9,46.927166666666665
36.81666666666667,597.4,6,4500.0,0.5,True,4,4,30.733333333333334,32.92366666666661
19.15,1289.6,6,4500.0,0.5,True,4,4,52.21666666666667,49.570499999999996
15.366666666666667,683.67,6,4500.0,0.5,True,5,0,30.55,34.40233333333337
21.766666666666666,380.15,6,4500.0,0.5,True,5,0,50.65,47.04000000000003
32.21666666666667,1089.56,6,4500.0,0.5,True,4,4,29.816666666666666,33.659333333333315
20.766666666666666,1212.34,6,4500.0,0.5,True,4,4,46.483333333333334,45.21816666666663
22.933333333333334,1396.62,6,4500.0,0.5,True,5,4,22.666666666666668,44.023166666666675
35.61666666666667,1297.65,6,4500.0,0.5,True,5,4,58.28333333333333,53.777166666666716
33.86666666666667,1003.78,6,4500.0,0.5,True,4,0,47.95,44.88399999999995
24.85,1187.57,6,4500.0,0.5,True,4,0,44.78333333333333,43.64716666666667
37.1,750.68,6,4500.0,0.5,True,2,1,33.0,34.216333333333324
34.93333333333333,844.28,6,4500.0,0.5,True,2,1,45.666666666666664,44.28666666666666
26.466666666666665,739.81,6,4500.0,0.5,True,1,1,31.366666666666667,31.339166666666674
24.966666666666665,1084.16,6,4500.0,0.5,True,1,1,52.833333333333336,47.51016666666667
25.083333333333332,271.48,6,4500.0,0.5,True,4,4,26.25,30.69666666666667
22.65,1497.41,6,4500.0,0.5,True,4,4,45.083333333333336,39.71116666666669
24.383333333333333,505.23,6,4500.0,0.5,True,1,1,57.016666666666666,50.66916666666669
19.1,1302.53,6,4500.0,0.5,True,1,1,57.016666666666666,52.97616666666667
40.6,232.12,6,4500.0,0.5,True,4,4,28.75,32.43016666666666
44.8,1489.0,6,4500.0,0.5,True,4,4,31.533333333333335,31.00233333333332
40.03333333333333,1492.12,6,4500.0,0.5,True,1,1,49.333333333333336,42.81050000000004
27.7,1267.42,6,4500.0,0.5,True,1,1,36.7,35.291666666666636
37.666666666666664,482.65,6,4500.0,0.5,True,2,4,32.833333333333336,37.37250000000001
43.75,1281.05,6,4500.0,0.5,True,2,4,25.35,32.427999999999976
25.35,1099.55,6,4500.0,0.5,True,3,1,26.383333333333333,33.314333333333344
26.216666666666665,1238.01,6,4500.0,0.5,True,3,1,35.666666666666664,34.798166666666646
19.283333333333335,1191.0,6,4500.0,0.5,True,5,1,24.483333333333334,28.629833333333316
35.333333333333336,154.75,6,4500.0,0.5,True,5,1,25.316666666666666,31.32633333333331
33.25,1198.95,6,4500.0,0.5,True,0,1,42.766666666666666,40.0668333333334
22.75,124.68,6,4500.0,0.5,True,0,1,26.85,31.9233333333333
24.066666666666666,1238.23,6,4500.0,0.5,True,5,4,41.06666666666667,39.01983333333331
41.65,287.4,6,4500.0,0.5,True,5,4,32.166666666666664,35.30766666666668
18.783333333333335,936.45,6,4500.0,0.5,True,4,4,48.733333333333334,44.604166666666586
30.1,619.21,6,4500.0,0.5,True,4,4,56.733333333333334,47.66066666666665
42.46666666666667,579.2,6,4500.0,0.5,True,4,3,58.833333333333336,49.01316666666669
41.0,1132.17,6,4500.0,0.5,True,4,3,29.116666666666667,34.61766666666667
20.5,242.63,6,4500.0,0.5,True,3,4,46.61666666666667,45.66683333333334
23.95,224.02,6,4500.0,0.5,True,3,4,37.25,40.26416666666666
31.083333333333332,490.86,6,4500.0,0.5,True,5,4,30.083333333333332,34.52250000000002
21.416666666666668,947.68,6,4500.0,0.5,True,5,4,33.2,38.7228333333333
25.383333333333333,1206.22,6,4500.0,0.5,True,4,1,56.21666666666667,44.79366666666667
29.85,1329.04,6,4500.0,0.5,True,4,1,20.083333333333332,22.859833333333334
41.983333333333334,117.63,6,4500.0,0.5,True,0,0,51.96666666666667,47.33916666666665
18.066666666666666,1353.13,6,4500.0,0.5,True,0,0,36.45,38.454833333333276
41.56666666666667,1223.84,6,4500.0,0.5,True,0,4,35.53333333333333,38.21383333333331
22.8,510.11,6,4500.0,0.5,True,0,4,58.55,42.309833333333366
35.88333333333333,187.18,6,4500.0,0.5,True,5,1,45.1,42.9988333333333
15.866666666666667,1134.63,6,4500.0,0.5,True,5,1,34.983333333333334,35.999499999999955
42.983333333333334,1414.02,6,4500.0,0.5,True,5,1,28.983333333333334,28.745499999999964
38.25,441.16,6,4500.0,0.5,True,5,1,54.35,37.82749999999999
33.1,677.55,6,4500.0,0.5,True,2,4,20.6,29.17599999999998
37.333333333333336,602.89,6,4500.0,0.5,True,2,4,44.483333333333334,41.605499999999935
43.65,1055.36,6,4500.0,0.5,True,2,3,38.86666666666667,38.622000000000014
35.06666666666667,704.76,6,4500.0,0.5,True,2,3,46.3,43.710500000000046
18.066666666666666,1024.56,6,4500.0,0.5,True,0,1,32.71666666666667,46.6815
43.8,328.92,6,4500.0,0.5,True,0,1,57.38333333333333,49.8378333333333
28.533333333333335,1387.28,6,4500.0,0.5,True,0,1,49.28333333333333,47.213833333333376
27.85,1192.83,6,4500.0,0.5,True,0,1,22.516666666666666,27.949333333333346
30.75,604.6,6,4500.0,0.5,True,2,1,41.083333333333336,41.591166666666716
16.066666666666666,1234.29,6,4500.0,0.5,True,2,1,54.333333333333336,51.745166666666655
31.233333333333334,426.86,6,4500.0,0.5,True,4,4,59.666666666666664,48.843333333333334
38.75,1377.46,6,4500.0,0.5,True,4,4,24.85,30.453166666666654
29.35,1105.99,6,4500.0,0.5,True,5,4,57.2,50.79499999999994
22.85,798.99,6,4500.0,0.5,True,5,4,51.85,46.37949999999998
18.116666666666667,883.7,6,4500.0,0.5,True,4,3,54.166666666666664,47.72116666666667
16.3,1364.52,6,4500.0,0.5,True,4,3,43.71666666666667,42.01766666666666
17.833333333333332,1347.6,6,4500.0,0.5,True,3,4,49.8,48.987166666666724
34.93333333333333,1120.52,6,4500.0,0.5,True,3,4,20.9,29.069500000000033
21.366666666666667,906.91,6,4500.0,0.5,True,3,4,36.65,41.48866666666669
16.65,1374.76,6,4500.0,0.5,True,3,4,49.6,45.84283333333334
22.75,1469.64,6,4500.0,0.5,True,5,1,44.05,42.10133333333339
32.1,526.84,6,4500.0,0.5,True,5,1,33.18333333333333,34.327666666666694
43.61666666666667,1313.71,6,4500.0,0.5,True,3,4,36.516666666666666,37.1423333333334
15.033333333333333,754.26,6,4500.0,0.5,True,3,4,34.06666666666667,35.25966666666665
43.15,1228.88,6,4500.0,0.5,True,3,4,57.666666666666664,51.82950000000001
40.31666666666667,838.83,6,4500.0,0.5,True,3,4,59.416666666666664,51.09233333333336
27.166666666666668,146.62,6,4500.0,0.5,True,4,1,29.05,35.66616666666668
36.68333333333333,541.11,6,4500.0,0.5,True,4,1,41.03333333333333,36.994333333333316
18.783333333333335,789.16,6,4500.0,0.5,True,3,1,38.416666666666664,37.21883333333332
40.8,1365.04,6,4500.0,0.5,True,3,1,24.933333333333334,34.53566666666668
17.283333333333335,1215.93,6,4500.0,0.5,True,1,1,58.63333333333333,52.398333333333305
41.166666666666664,193.11,6,4500.0,0.5,True,1,1,39.1,39.000333333333295
30.583333333333332,1224.89,6,4500.0,0.5,True,0,1,42.63333333333333,39.867333333333335
33.31666666666667,921.78,6,4500.0,0.5,True,0,1,53.78333333333333,48.25283333333335
39.86666666666667,967.26,6,4500.0,0.5,True,3,4,22.65,32.571500000000036
36.483333333333334,1069.65,6,4500.0,0.5,True,3,4,55.35,50.51066666666669
15.65,696.39,6,4500.0,0.5,True,4,1,54.56666666666667,48.097666666666676
28.316666666666666,605.54,6,4500.0,0.5,True,4,1,20.566666666666666,27.267833333333307
25.85,483.23,6,4500.0,0.5,True,1,0,44.583333333333336,41.70183333333338
33.18333333333333,320.63,6,4500.0,0.5,True,1,0,49.88333333333333,46.4803333333333
20.0,420.88,6,4500.0,0.5,True,0,1,29.933333333333334,46.28766666666665
21.783333333333335,872.03,6,4500.0,0.5,True,0,1,49.233333333333334,44.50383333333329
30.266666666666666,547.25,6,4500.0,0.5,True,5,3,47.8,44.71950000000007
26.683333333333334,1065.75,6,4500.0,0.5,True,5,3,28.25,30.547166666666662
22.1,572.82,6,4500.0,0.5,True,5,1,37.25,40.10016666666667
44.483333333333334,491.2,6,4500.0,0.5,True,5,1,38.416666666666664,39.538833333333294
15.333333333333334,1019.86,6,4500.0,0.5,True,5,1,32.55,33.7526666666667
18.433333333333334,648.52,6,4500.0,0.5,True,5,1,54.583333333333336,47.898166666666654
25.7,299.67,6,4500.0,0.5,True,5,1,51.516666666666666,46.84150000000005
34.56666666666667,348.79,6,4500.0,0.5,True,5,1,24.8,29.261833333333346
15.8,1284.44,6,4500.0,0.5,True,1,0,47.0,46.33466666666667
28.416666666666668,989.85,6,4500.0,0.5,True,1,0,54.65,48.233166666666655
37.833333333333336,1138.98,6,4500.0,0.5,True,5,4,43.11666666666667,41.15716666666669
21.433333333333334,1419.31,6,4500.0,0.5,True,5,4,58.15,51.09283333333329
24.983333333333334,149.25,6,4500.0,0.5,True,2,3,42.3,36.486
36.6,111.53,6,4500.0,0.5,True,2,3,27.933333333333334,31.233000000000008
23.016666666666666,1189.83,6,4500.0,0.5,True,2,4,57.7,52.752833333333264
35.516666666666666,174.92,6,4500.0,0.5,True,2,4,46.733333333333334,45.84333333333328
31.383333333333333,718.73,6,4500.0,0.5,True,0,4,24.766666666666666,29.35766666666672
22.683333333333334,200.78,6,4500.0,0.5,True,0,4,38.9,40.92016666666672
29.066666666666666,888.1,6,4500.0,0.5,True,2,3,47.21666666666667,46.78616666666667
35.05,480.06,6,4500.0,0.5,True,2,3,58.96666666666667,52.47483333333333
27.233333333333334,869.06,6,4500.0,0.5,True,3,1,42.96666666666667,32.342
30.433333333333334,924.71,6,4500.0,0.5,True,3,1,56.45,50.654999999999944
20.3,498.45,6,4500.0,0.5,True,2,3,42.666666666666664,43.046499999999966
42.78333333333333,894.77,6,4500.0,0.5,True,2,3,54.13333333333333,49.66999999999997
36.083333333333336,531.92,6,4500.0,0.5,True,3,3,37.3,38.176666666666726
43.483333333333334,1076.52,6,4500.0,0.5,True,3,3,20.933333333333334,27.218000000000025
43.31666666666667,1293.64,6,4500.0,0.5,True,1,0,23.1,40.79949999999999
40.2,240.56,6,4500.0,0.5,True,1,0,28.933333333333334,29.37816666666668
33.35,273.15,6,4500.0,0.5,True,0,1,47.583333333333336,45.87416666666669
44.083333333333336,540.13,6,4500.0,0.5,True,0,1,48.21666666666667,47.12600000000001
28.55,1221.22,6,4500.0,0.5,True,5,0,39.96666666666667,36.83833333333336
36.28333333333333,218.4,6,4500.0,0.5,True,5,0,58.2,39.54066666666666
19.133333333333333,1032.72,6,4500.0,0.5,True,0,0,56.88333333333333,47.233999999999966
24.65,1467.18,6,4500.0,0.5,True,0,0,58.3,51.82566666666673
38.483333333333334,348.53,6,4500.0,0.5,True,4,3,54.25,48.543500000000016
41.68333333333333,933.12,6,4500.0,0.5,True,4,3,28.283333333333335,33.84133333333332
38.583333333333336,1337.94,6,4500.0,0.5,True,2,0,59.25,43.01683333333332
29.65,395.42,6,4500.0,0.5,True,2,0,59.266666666666666,50.84050000000003
34.85,1343.1,6,4500.0,0.5,True,0,1,57.833333333333336,53.438166666666675
23.666666666666668,616.78,6,4500.0,0.5,True,0,1,35.56666666666667,38.29549999999998
23.433333333333334,1485.64,6,4500.0,0.5,True,3,3,20.033333333333335,25.847666666666655
19.8,317.49,6,4500.0,0.5,True,3,3,27.95,37.39933333333335
16.583333333333332,255.63,6,4500.0,0.5,True,4,1,29.3,35.33300000000001
29.35,1083.02,6,4500.0,0.5,True,4,1,41.3,39.22550000000005
17.033333333333335,1282.95,6,4500.0,0.5,True,1,3,57.03333333333333,51.86200000000002
15.183333333333334,279.95,6,4500.0,0.5,True,1,3,36.95,37.145999999999944
33.916666666666664,1181.24,6,4500.0,0.5,True,4,1,20.6,25.04499999999998
24.816666666666666,478.32,6,4500.0,0.5,True,4,1,37.1,43.74500000000002
16.85,469.23,6,4500.0,0.5,True,2,1,50.483333333333334,48.40466666666663
16.8,1313.6,6,4500.0,0.5,True,2,1,38.53333333333333,46.29166666666665
32.38333333333333,947.36,6,4500.0,0.5,True,3,0,48.766666666666666,45.39483333333335
19.016666666666666,383.14,6,4500.0,0.5,True,3,0,21.766666666666666,26.749666666666702
43.61666666666667,530.29,6,4500.0,0.5,True,2,4,44.53333333333333,42.35116666666665
32.36666666666667,953.83,6,4500.0,0.5,True,2,4,23.983333333333334,33.07716666666661
34.88333333333333,975.47,6,4500.0,0.5,True,4,1,30.85,34.60216666666663
33.06666666666667,705.84,6,4500.0,0.5,True,4,1,46.583333333333336,43.61750000000003
34.0,503.72,6,4500.0,0.5,True,0,1,23.616666666666667,30.31249999999999
15.35,1232.79,6,4500.0,0.5,True,0,1,45.3,43.834666666666706
19.1,365.38,6,4500.0,0.5,True,2,4,28.65,38.93750000000004
25.85,1493.85,6,4500.0,0.5,True,2,4,22.95,26.035499999999978
36.18333333333333,853.05,6,4500.0,0.5,True,3,4,45.06666666666667,44.12349999999998
26.683333333333334,995.92,6,4500.0,0.5,True,3,4,55.03333333333333,47.79566666666668
15.683333333333334,313.35,6,4500.0,0.5,True,3,4,38.583333333333336,44.362000000000016
42.6,732.62,6,4500.0,0.5,True,3,4,37.63333333333333,43.86483333333334
30.966666666666665,1421.01,6,4500.0,0.5,True,4,4,41.63333333333333,40.14483333333333
16.216666666666665,213.96,6,4500.0,0.5,True,4,4,40.53333333333333,42.729666666666674
22.283333333333335,964.29,6,4500.0,0.5,True,3,1,58.666666666666664,51.207166666666666
35.233333333333334,271.06,6,4500.0,0.5,True,3,1,49.43333333333333,42.405333333333346
30.916666666666668,247.24,6,4500.0,0.5,True,0,0,24.983333333333334,32.614499999999964
30.383333333333333,597.2,6,4500.0,0.5,True,0,0,43.266666666666666,42.75533333333334
26.133333333333333,1168.98,6,4500.0,0.5,True,0,4,46.86666666666667,44.21366666666668
44.833333333333336,1233.68,6,4500.0,0.5,True,0,4,48.06666666666667,47.392666666666656
32.85,1475.82,6,4500.0,0.5,True,4,3,52.93333333333333,46.64350000000003
25.966666666666665,550.19,6,4500.0,0.5,True,4,3,35.266666666666666,36.51750000000006
18.866666666666667,1204.42,6,4500.0,0.5,True,1,4,24.833333333333332,29.042000000000026
34.05,477.89,6,4500.0,0.5,True,1,4,33.35,37.68549999999995
32.38333333333333,636.66,6,4500.0,0.5,True,5,1,42.78333333333333,39.21083333333332
37.38333333333333,185.78,6,4500.0,0.5,True,5,1,49.38333333333333,44.95299999999997
34.81666666666667,434.41,6,4500.0,0.5,True,0,1,34.166666666666664,41.22516666666667
30.066666666666666,639.75,6,4500.0,0.5,True,0,1,26.55,39.72200000000004
40.95,338.48,6,4500.0,0.5,True,4,3,23.05,29.157000000000025
40.083333333333336,263.78,6,4500.0,0.5,True,4,3,36.61666666666667,35.49183333333335
18.333333333333332,1297.29,6,4500.0,0.5,True,1,1,34.233333333333334,40.189333333333266
34.31666666666667,326.98,6,4500.0,0.5,True,1,1,30.133333333333333,40.50783333333333
38.266666666666666,922.35,6,4500.0,0.5,True,5,3,40.38333333333333,39.78216666666665
25.2,900.36,6,4500.0,0.5,True,5,3,44.2,42.144
40.86666666666667,1138.45,6,4500.0,0.5,True,2,3,47.18333333333333,43.19066666666669
43.55,880.38,6,4500.0,0.5,True,2,3,22.4,31.194000000000027
23.666666666666668,1041.39,6,4500.0,0.5,True,4,3,42.03333333333333,39.78149999999998
22.516666666666666,1464.98,6,4500.0,0.5,True,4,3,41.5,42.87966666666667
35.96666666666667,1063.81,6,4500.0,0.5,True,5,0,44.9,43.127166666666724
22.916666666666668,623.52,6,4500.0,0.5,True,5,0,59.11666666666667,51.6076666666667
25.266666666666666,532.47,6,4500.0,0.5,True,5,0,44.06666666666667,45.090499999999984
16.983333333333334,164.92,6,4500.0,0.5,True,5,0,37.233333333333334,36.23249999999994
30.316666666666666,1220.17,6,4500.0,0.5,True,5,0,25.5,32.31250000000001
37.36666666666667,791.45,6,4500.0,0.5,True,2,0,45.416666666666664,42.53016666666663
25.466666666666665,1080.1,6,4500.0,0.5,True,2,0,43.38333333333333,36.87033333333333
20.283333333333335,693.75,6,4500.0,0.5,True,1,0,49.666666666666664,46.71949999999996
31.566666666666666,549.64,6,4500.0,0.5,True,1,0,59.46666666666667,49.95833333333329
38.81666666666667,945.67,6,4500.0,0.5,True,5,1,33.53333333333333,35.66349999999998
32.516666666666666,1315.61,6,4500.0,0.5,True,5,1,22.433333333333334,25.04733333333336
44.8,1489.47,6,4500.0,0.5,True,1,1,28.783333333333335,32.76366666666665
15.5,1122.27,6,4500.0,0.5,True,1,1,31.15,38.39216666666671
44.21666666666667,170.1,6,4500.0,0.5,True,1,1,57.266666666666666,52.26416666666668
22.033333333333335,837.02,6,4500.0,0.5,True,1,1,28.45,33.89649999999997
26.3,1182.5,6,4500.0,0.5,True,4,1,37.3,37.38883333333338
33.78333333333333,251.39,6,4500.0,0.5,True,4,1,46.78333333333333,43.98400000000001
17.35,1383.26,6,4500.0,0.5,True,0,0,30.416666666666668,35.16116666666664
27.816666666666666,417.62,6,4500.0,0.5,True,0,0,51.96666666666667,37.87066666666672
25.783333333333335,657.6,6,4500.0,0.5,True,1,4,59.75,40.28733333333334
44.016666666666666,1104.12,6,4500.0,0.5,True,1,4,46.38333333333333,49.03016666666664
31.083333333333332,1045.01,6,4500.0,0.5,True,2,4,32.266666666666666,39.98983333333335
27.183333333333334,1026.95,6,4500.0,0.5,True,2,4,51.416666666666664,41.34049999999999
37.35,258.27,6,4500.0,0.5,True,3,4,21.6,26.11366666666663
31.75,296.88,6,4500.0,0.5,True,3,4,21.9,41.73449999999999
23.716666666666665,1010.23,6,4500.0,0.5,True,5,4,31.4,35.14283333333336
35.11666666666667,1087.44,6,4500.0,0.5,True,5,4,40.36666666666667,41.72866666666668
22.933333333333334,779.95,6,4500.0,0.5,True,5,1,25.9,45.221333333333334
16.483333333333334,797.11,6,4500.0,0.5,True,5,1,35.166666666666664,42.14966666666668
31.066666666666666,247.07,6,4500.0,0.5,True,5,4,40.55,39.87800000000005
22.233333333333334,949.58,6,4500.0,0.5,True,5,4,47.78333333333333,44.22233333333332
39.06666666666667,595.95,6,4500.0,0.5,True,4,1,52.88333333333333,40.218666666666664
36.233333333333334,750.15,6,4500.0,0.5,True,4,1,20.366666666666667,26.54066666666667
38.233333333333334,802.44,6,4500.0,0.5,True,5,1,42.0,40.96483333333334
38.8,374.2,6,4500.0,0.5,True,5,1,47.21666666666667,37.188833333333335
42.0,1404.97,6,4500.0,0.5,True,4,3,21.8,24.709833333333346
18.366666666666667,1085.02,6,4500.0,0.5,True,4,3,29.383333333333333,36.62083333333331
31.3,364.74,6,4500.0,0.5,True,2,4,44.11666666666667,46.3276666666667
43.86666666666667,1363.39,6,4500.0,0.5,True,2,4,34.38333333333333,36.42816666666665
17.383333333333333,1029.48,6,4500.0,0.5,True,2,3,33.0,47.60866666666666
42.766666666666666,628.11,6,4500.0,0.5,True,2,3,53.516666666666666,50.461999999999996
25.533333333333335,591.23,6,4500.0,0.5,True,2,0,40.85,40.330666666666644
26.283333333333335,404.93,6,4500.0,0.5,True,2,0,32.766666666666666,35.37016666666675
38.46666666666667,254.74,6,4500.0,0.5,True,5,0,30.0,34.128
33.96666666666667,916.38,6,4500.0,0.5,True,5,0,43.75,41.43266666666666
17.833333333333332,1018.46,6,4500.0,0.5,True,2,1,49.233333333333334,48.3958333333333
20.866666666666667,1387.76,6,4500.0,0.5,True,2,1,56.43333333333333,53.649833333333326
23.266666666666666,1336.88,6,4500.0,0.5,True,0,1,50.78333333333333,50.11700000000003
29.783333333333335,881.75,6,4500.0,0.5,True,0,1,44.3,43.55733333333338
18.866666666666667,562.22,6,4500.0,0.5,True,1,4,21.583333333333332,27.242166666666677
33.8,442.6,6,4500.0,0.5,True,1,4,47.666666666666664,43.434333333333306
34.61666666666667,707.91,6,4500.0,0.5,True,0,1,23.133333333333333,32.6945
32.233333333333334,862.85,6,4500.0,0.5,True,0,1,27.316666666666666,33.150999999999975
18.233333333333334,452.74,6,4500.0,0.5,True,2,1,35.0,39.83166666666665
25.95,625.69,6,4500.0,0.5,True,2,1,28.516666666666666,31.297000000000054
32.516666666666666,782.39,6,4500.0,0.5,True,3,1,56.63333333333333,51.93233333333332
40.65,1081.22,6,4500.0,0.5,True,3,1,55.85,49.02833333333332
20.483333333333334,1498.95,6,4500.0,0.5,True,0,4,21.116666666666667,28.33716666666667
19.883333333333333,1037.41,6,4500.0,0.5,True,0,4,28.033333333333335,33.26666666666666
22.066666666666666,1140.0,6,4500.0,0.5,True,5,0,29.216666666666665,32.28400000000001
33.483333333333334,1497.33,6,4500.0,0.5,True,5,0,22.4,32.48916666666672
19.933333333333334,857.39,6,4500.0,0.5,True,1,0,21.316666666666666,28.51116666666665
21.933333333333334,277.46,6,4500.0,0.5,True,1,0,27.216666666666665,31.681500000000018
25.816666666666666,191.02,6,4500.0,0.5,True,4,1,54.083333333333336,46.38800000000001
42.7,1130.21,6,4500.0,0.5,True,4,1,49.4,44.85566666666666
40.75,634.87,6,4500.0,0.5,True,0,4,41.666666666666664,40.911333333333275
32.11666666666667,1074.65,6,4500.0,0.5,True,0,4,38.083333333333336,38.10983333333336
36.0,1031.97,6,4500.0,0.5,True,0,3,38.03333333333333,40.23683333333332
30.466666666666665,974.47,6,4500.0,0.5,True,0,3,53.733333333333334,44.67850000000001
19.05,422.26,6,4500.0,0.5,True,2,1,46.516666666666666,44.31683333333337
17.366666666666667,420.45,6,4500.0,0.5,True,2,1,44.2,45.445666666666604
37.86666666666667,957.39,6,4500.0,0.5,True,0,0,23.816666666666666,29.89299999999998
38.5,1214.99,6,4500.0,0.5,True,0,0,51.38333333333333,45.9813333333333
25.616666666666667,1063.32,6,4500.0,0.5,True,0,0,23.533333333333335,31.10083333333333
27.733333333333334,1008.67,6,4500.0,0.5,True,0,0,40.583333333333336,38.819000000000045
16.166666666666668,126.3,6,4500.0,0.5,True,4,4,35.11666666666667,44.58449999999999
33.38333333333333,674.05,6,4500.0,0.5,True,4,4,49.166666666666664,43.14016666666664
44.483333333333334,235.88,6,4500.0,0.5,True,4,0,45.483333333333334,43.25599999999995
28.616666666666667,656.96,6,4500.0,0.5,True,4,0,38.38333333333333,38.52716666666665
33.2,678.29,6,4500.0,0.5,True,4,0,35.56666666666667,38.47433333333336
34.96666666666667,123.16,6,4500.0,0.5,True,4,0,57.71666666666667,49.37899999999996
30.5,589.56,6,4500.0,0.5,True,3,3,46.416666666666664,43.72066666666664
17.716666666666665,767.7,6,4500.0,0.5,True,3,3,32.15,35.68100000000003
15.483333333333333,141.76,6,4500.0,0.5,True,5,4,56.5,48.93466666666665
37.333333333333336,561.74,6,4500.0,0.5,True,5,4,23.5,27.27016666666666
26.333333333333332,549.54,6,4500.0,0.5,True,5,1,31.966666666666665,32.506333333333366
27.15,910.34,6,4500.0,0.5,True,5,1,30.816666666666666,31.732499999999977
43.85,760.88,6,4500.0,0.5,True,2,3,52.983333333333334,49.94449999999997
37.11666666666667,261.36,6,4500.0,0.5,True,2,3,22.733333333333334,27.339499999999962
22.65,1234.84,6,4500.0,0.5,True,2,0,43.46666666666667,46.41866666666663
33.18333333333333,1171.61,6,4500.0,0.5,True,2,0,29.216666666666665,33.75933333333336
26.233333333333334,109.99,6,4500.0,0.5,True,2,4,46.416666666666664,43.561333333333316
32.63333333333333,104.69,6,4500.0,0.5,True,2,4,50.3,46.863333333333365
30.25,597.39,6,4500.0,0.5,True,0,4,58.333333333333336,39.92583333333332
38.93333333333333,379.75,6,4500.0,0.5,True,0,4,56.016666666666666,38.426666666666634
21.25,866.51,6,4500.0,0.5,True,3,3,41.68333333333333,42.46483333333335
38.88333333333333,363.36,6,4500.0,0.5,True,3,3,37.2,38.48333333333328
28.683333333333334,296.23,6,4500.0,0.5,True,2,4,55.13333333333333,46.95050000000002
24.516666666666666,338.05,6,4500.0,0.5,True,2,4,35.083333333333336,37.10033333333338
26.666666666666668,673.16,6,4500.0,0.5,True,5,4,38.45,35.973499999999966
35.083333333333336,227.6,6,4500.0,0.5,True,5,4,21.333333333333332,29.33683333333335
31.633333333333333,754.56,6,4500.0,0.5,True,3,1,53.15,40.16266666666667
37.63333333333333,713.38,6,4500.0,0.5,True,3,1,32.46666666666667,34.2201666666667
36.38333333333333,185.51,6,4500.0,0.5,True,2,4,52.56666666666667,47.79866666666665
29.933333333333334,1421.31,6,4500.0,0.5,True,2,4,58.766666666666666,44.484333333333346
20.216666666666665,1260.93,6,4500.0,0.5,True,5,1,25.933333333333334,29.508333333333344
15.35,175.79,6,4500.0,0.5,True,5,1,20.45,27.36149999999998
42.85,281.68,6,4500.0,0.5,True,4,1,40.0,40.2555
20.6,490.98,6,4500.0,0.5,True,4,1,46.516666666666666,45.23566666666671
35.11666666666667,894.94,6,4500.0,0.5,True,1,4,54.06666666666667,48.381166666666644
42.43333333333333,204.96,6,4500.0,0.5,True,1,4,53.166666666666664,50.5305
21.85,586.66,6,4500.0,0.5,True,2,1,34.61666666666667,37.37716666666668
20.466666666666665,944.44,6,4500.0,0.5,True,2,1,54.18333333333333,51.333500000000015
18.916666666666668,1281.93,6,4500.0,0.5,True,3,4,41.016666666666666,43.63866666666673
30.666666666666668,195.04,6,4500.0,0.5,True,3,4,31.816666666666666,35.85866666666664
25.766666666666666,314.89,6,4500.0,0.5,True,1,1,34.516666666666666,38.32966666666674
18.533333333333335,178.93,6,4500.0,0.5,True,1,1,23.1,30.547833333333298
42.78333333333333,1000.62,6,4500.0,0.5,True,0,4,54.166666666666664,51.03316666666667
22.65,263.97,6,4500.0,0.5,True,0,4,42.05,41.33500000000006
28.516666666666666,1314.5,6,4500.0,0.5,True,5,1,22.216666666666665,25.08850000000002
24.166666666666668,298.74,6,4500.0,0.5,True,5,1,32.38333333333333,36.995
18.233333333333334,164.47,6,4500.0,0.5,True,0,1,51.38333333333333,45.86283333333331
21.533333333333335,512.14,6,4500.0,0.5,True,0,1,55.93333333333333,51.04650000000003
18.05,1215.33,6,4500.0,0.5,True,2,1,59.083333333333336,47.01916666666665
23.45,1404.85,6,4500.0,0.5,True,2,1,42.5,45.324000000000005
16.416666666666668,557.93,6,4500.0,0.5,True,2,4,47.96666666666667,46.11149999999998
28.683333333333334,201.26,6,4500.0,0.5,True,2,4,55.81666666666667,51.29849999999997
25.816666666666666,1401.0,6,4500.0,0.5,True,4,0,24.433333333333334,31.09400000000003
26.633333333333333,1210.59,6,4500.0,0.5,True,4,0,32.75,41.17733333333334
17.266666666666666,1460.67,6,4500.0,0.5,True,1,4,42.333333333333336,43.5256666666667
16.25,1085.77,6,4500.0,0.5,True,1,4,47.333333333333336,44.82300000000001
25.9,195.97,6,4500.0,0.5,True,1,1,25.5,29.57483333333334
28.65,818.15,6,4500.0,0.5,True,1,1,25.583333333333332,34.02750000000003
22.516666666666666,1387.39,6,4500.0,0.5,True,2,0,53.95,52.19666666666659
22.3,1150.37,6,4500.0,0.5,True,2,0,31.4,41.39849999999999
26.8,226.07,6,4500.0,0.5,True,0,4,27.883333333333333,33.93699999999999
38.266666666666666,1439.19,6,4500.0,0.5,True,0,4,38.56666666666667,40.64216666666668
25.8,787.45,6,4500.0,0.5,True,3,4,47.266666666666666,43.26616666666665
38.18333333333333,1007.74,6,4500.0,0.5,True,3,4,26.316666666666666,44.213500000000025
42.45,692.32,6,4500.0,0.5,True,3,0,41.35,43.38166666666664
20.266666666666666,270.5,6,4500.0,0.5,True,3,0,41.35,39.5118333333333
16.866666666666667,132.06,6,4500.0,0.5,True,2,3,33.63333333333333,38.9568333333333
34.983333333333334,110.27,6,4500.0,0.5,True,2,3,43.38333333333333,43.9873333333333
35.7,806.3,6,4500.0,0.5,True,1,4,47.583333333333336,46.346166666666676
29.716666666666665,1250.8,6,4500.0,0.5,True,1,4,38.983333333333334,39.81949999999994
44.11666666666667,645.91,6,4500.0,0.5,True,4,4,29.566666666666666,33.990999999999964
18.4,901.58,6,4500.0,0.5,True,4,4,46.6,45.780999999999956
17.65,1124.8,6,4500.0,0.5,True,0,0,41.03333333333333,41.67849999999998
20.016666666666666,834.88,6,4500.0,0.5,True,0,0,48.733333333333334,44.059999999999924
16.566666666666666,1214.13,6,4500.0,0.5,True,2,4,23.5,34.21683333333334
44.8,844.68,6,4500.0,0.5,True,2,4,51.13333333333333,50.48266666666663
26.033333333333335,339.68,6,4500.0,0.5,True,4,4,35.733333333333334,38.68233333333334
29.3,1228.71,6,4500.0,0.5,True,4,4,41.78333333333333,38.88866666666665
21.3,231.96,6,4500.0,0.5,True,3,4,40.75,42.62799999999999
40.233333333333334,1228.14,6,4500.0,0.5,True,3,4,43.15,44.475666666666676
32.81666666666667,176.39,6,4500.0,0.5,True,0,1,47.083333333333336,42.818666666666694
38.1,277.89,6,4500.0,0.5,True,0,1,26.983333333333334,29.40199999999995
42.983333333333334,1155.79,6,4500.0,0.5,True,3,1,47.483333333333334,45.35966666666663
36.266666666666666,1225.48,6,4500.0,0.5,True,3,1,54.416666666666664,45.92849999999999
24.8,1194.91,6,4500.0,0.5,True,4,1,34.516666666666666,35.932166666666724
43.733333333333334,185.59,6,4500.0,0.5,True,4,1,35.516666666666666,43.01933333333331
28.366666666666667,906.71,6,4500.0,0.5,True,2,1,33.916666666666664,41.85900000000001
31.083333333333332,683.84,6,4500.0,0.5,True,2,1,42.8,40.14850000000005
25.283333333333335,478.42,6,4500.0,0.5,True,0,4,37.28333333333333,35.81249999999999
18.383333333333333,342.04,6,4500.0,0.5,True,0,4,49.0,45.64700000000002
35.81666666666667,201.53,6,4500.0,0.5,True,0,1,56.38333333333333,40.81566666666665
22.4,517.38,6,4500.0,0.5,True,0,1,38.75,41.66516666666667
25.5,447.49,6,4500.0,0.5,True,1,4,45.96666666666667,38.060333333333325
37.81666666666667,311.24,6,4500.0,0.5,True,1,4,45.46666666666667,41.105333333333334
29.366666666666667,513.85,6,4500.0,0.5,True,1,4,57.55,52.46050000000007
38.166666666666664,916.3,6,4500.0,0.5,True,1,4,26.416666666666668,32.87699999999996
37.81666666666667,332.53,6,4500.0,0.5,True,3,3,37.56666666666667,36.803333333333306
19.133333333333333,184.45,6,4500.0,0.5,True,3,3,23.9,28.27950000000003
33.85,616.48,6,4500.0,0.5,True,0,1,50.75,45.25683333333333
40.2,1135.82,6,4500.0,0.5,True,0,1,51.25,39.2465
42.266666666666666,1474.45,6,4500.0,0.5,True,2,1,29.3,31.825833333333364
22.183333333333334,158.36,6,4500.0,0.5,True,2,1,27.033333333333335,32.04799999999999
19.166666666666668,132.01,6,4500.0,0.5,True,1,3,52.38333333333333,44.38749999999996
40.1,1311.34,6,4500.0,0.5,True,1,3,31.183333333333334,38.19600000000003
23.3,952.37,6,4500.0,0.5,True,1,4,58.36666666666667,51.37000000000001
41.6,893.04,6,4500.0,0.5,True,1,4,24.7,30.31616666666663
33.71666666666667,1185.78,6,4500.0,0.5,True,1,0,59.53333333333333,38.148000000000025
22.816666666666666,999.71,6,4500.0,0.5,True,1,0,39.016666666666666,40.96233333333339
21.883333333333333,932.91,6,4500.0,0.5,True,5,0,31.783333333333335,40.70883333333334
15.433333333333334,828.48,6,4500.0,0.5,True,5,0,46.15,43.59166666666669
22.866666666666667,955.57,6,4500.0,0.5,True,5,1,37.96666666666667,39.839833333333345
44.833333333333336,547.58,6,4500.0,0.5,True,5,1,52.63333333333333,37.11066666666666
29.883333333333333,1296.16,6,4500.0,0.5,True,4,0,27.7,29.949833333333316
25.1,1405.78,6,4500.0,0.5,True,4,0,48.333333333333336,44.03133333333337
21.55,147.63,6,4500.0,0.5,True,2,1,47.88333333333333,41.027166666666645
16.883333333333333,295.02,6,4500.0,0.5,True,2,1,53.35,49.40283333333333
37.81666666666667,291.68,6,4500.0,0.5,True,0,0,20.1,25.326499999999964
33.416666666666664,681.97,6,4500.0,0.5,True,0,0,41.1,40.97533333333333
27.033333333333335,815.72,6,4500.0,0.5,True,4,1,27.416666666666668,29.469333333333324
33.63333333333333,810.81,6,4500.0,0.5,True,4,1,38.21666666666667,39.07516666666669
38.016666666666666,216.18,6,4500.0,0.5,True,4,1,52.416666666666664,48.850500000000004
43.416666666666664,867.55,6,4500.0,0.5,True,4,1,22.616666666666667,28.362833333333334
39.3,750.36,6,4500.0,0.5,True,3,4,25.933333333333334,30.69283333333335
41.9,1330.84,6,4500.0,0.5,True,3,4,54.4,48.5445
21.3,1448.93,6,4500.0,0.5,True,2,4,57.86666666666667,53.53833333333337
25.1,1123.54,6,4500.0,0.5,True,2,4,35.0,38.50649999999999
26.316666666666666,1276.46,6,4500.0,0.5,True,3,4,45.0,38.24716666666668
24.916666666666668,1359.4,6,4500.0,0.5,True,3,4,20.2,30.431999999999967
43.4,469.59,6,4500.0,0.5,True,5,1,42.75,40.193
30.383333333333333,1268.21,6,4500.0,0.5,True,5,1,23.5,27.121166666666678
40.03333333333333,1376.15,6,4500.0,0.5,True,4,0,24.383333333333333,25.953500000000012
27.083333333333332,1123.58,6,4500.0,0.5,True,4,0,33.583333333333336,35.122166666666686
20.75,328.97,6,4500.0,0.5,True,4,1,55.1,50.5371666666667
33.68333333333333,1193.08,6,4500.0,0.5,True,4,1,43.25,28.26949999999999
28.783333333333335,1188.8,6,4500.0,0.5,True,3,1,38.5,37.34966666666667
19.716666666666665,1188.56,6,4500.0,0.5,True,3,1,56.766666666666666,48.7671666666667
39.31666666666667,1246.35,6,4500.0,0.5,True,5,1,27.316666666666666,34.905666666666654
24.466666666666665,1400.92,6,4500.0,0.5,True,5,1,28.266666666666666,30.78483333333338
33.68333333333333,1319.36,6,4500.0,0.5,True,4,0,33.18333333333333,32.49033333333337
27.333333333333332,654.31,6,4500.0,0.5,True,4,0,37.266666666666666,35.17716666666673
41.583333333333336,713.07,6,4500.0,0.5,True,3,1,45.583333333333336,44.61550000000002
28.25,807.85,6,4500.0,0.5,True,3,1,30.883333333333333,34.23216666666665
42.45,615.4,6,4500.0,0.5,True,0,4,49.8,48.66883333333334
18.816666666666666,1419.33,6,4500.0,0.5,True,0,4,36.68333333333333,38.41950000000003
18.0,1093.71,6,4500.0,0.5,True,2,4,50.9,48.655166666666666
30.533333333333335,341.72,6,4500.0,0.5,True,2,4,51.36666666666667,48.57733333333337
29.45,170.9,6,4500.0,0.5,True,0,1,43.18333333333333,42.82583333333333
28.033333333333335,729.3,6,4500.0,0.5,True,0,1,32.1,32.4143333333333
44.43333333333333,444.03,6,4500.0,0.5,True,4,1,35.06666666666667,40.682666666666634
16.7,1387.66,6,4500.0,0.5,True,4,1,28.583333333333332,33.199166666666684
22.766666666666666,336.43,6,4500.0,0.5,True,1,4,55.833333333333336,38.32133333333337
39.266666666666666,1179.65,6,4500.0,0.5,True,1,4,47.833333333333336,44.402666666666676
17.833333333333332,769.01,6,4500.0,0.5,True,4,4,37.78333333333333,39.17583333333332
44.63333333333333,162.14,6,4500.0,0.5,True,4,4,27.666666666666668,32.34133333333331
21.883333333333333,454.62,6,4500.0,0.5,True,3,4,45.61666666666667,44.92466666666669
33.7,319.51,6,4500.0,0.5,True,3,4,57.916666666666664,43.12683333333332
19.266666666666666,1364.01,6,4500.0,0.5,True,3,1,21.883333333333333,29.307666666666663
31.883333333333333,493.21,6,4500.0,0.5,True,3,1,30.6,33.22516666666663
22.066666666666666,246.08,6,4500.0,0.5,True,3,4,59.03333333333333,51.121666666666705
23.35,292.01,6,4500.0,0.5,True,3,4,22.45,45.18483333333329
15.716666666666667,891.49,6,4500.0,0.5,True,0,4,54.75,50.248666666666665
31.666666666666668,949.56,6,4500.0,0.5,True,0,4,58.083333333333336,50.08416666666664
39.68333333333333,657.6,6,4500.0,0.5,True,0,0,22.933333333333334,27.897833333333345
38.28333333333333,701.29,6,4500.0,0.5,True,0,0,47.416666666666664,42.516833333333295
25.583333333333332,572.54,6,4500.0,0.5,True,0,3,44.7,41.52649999999997
40.45,436.67,6,4500.0,0.5,True,0,3,32.45,33.95799999999995
15.166666666666666,1478.99,6,4500.0,0.5,True,4,0,29.0,36.451000000000015
20.5,715.61,6,4500.0,0.5,True,4,0,40.4,42.40466666666669
32.45,1153.17,6,4500.0,0.5,True,0,1,24.0,29.507500000000004
22.116666666666667,1095.52,6,4500.0,0.5,True,0,1,39.833333333333336,39.59200000000001
28.333333333333332,251.98,6,4500.0,0.5,True,1,3,42.25,41.742333333333335
42.46666666666667,1344.69,6,4500.0,0.5,True,1,3,56.71666666666667,51.671666666666624
35.05,835.66,6,4500.0,0.5,True,4,1,37.05,38.41466666666671
34.13333333333333,486.38,6,4500.0,0.5,True,4,1,29.916666666666668,31.764999999999986
32.96666666666667,1491.51,6,4500.0,0.5,True,0,4,38.55,37.42116666666671
32.05,1014.75,6,4500.0,0.5,True,0,4,33.166666666666664,38.09800000000001
16.983333333333334,934.73,6,4500.0,0.5,True,3,4,27.6,44.60783333333332
32.166666666666664,1238.95,6,4500.0,0.5,True,3,4,32.8,34.0261666666667
21.316666666666666,863.89,6,4500.0,0.5,True,4,4,48.43333333333333,45.85716666666669
40.13333333333333,812.0,6,4500.0,0.5,True,4,4,27.933333333333334,46.02733333333334
30.783333333333335,1223.49,6,4500.0,0.5,True,3,0,27.316666666666666,31.713166666666638
43.78333333333333,798.18,6,4500.0,0.5,True,3,0,59.4,53.40216666666666
21.716666666666665,175.13,6,4500.0,0.5,True,1,3,33.68333333333333,35.64766666666668
32.11666666666667,760.66,6,4500.0,0.5,True,1,3,29.1,33.2948333333333
29.55,196.54,6,4500.0,0.5,True,5,0,26.166666666666668,30.256166666666658
18.2,348.36,6,4500.0,0.5,True,5,0,41.333333333333336,40.8846666666667
36.71666666666667,1397.25,6,4500.0,0.5,True,5,0,26.4,28.512000000000036
21.283333333333335,1396.12,6,4500.0,0.5,True,5,0,33.4,36.24000000000005
44.733333333333334,707.41,6,4500.0,0.5,True,1,0,56.45,50.053666666666615
35.61666666666667,662.75,6,4500.0,0.5,True,1,0,34.31666666666667,35.28999999999998
27.4,1025.07,6,4500.0,0.5,True,4,3,23.183333333333334,28.090333333333362
36.0,211.7,6,4500.0,0.5,True,4,3,51.9,47.366166666666665
41.63333333333333,709.65,6,4500.0,0.5,True,3,3,46.6,45.39633333333332
34.28333333333333,360.35,6,4500.0,0.5,True,3,3,53.78333333333333,45.99066666666667
23.65,108.57,6,4500.0,0.5,True,2,1,28.783333333333335,32.191166666666646
28.883333333333333,122.37,6,4500.0,0.5,True,2,1,49.85,44.524833333333305
22.1,1316.82,6,4500.0,0.5,True,1,3,56.96666666666667,53.05966666666661
19.866666666666667,1012.24,6,4500.0,0.5,True,1,3,46.15,42.8276666666667
40.75,800.6,6,4500.0,0.5,True,5,1,46.55,44.68400000000006
19.166666666666668,993.43,6,4500.0,0.5,True,5,1,20.166666666666668,27.276500000000006
29.066666666666666,788.62,6,4500.0,0.5,True,0,0,59.45,51.25133333333328
44.916666666666664,162.54,6,4500.0,0.5,True,0,0,37.666666666666664,38.990833333333306
18.9,688.38,6,4500.0,0.5,True,3,4,21.183333333333334,27.34933333333335
20.2,1029.21,6,4500.0,0.5,True,3,4,53.46666666666667,49.07633333333332
30.183333333333334,263.01,6,4500.0,0.5,True,2,3,37.7,41.577666666666644
15.083333333333334,1478.39,6,4500.0,0.5,True,2,3,54.483333333333334,34.90633333333332
43.416666666666664,530.65,6,4500.0,0.5,True,3,4,28.833333333333332,32.41250000000002
32.86666666666667,938.68,6,4500.0,0.5,True,3,4,36.31666666666667,43.91866666666665
28.583333333333332,1189.93,6,4500.0,0.5,True,4,4,20.916666666666668,28.491333333333337
38.88333333333333,1006.43,6,4500.0,0.5,True,4,4,55.93333333333333,49.77800000000003
27.283333333333335,669.34,6,4500.0,0.5,True,5,4,27.266666666666666,31.25666666666672
33.2,736.59,6,4500.0,0.5,True,5,4,28.9,31.547833333333365
41.333333333333336,557.12,6,4500.0,0.5,True,0,1,30.2,33.31999999999996
39.61666666666667,272.7,6,4500.0,0.5,True,0,1,27.933333333333334,28.698500000000017
29.85,1341.71,6,4500.0,0.5,True,0,4,49.68333333333333,47.32650000000002
32.13333333333333,644.1,6,4500.0,0.5,True,0,4,40.2,38.181833333333294
31.916666666666668,765.73,6,4500.0,0.5,True,4,4,43.95,41.1108333333333
24.133333333333333,1278.97,6,4500.0,0.5,True,4,4,46.266666666666666,42.207833333333376
20.016666666666666,1474.69,6,4500.0,0.5,True,1,3,28.6,34.76966666666664
15.0,753.88,6,4500.0,0.5,True,1,3,58.083333333333336,37.191666666666634
20.633333333333333,642.92,6,4500.0,0.5,True,3,3,36.6,42.92833333333335
33.96666666666667,1386.54,6,4500.0,0.5,True,3,3,27.583333333333332,33.4491666666667
44.36666666666667,1059.23,6,4500.0,0.5,True,3,0,42.983333333333334,44.14999999999995
27.8,117.48,6,4500.0,0.5,True,3,0,27.016666666666666,30.717000000000034
28.283333333333335,721.99,6,4500.0,0.5,True,3,3,45.65,42.28666666666669
25.266666666666666,1400.3,6,4500.0,0.5,True,3,3,50.43333333333333,43.26716666666668
28.6,728.44,6,4500.0,0.5,True,4,1,54.5,47.62533333333333
26.383333333333333,639.93,6,4500.0,0.5,True,4,1,24.833333333333332,28.518166666666684
25.616666666666667,1109.66,6,4500.0,0.5,True,3,1,36.983333333333334,34.647499999999994
26.2,668.69,6,4500.0,0.5,True,3,1,31.55,31.976500000000048
23.016666666666666,437.86,6,4500.0,0.5,True,1,4,20.116666666666667,30.782166666666676
22.933333333333334,1178.79,6,4500.0,0.5,True,1,4,42.983333333333334,45.835333333333296
25.966666666666665,956.26,6,4500.0,0.5,True,2,4,57.233333333333334,53.71333333333328
40.333333333333336,1140.88,6,4500.0,0.5,True,2,4,36.083333333333336,38.27400000000003
19.75,397.09,6,4500.0,0.5,True,3,0,23.766666666666666,29.97766666666671
23.8,345.38,6,4500.0,0.5,True,3,0,58.96666666666667,51.66249999999995
44.516666666666666,714.46,6,4500.0,0.5,True,4,1,51.666666666666664,47.302333333333316
44.583333333333336,329.22,6,4500.0,0.5,True,4,1,33.46666666666667,35.86050000000001
33.1,1449.28,6,4500.0,0.5,True,4,4,52.96666666666667,49.1033333333333
17.883333333333333,315.6,6,4500.0,0.5,True,4,4,29.25,41.60783333333334
38.61666666666667,309.04,6,4500.0,0.5,True,4,4,41.85,41.5203333333333
29.366666666666667,994.61,6,4500.0,0.5,True,4,4,42.25,42.388000000000005
