id,job_order_id,payment_method,proof_of_payment_image,amount_paid,payment_date,verification_status,payment_channel,reference_number
1,1,cash,,33750.00,2026-09-10T05:26:43.917Z,verified,,
2,2,e_wallet,,12900.00,2026-09-10T17:47:18.322Z,verified,,
3,3,bank_transfer,,1800.00,2026-09-10T05:16:23.673Z,verified,,
4,4,credit_card,,21650.00,2026-09-10T03:07:34.577Z,verified,,
5,5,debit_card,,12000.00,2026-09-10T21:02:55.506Z,verified,,
6,6,cash,,7250.00,2026-09-10T11:01:19.616Z,verified,,
7,7,cash,,120800.00,2026-09-10T09:37:48.599Z,verified,,
8,8,e_wallet,,15500.00,2026-09-10T18:33:40.543Z,verified,,
9,9,bank_transfer,,7800.00,2026-09-10T00:49:40.060Z,verified,,
10,10,credit_card,,26750.00,2026-09-11T10:44:31.250Z,verified,,
11,11,debit_card,,13100.00,2026-09-11T12:38:49.622Z,verified,,
12,12,cash,,12850.00,2026-09-10T23:45:38.666Z,verified,,
13,13,cash,,650.00,2026-09-11T09:17:08.479Z,verified,,
14,14,e_wallet,,5450.00,2026-09-11T01:07:24.851Z,verified,,
15,15,bank_transfer,,7500.00,2026-09-11T04:09:36.721Z,verified,,
16,16,credit_card,,3500.00,2026-09-11T10:22:58.167Z,verified,,
17,17,debit_card,,650.00,2026-09-11T12:11:55.679Z,verified,,
18,18,cash,,13150.00,2026-09-10T18:41:54.279Z,verified,,
19,19,cash,,6400.00,2026-09-11T12:43:53.708Z,verified,,
20,20,e_wallet,,3000.00,2026-09-10T22:14:58.839Z,verified,,
21,21,bank_transfer,,4150.00,2026-09-11T09:30:55.960Z,verified,,
22,22,credit_card,,11100.00,2026-09-11T11:56:39.301Z,verified,,
23,23,debit_card,,18800.00,2026-09-11T17:33:03.405Z,verified,,
24,24,cash,,13450.00,2026-09-11T10:01:02.663Z,verified,,
25,25,cash,,15500.00,2026-09-11T11:58:54.487Z,verified,,
26,26,e_wallet,,2800.00,2026-09-10T19:07:27.874Z,verified,,
27,27,bank_transfer,,10650.00,2026-09-11T01:15:39.984Z,verified,,
28,28,credit_card,,3200.00,2026-09-11T14:27:09.459Z,verified,,
29,29,debit_card,,4250.00,2026-09-10T22:17:49.786Z,verified,,
30,30,cash,,4150.00,2026-09-11T00:05:25.403Z,verified,,
31,31,cash,,2100.00,2026-09-11T09:21:17.069Z,verified,,
32,32,e_wallet,,6750.00,2026-09-11T15:05:52.072Z,verified,,
33,33,bank_transfer,,1800.00,2026-09-11T08:00:09.838Z,verified,,
34,34,credit_card,,2000.00,2026-09-11T12:31:39.551Z,verified,,
35,35,debit_card,,4500.00,2026-09-10T22:46:19.516Z,verified,,
36,36,cash,,5800.00,2026-09-11T19:05:43.150Z,verified,,
37,37,cash,,5700.00,2026-09-11T11:42:39.014Z,verified,,
38,38,e_wallet,,12000.00,2026-09-11T18:59:50.205Z,verified,,
39,39,bank_transfer,,6200.00,2026-09-11T16:44:28.249Z,verified,,
40,40,credit_card,,1200.00,2026-09-11T13:59:47.314Z,verified,,
41,41,debit_card,,8500.00,2026-09-11T10:39:41.721Z,verified,,
42,42,cash,,1500.00,2026-09-11T14:59:55.419Z,verified,,
43,43,cash,,4000.00,2026-09-11T17:47:52.266Z,verified,,
44,44,e_wallet,,6700.00,2026-09-11T12:53:33.693Z,verified,,
45,45,bank_transfer,,2800.00,2026-09-11T15:18:59.734Z,verified,,
46,46,credit_card,,1200.00,2026-09-11T17:08:59.587Z,verified,,
47,47,debit_card,,4400.00,2026-09-11T09:31:00.492Z,verified,,
48,48,cash,,4500.00,2026-09-11T02:19:27.107Z,verified,,
49,49,cash,,6050.00,2026-09-11T19:12:58.435Z,verified,,
50,50,e_wallet,,11600.00,2026-09-11T23:04:18.945Z,verified,,
51,51,bank_transfer,,10900.00,2026-09-11T11:23:08.232Z,verified,,
52,52,credit_card,,48500.00,2026-09-11T07:59:07.950Z,verified,,
53,53,debit_card,,6500.00,2026-09-11T18:05:51.370Z,verified,,
54,54,cash,,4200.00,2026-09-11T18:21:52.831Z,verified,,
55,55,cash,,2450.00,2026-09-11T21:23:04.296Z,verified,,
56,56,e_wallet,,16150.00,2026-09-11T01:55:18.711Z,verified,,
57,57,bank_transfer,,4000.00,2026-09-11T01:00:27.438Z,verified,,
58,58,credit_card,,2500.00,2026-09-11T21:38:56.848Z,verified,,
59,59,debit_card,,4100.00,2026-09-11T06:37:36.508Z,verified,,
60,60,cash,,8000.00,2026-09-11T15:51:01.271Z,verified,,
61,61,cash,,7550.00,2026-09-11T07:45:30.100Z,verified,,
62,62,e_wallet,,4700.00,2026-09-11T17:20:11.036Z,verified,,
63,63,bank_transfer,,6200.00,2026-09-11T20:48:34.242Z,verified,,
64,64,credit_card,,26600.00,2026-09-11T16:20:27.437Z,verified,,
65,65,debit_card,,1800.00,2026-09-11T22:08:07.335Z,verified,,
66,66,cash,,3400.00,2026-09-12T00:52:21.754Z,verified,,
67,67,cash,,20350.00,2026-09-11T10:51:15.697Z,verified,,
68,68,e_wallet,,5900.00,2026-09-11T11:55:57.349Z,verified,,
69,69,bank_transfer,,10000.00,2026-09-11T16:23:14.833Z,verified,,
70,70,credit_card,,7700.00,2026-09-11T01:33:33.510Z,verified,,
71,71,debit_card,,1750.00,2026-09-11T13:30:29.637Z,verified,,
72,72,cash,,16100.00,2026-09-11T23:08:00.220Z,verified,,
73,73,cash,,12000.00,2026-09-11T07:54:54.779Z,verified,,
74,74,e_wallet,,5000.00,2026-09-11T16:25:44.114Z,verified,,
75,75,bank_transfer,,13450.00,2026-09-11T13:16:58.682Z,verified,,
76,76,credit_card,,10350.00,2026-09-11T15:16:04.074Z,verified,,
77,77,debit_card,,3300.00,2026-09-11T20:47:42.778Z,verified,,
78,78,cash,,25000.00,2026-09-11T10:33:15.129Z,verified,,
79,79,cash,,800.00,2026-09-12T04:17:45.992Z,verified,,
80,80,e_wallet,,12400.00,2026-09-12T00:06:26.026Z,verified,,
81,81,bank_transfer,,6500.00,2026-09-12T07:17:33.632Z,verified,,
82,82,credit_card,,4900.00,2026-09-12T06:43:06.955Z,verified,,
83,83,debit_card,,3500.00,2026-09-11T13:57:47.987Z,verified,,
84,84,cash,,4900.00,2026-09-11T19:23:22.311Z,verified,,
85,85,cash,,3650.00,2026-09-11T13:30:03.433Z,verified,,
86,86,e_wallet,,2150.00,2026-09-11T19:21:31.349Z,verified,,
87,87,bank_transfer,,2650.00,2026-09-11T23:44:55.170Z,verified,,
88,88,credit_card,,2650.00,2026-09-12T03:42:45.874Z,verified,,
89,89,debit_card,,8000.00,2026-09-11T17:30:44.931Z,verified,,
90,90,cash,,4500.00,2026-09-12T03:41:00.929Z,verified,,
91,91,cash,,2000.00,2026-09-12T06:21:13.280Z,verified,,
92,92,e_wallet,,10850.00,2026-09-12T09:37:20.279Z,verified,,
93,93,bank_transfer,,2000.00,2026-09-12T06:12:35.305Z,verified,,
94,94,credit_card,,5000.00,2026-09-12T08:04:01.246Z,verified,,
95,95,debit_card,,3500.00,2026-09-12T11:44:06.734Z,verified,,
96,96,cash,,3500.00,2026-09-11T21:11:39.810Z,verified,,
97,97,cash,,7550.00,2026-09-12T13:38:02.297Z,verified,,
98,98,e_wallet,,2750.00,2026-09-11T23:22:59.711Z,verified,,
99,99,bank_transfer,,8000.00,2026-09-12T12:40:34.864Z,verified,,
100,100,credit_card,,4900.00,2026-09-12T07:47:27.808Z,verified,,
101,101,debit_card,,6200.00,2026-09-11T13:41:57.855Z,verified,,
102,102,cash,,2350.00,2026-09-11T22:51:13.511Z,verified,,
103,103,cash,,2350.00,2026-09-12T09:21:27.748Z,verified,,
104,104,e_wallet,,3500.00,2026-09-12T05:27:55.746Z,verified,,
105,105,bank_transfer,,8000.00,2026-09-12T04:55:16.339Z,verified,,
106,106,credit_card,,650.00,2026-09-12T07:09:11.548Z,verified,,
107,107,debit_card,,7000.00,2026-09-12T10:51:48.943Z,verified,,
108,108,cash,,2600.00,2026-09-12T11:37:44.854Z,verified,,
109,109,cash,,3000.00,2026-09-12T04:27:06.539Z,verified,,
110,110,e_wallet,,2150.00,2026-09-11T20:56:53.766Z,verified,,
111,111,bank_transfer,,11000.00,2026-09-12T05:02:37.784Z,verified,,
112,112,credit_card,,9000.00,2026-09-11T16:15:01.415Z,verified,,
113,113,debit_card,,2800.00,2026-09-12T01:28:59.877Z,verified,,
114,114,cash,,1450.00,2026-09-11T16:13:31.625Z,verified,,
115,115,cash,,2350.00,2026-09-11T20:55:51.574Z,verified,,
116,116,e_wallet,,12200.00,2026-09-12T01:36:00.268Z,verified,,
117,117,bank_transfer,,2950.00,2026-09-11T20:09:15.839Z,verified,,
118,118,credit_card,,2950.00,2026-09-12T04:37:57.812Z,verified,,
119,119,debit_card,,2500.00,2026-09-11T17:56:05.949Z,verified,,
120,120,cash,,12900.00,2026-09-11T18:59:23.424Z,verified,,
121,121,cash,,650.00,2026-09-12T09:00:20.640Z,verified,,
122,122,e_wallet,,13750.00,2026-09-12T01:23:10.218Z,verified,,
123,123,bank_transfer,,1500.00,2026-09-12T15:14:19.609Z,verified,,
124,124,credit_card,,2450.00,2026-09-12T16:26:38.704Z,verified,,
125,125,debit_card,,13750.00,2026-09-12T00:51:52.503Z,verified,,
126,126,cash,,2450.00,2026-09-12T09:52:43.231Z,verified,,
127,127,cash,,2800.00,2026-09-12T07:20:34.069Z,verified,,
128,128,e_wallet,,2900.00,2026-09-12T12:50:28.955Z,verified,,
129,129,bank_transfer,,6550.00,2026-09-12T07:14:42.259Z,verified,,
130,130,credit_card,,51850.00,2026-09-12T15:53:09.944Z,verified,,
131,131,debit_card,,10800.00,2026-09-11T17:49:01.923Z,verified,,
132,132,cash,,6350.00,2026-09-11T22:31:09.170Z,verified,,
133,133,cash,,1700.00,2026-09-12T08:09:55.938Z,verified,,
134,134,e_wallet,,2600.00,2026-09-12T05:56:22.585Z,verified,,
135,135,bank_transfer,,8500.00,2026-09-11T19:54:47.029Z,verified,,
136,136,credit_card,,2200.00,2026-09-11T23:27:32.650Z,verified,,
137,137,debit_card,,60000.00,2026-09-11T20:08:44.728Z,verified,,
138,138,cash,,21600.00,2026-09-12T06:46:35.205Z,verified,,
139,139,cash,,1500.00,2026-09-11T21:24:47.842Z,verified,,
140,140,e_wallet,,4500.00,2026-09-11T15:45:31.764Z,verified,,
141,141,bank_transfer,,9700.00,2026-09-12T05:06:32.826Z,verified,,
142,142,credit_card,,14850.00,2026-09-12T11:32:47.434Z,verified,,
143,143,debit_card,,5000.00,2026-09-12T10:35:07.425Z,verified,,
144,144,cash,,4300.00,2026-09-12T13:50:51.483Z,verified,,
145,145,cash,,1800.00,2026-09-12T13:29:03.126Z,verified,,
146,146,e_wallet,,2300.00,2026-09-12T03:12:52.625Z,verified,,
147,147,bank_transfer,,5500.00,2026-09-12T11:26:41.762Z,verified,,
148,148,credit_card,,28000.00,2026-09-12T10:46:39.640Z,verified,,
149,149,debit_card,,2300.00,2026-09-12T08:01:19.292Z,verified,,
150,150,cash,,4600.00,2026-09-12T15:50:53.366Z,verified,,
151,151,cash,,800.00,2026-09-11T19:08:36.047Z,verified,,
152,152,e_wallet,,28000.00,2026-09-12T00:16:27.854Z,verified,,
153,153,bank_transfer,,1650.00,2026-09-12T07:35:16.510Z,verified,,
154,154,credit_card,,10250.00,2026-09-12T04:15:50.602Z,verified,,
155,155,debit_card,,9300.00,2026-09-13T02:24:35.986Z,verified,,
156,156,cash,,1200.00,2026-09-12T08:51:46.852Z,verified,,
157,157,cash,,4600.00,2026-09-12T11:37:23.757Z,verified,,
158,158,e_wallet,,6000.00,2026-09-12T20:44:00.215Z,verified,,
159,159,bank_transfer,,7500.00,2026-09-12T14:52:03.343Z,verified,,
160,160,credit_card,,3300.00,2026-09-13T01:45:43.951Z,verified,,
161,161,debit_card,,2800.00,2026-09-12T14:17:24.108Z,verified,,
162,162,cash,,2800.00,2026-09-12T07:25:55.105Z,verified,,
163,163,cash,,3500.00,2026-09-12T14:26:59.359Z,verified,,
164,164,e_wallet,,1500.00,2026-09-12T10:57:39.318Z,verified,,
165,165,bank_transfer,,1800.00,2026-09-13T05:50:25.531Z,verified,,
166,166,credit_card,,25000.00,2026-09-12T17:05:37.392Z,verified,,
167,167,debit_card,,500.00,2026-09-12T03:26:41.283Z,verified,,
168,168,cash,,13550.00,2026-09-13T02:37:20.200Z,verified,,
169,169,cash,,5000.00,2026-09-12T03:12:17.661Z,verified,,
170,170,e_wallet,,6550.00,2026-09-12T23:00:30.801Z,verified,,
171,171,bank_transfer,,13300.00,2026-09-12T15:58:55.528Z,verified,,
172,172,credit_card,,58000.00,2026-09-12T19:49:15.327Z,verified,,
173,173,debit_card,,4000.00,2026-09-12T07:31:59.638Z,verified,,
174,174,cash,,7850.00,2026-09-12T08:28:47.441Z,verified,,
175,175,cash,,4000.00,2026-09-13T07:18:54.101Z,verified,,
176,176,e_wallet,,40000.00,2026-09-12T10:37:58.630Z,verified,,
177,177,bank_transfer,,5400.00,2026-09-12T11:27:34.551Z,verified,,
178,178,credit_card,,1100.00,2026-09-12T17:06:30.708Z,verified,,
179,179,debit_card,,500.00,2026-09-12T08:22:43.622Z,verified,,
180,180,cash,,2500.00,2026-09-12T07:45:10.095Z,verified,,
181,181,cash,,2000.00,2026-09-12T07:04:06.898Z,verified,,
182,182,e_wallet,,500.00,2026-09-13T01:37:00.862Z,verified,,
183,183,bank_transfer,,4150.00,2026-09-13T01:32:20.081Z,verified,,
184,184,credit_card,,2700.00,2026-09-12T04:59:17.572Z,verified,,
185,185,debit_card,,9000.00,2026-09-12T15:23:03.033Z,verified,,
186,186,cash,,3500.00,2026-09-12T09:34:42.250Z,verified,,
187,187,cash,,3500.00,2026-09-12T06:03:21.736Z,verified,,
188,188,e_wallet,,19900.00,2026-09-12T11:44:32.649Z,verified,,
189,189,bank_transfer,,2250.00,2026-09-12T19:54:40.860Z,verified,,
190,190,credit_card,,5100.00,2026-09-12T13:10:00.992Z,verified,,
191,191,debit_card,,5500.00,2026-09-13T00:35:50.451Z,verified,,
192,192,cash,,3500.00,2026-09-12T16:12:30.113Z,verified,,
193,193,cash,,11650.00,2026-09-12T07:56:04.821Z,verified,,
194,194,e_wallet,,2500.00,2026-09-13T01:07:46.621Z,verified,,
195,195,bank_transfer,,6400.00,2026-09-12T16:34:46.853Z,verified,,
196,196,credit_card,,3300.00,2026-09-12T09:47:07.688Z,verified,,
197,197,debit_card,,1000.00,2026-09-12T10:41:39.144Z,verified,,
198,198,cash,,3000.00,2026-09-13T02:50:40.916Z,verified,,
199,199,cash,,3000.00,2026-09-13T01:21:36.695Z,verified,,
200,200,e_wallet,,8700.00,2026-09-13T04:55:38.106Z,verified,,
201,201,bank_transfer,,3450.00,2026-09-13T07:04:06.029Z,verified,,
202,202,credit_card,,2400.00,2026-09-12T14:33:18.786Z,verified,,
203,203,debit_card,,9000.00,2026-09-12T19:26:14.806Z,verified,,
204,204,cash,,2500.00,2026-09-12T04:09:02.272Z,verified,,
205,205,cash,,15000.00,2026-09-12T22:52:18.493Z,verified,,
206,206,e_wallet,,1500.00,2026-09-12T10:29:19.049Z,verified,,
207,207,bank_transfer,,4150.00,2026-09-12T20:07:59.893Z,verified,,
208,208,credit_card,,3900.00,2026-09-13T04:47:53.587Z,verified,,
209,209,debit_card,,2400.00,2026-09-12T09:30:48.770Z,verified,,
210,210,cash,,3200.00,2026-09-12T10:21:34.521Z,verified,,
211,211,cash,,1500.00,2026-09-12T22:18:05.125Z,verified,,
212,212,e_wallet,,15000.00,2026-09-12T17:33:57.125Z,verified,,
213,213,bank_transfer,,4300.00,2026-09-13T00:59:00.395Z,verified,,
214,214,credit_card,,1450.00,2026-09-12T19:30:58.749Z,verified,,
215,215,debit_card,,4100.00,2026-09-12T16:22:35.088Z,verified,,
216,216,cash,,23400.00,2026-09-12T16:13:32.567Z,verified,,
217,217,cash,,4500.00,2026-09-12T12:00:40.830Z,verified,,
218,218,e_wallet,,3900.00,2026-09-12T08:19:55.531Z,verified,,
219,219,bank_transfer,,7000.00,2026-09-12T09:18:51.528Z,verified,,
220,220,credit_card,,14000.00,2026-09-12T16:17:05.749Z,verified,,
221,221,debit_card,,13850.00,2026-09-12T20:03:19.250Z,verified,,
222,222,cash,,4300.00,2026-09-12T18:34:48.132Z,verified,,
223,223,cash,,3000.00,2026-09-12T20:01:45.373Z,verified,,
224,224,e_wallet,,3150.00,2026-09-12T07:26:32.002Z,verified,,
225,225,bank_transfer,,4600.00,2026-09-12T14:20:52.767Z,verified,,
226,226,credit_card,,25000.00,2026-09-12T22:38:33.087Z,verified,,
227,227,debit_card,,4500.00,2026-09-12T12:16:11.508Z,verified,,
228,228,cash,,4450.00,2026-09-12T04:24:21.271Z,verified,,
229,229,cash,,10000.00,2026-09-13T05:21:49.992Z,verified,,
230,230,e_wallet,,10000.00,2026-09-13T00:58:53.218Z,verified,,
231,231,bank_transfer,,13850.00,2026-09-12T20:58:28.765Z,verified,,
232,232,credit_card,,10000.00,2026-09-12T18:43:49.506Z,verified,,
233,233,debit_card,,3250.00,2026-09-12T20:38:08.359Z,verified,,
234,234,cash,,10150.00,2026-09-13T02:21:54.101Z,verified,,
235,235,cash,,8450.00,2026-09-12T09:47:06.164Z,verified,,
236,236,e_wallet,,10500.00,2026-09-12T13:06:29.468Z,verified,,
237,237,bank_transfer,,900.00,2026-09-12T16:41:52.838Z,verified,,
238,238,credit_card,,2550.00,2026-09-12T20:37:40.506Z,verified,,
239,239,debit_card,,3850.00,2026-09-12T18:08:37.111Z,verified,,
240,240,cash,,1600.00,2026-09-12T14:28:19.765Z,verified,,
241,241,cash,,55150.00,2026-09-13T03:29:37.871Z,verified,,
242,242,e_wallet,,5300.00,2026-09-12T14:21:44.798Z,verified,,
243,243,bank_transfer,,15000.00,2026-09-13T04:21:27.037Z,verified,,
244,244,credit_card,,4200.00,2026-09-13T11:00:11.121Z,verified,,
245,245,debit_card,,800.00,2026-09-12T14:49:45.628Z,verified,,
246,246,cash,,4750.00,2026-09-13T03:38:18.132Z,verified,,
247,247,cash,,45850.00,2026-09-12T22:32:25.995Z,verified,,
248,248,e_wallet,,1200.00,2026-09-13T05:27:01.637Z,verified,,
249,249,bank_transfer,,5800.00,2026-09-13T07:35:11.839Z,verified,,
250,250,credit_card,,2150.00,2026-09-13T04:33:34.600Z,verified,,
251,251,debit_card,,4800.00,2026-09-12T22:28:52.352Z,verified,,
252,252,cash,,3550.00,2026-09-13T04:34:04.908Z,verified,,
253,253,cash,,5300.00,2026-09-12T17:48:05.993Z,verified,,
254,254,e_wallet,,7100.00,2026-09-12T19:41:09.952Z,verified,,
255,255,bank_transfer,,2200.00,2026-09-13T08:22:47.660Z,verified,,
256,256,credit_card,,37400.00,2026-09-13T07:40:02.225Z,verified,,
257,257,debit_card,,5500.00,2026-09-13T11:21:44.950Z,verified,,
258,258,cash,,5500.00,2026-09-13T05:48:38.673Z,verified,,
259,259,cash,,63000.00,2026-09-13T13:22:23.029Z,verified,,
260,260,e_wallet,,15750.00,2026-09-12T17:13:53.876Z,verified,,
261,261,bank_transfer,,13750.00,2026-09-13T04:58:20.472Z,verified,,
262,262,credit_card,,15150.00,2026-09-12T14:25:54.325Z,verified,,
263,263,debit_card,,2050.00,2026-09-13T02:11:28.872Z,verified,,
264,264,cash,,5900.00,2026-09-13T00:29:20.009Z,verified,,
265,265,cash,,40000.00,2026-09-13T03:45:18.158Z,verified,,
266,266,e_wallet,,8900.00,2026-09-12T14:46:13.715Z,verified,,
267,267,bank_transfer,,14500.00,2026-09-13T05:54:23.332Z,verified,,
268,268,credit_card,,350.00,2026-09-12T21:52:58.111Z,verified,,
269,269,debit_card,,10000.00,2026-09-13T10:16:29.745Z,verified,,
270,270,cash,,3850.00,2026-09-13T03:02:39.915Z,verified,,
271,271,cash,,3850.00,2026-09-12T14:46:37.353Z,verified,,
272,272,e_wallet,,9300.00,2026-09-12T17:42:43.644Z,verified,,
273,273,bank_transfer,,10400.00,2026-09-12T17:06:29.618Z,verified,,
274,274,credit_card,,6950.00,2026-09-12T16:49:57.016Z,verified,,
275,275,debit_card,,2450.00,2026-09-13T04:11:22.621Z,verified,,
276,276,cash,,1500.00,2026-09-12T23:05:03.707Z,verified,,
277,277,cash,,1650.00,2026-09-13T01:03:03.746Z,verified,,
278,278,e_wallet,,7950.00,2026-09-13T13:54:07.061Z,verified,,
279,279,bank_transfer,,7500.00,2026-09-12T22:16:06.804Z,verified,,
280,280,credit_card,,7650.00,2026-09-12T23:11:19.202Z,verified,,
281,281,debit_card,,8800.00,2026-09-13T05:24:11.162Z,verified,,
282,282,cash,,50000.00,2026-09-13T08:36:49.711Z,verified,,
283,283,cash,,70000.00,2026-09-13T10:39:56.172Z,verified,,
284,284,e_wallet,,43390.00,2026-09-13T03:27:26.148Z,verified,,
285,285,bank_transfer,,77075.00,2026-09-13T14:04:17.460Z,verified,,
286,286,credit_card,,58500.00,2026-09-12T19:09:19.659Z,verified,,
287,287,debit_card,,18650.00,2026-09-12T18:52:19.216Z,verified,,
288,288,cash,,1800.00,2026-09-13T01:51:45.724Z,verified,,
289,289,cash,,6600.00,2026-09-13T12:21:13.604Z,verified,,
290,290,e_wallet,,5950.00,2026-09-13T10:21:57.469Z,verified,,
291,291,bank_transfer,,6250.00,2026-09-13T09:00:19.192Z,verified,,
292,292,credit_card,,9600.00,2026-09-13T11:32:41.946Z,verified,,
293,293,debit_card,,7000.00,2026-09-13T06:47:31.718Z,verified,,
294,294,cash,,3450.00,2026-09-12T18:41:36.182Z,verified,,
295,295,cash,,5350.00,2026-09-13T12:17:15.427Z,verified,,
296,296,e_wallet,,11450.00,2026-09-12T20:00:32.549Z,verified,,
297,297,bank_transfer,,10450.00,2026-09-13T00:07:22.134Z,verified,,
298,298,credit_card,,5500.00,2026-09-13T14:47:49.405Z,verified,,
299,299,debit_card,,3500.00,2026-09-12T19:09:10.411Z,verified,,
300,300,cash,,3500.00,2026-09-12T23:56:41.919Z,verified,,
301,301,cash,,17800.00,2026-09-12T18:39:44.602Z,verified,,
302,302,e_wallet,,2300.00,2026-09-13T04:58:25.425Z,verified,,
303,303,bank_transfer,,16300.00,2026-09-13T16:17:48.446Z,verified,,
304,304,credit_card,,18450.00,2026-09-13T08:48:17.841Z,verified,,
305,305,debit_card,,44000.00,2026-09-13T02:35:34.516Z,verified,,
306,306,cash,,5350.00,2026-09-12T21:46:25.759Z,verified,,
307,307,cash,,16450.00,2026-09-13T11:46:07.594Z,verified,,
308,308,e_wallet,,8550.00,2026-09-13T07:15:06.990Z,verified,,
309,309,bank_transfer,,16950.00,2026-09-13T01:32:22.472Z,verified,,
310,310,credit_card,,1900.00,2026-09-13T05:33:19.975Z,verified,,
311,311,debit_card,,19500.00,2026-09-13T11:12:14.637Z,verified,,
312,312,cash,,3300.00,2026-09-13T12:24:31.328Z,verified,,
313,313,cash,,800.00,2026-09-13T03:36:13.927Z,verified,,
314,314,e_wallet,,44590.00,2026-09-12T21:12:03.676Z,verified,,
315,315,bank_transfer,,10300.00,2026-09-13T07:40:42.884Z,verified,,
316,316,credit_card,,22500.00,2026-09-13T07:24:08.768Z,verified,,
317,317,debit_card,,7000.00,2026-09-13T16:47:48.181Z,verified,,
318,319,cash,,9700.00,2026-09-13T13:08:43.170Z,verified,,
319,320,e_wallet,,6100.00,2026-09-13T07:16:44.877Z,verified,,
320,321,bank_transfer,,13400.00,2026-09-13T02:19:53.724Z,verified,,
321,322,credit_card,,1450.00,2026-09-13T09:32:32.794Z,verified,,
322,323,debit_card,,13450.00,2026-09-13T07:44:54.912Z,verified,,
323,324,cash,,2500.00,2026-09-13T08:36:35.053Z,verified,,
324,325,cash,,2250.00,2026-06-13T11:22:47.364Z,verified,,
325,326,e_wallet,,1050.00,2026-11-22T22:44:34.674Z,verified,,
326,327,bank_transfer,,1300.00,2026-09-19T05:16:18.729Z,verified,,
327,328,credit_card,,1500.00,2026-07-11T08:02:55.535Z,verified,,
328,329,debit_card,,3950.00,2026-03-19T10:49:34.778Z,verified,,
329,330,cash,,2650.00,2026-03-19T05:51:28.555Z,verified,,
330,331,cash,,2850.00,2026-02-02T07:34:55.346Z,verified,,
331,332,e_wallet,,2100.00,2026-08-20T09:51:43.929Z,verified,,
332,333,bank_transfer,,12050.00,2026-11-27T01:28:59.896Z,verified,,
333,334,credit_card,,1300.00,2026-07-24T07:09:40.460Z,verified,,
334,335,debit_card,,2500.00,2026-12-22T22:39:13.040Z,verified,,
335,336,cash,,2700.00,2026-01-12T01:04:59.826Z,verified,,
336,337,cash,,17250.00,2026-07-11T06:46:55.686Z,verified,,
337,338,e_wallet,,1750.00,2026-10-16T18:30:20.204Z,verified,,
338,339,bank_transfer,,1150.00,2026-08-25T05:35:33.030Z,verified,,
339,340,credit_card,,2250.00,2026-07-15T22:00:53.721Z,verified,,
340,341,debit_card,,2850.00,2026-01-18T20:47:34.342Z,verified,,
341,342,cash,,4650.00,2026-11-16T19:31:19.144Z,verified,,
342,343,cash,,2100.00,2026-06-03T07:52:22.880Z,verified,,
343,344,e_wallet,,5900.00,2026-01-12T13:55:38.576Z,verified,,
344,345,bank_transfer,,2950.00,2026-12-15T07:26:33.008Z,verified,,
345,346,credit_card,,5800.00,2026-01-05T09:57:22.282Z,verified,,
346,347,debit_card,,2650.00,2026-05-15T06:16:31.266Z,verified,,
347,348,cash,,2500.00,2026-05-07T20:56:02.538Z,verified,,
348,349,cash,,1400.00,2026-03-10T21:41:22.390Z,verified,,
349,350,e_wallet,,1450.00,2026-07-16T16:19:59.779Z,verified,,
350,351,bank_transfer,,1350.00,2026-02-15T23:27:31.897Z,verified,,
351,352,credit_card,,3700.00,2026-09-12T03:07:30.710Z,verified,,
352,353,debit_card,,1200.00,2026-02-05T23:36:26.917Z,verified,,
353,354,cash,,4750.00,2026-06-03T09:08:37.142Z,verified,,
354,355,cash,,1200.00,2026-04-11T18:37:05.146Z,verified,,
355,356,e_wallet,,5300.00,2026-04-13T14:07:25.999Z,verified,,
356,357,bank_transfer,,3150.00,2026-04-25T22:42:33.406Z,verified,,
357,358,credit_card,,3200.00,2026-04-05T02:56:06.786Z,verified,,
358,359,debit_card,,2450.00,2026-11-08T23:29:52.309Z,verified,,
359,360,cash,,13300.00,2026-09-13T04:47:38.793Z,verified,,
360,361,cash,,1350.00,2026-08-11T12:41:06.775Z,verified,,
361,362,e_wallet,,1400.00,2026-06-24T22:15:32.219Z,verified,,
362,363,bank_transfer,,3150.00,2026-05-24T00:13:07.626Z,verified,,
363,364,credit_card,,3400.00,2026-02-15T03:59:24.005Z,verified,,
364,365,debit_card,,6200.00,2026-05-15T07:54:58.334Z,verified,,
365,366,cash,,3100.00,2026-11-28T08:49:47.115Z,verified,,
366,367,cash,,2250.00,2026-01-16T14:54:35.477Z,verified,,
367,368,e_wallet,,2750.00,2026-04-03T05:54:54.183Z,verified,,
368,369,bank_transfer,,1750.00,2026-09-11T18:11:04.308Z,verified,,
369,370,credit_card,,4900.00,2026-10-24T13:26:20.820Z,verified,,
370,371,debit_card,,5450.00,2026-01-10T15:33:58.162Z,verified,,
371,372,cash,,2300.00,2026-11-24T00:34:07.253Z,verified,,
372,373,cash,,2850.00,2026-04-13T16:52:42.583Z,verified,,
373,374,e_wallet,,4250.00,2026-08-23T17:16:57.948Z,verified,,
374,375,bank_transfer,,3200.00,2026-09-27T04:27:36.890Z,verified,,
375,376,credit_card,,1450.00,2026-11-04T12:53:43.030Z,verified,,
376,377,debit_card,,1150.00,2026-03-25T10:19:57.418Z,verified,,
377,378,cash,,3050.00,2026-03-22T12:02:42.357Z,verified,,
378,379,cash,,1100.00,2026-09-28T08:51:00.024Z,verified,,
379,380,e_wallet,,4500.00,2026-10-25T10:04:47.321Z,verified,,
380,381,bank_transfer,,3550.00,2026-12-12T04:33:24.803Z,verified,,
381,382,credit_card,,2050.00,2026-09-14T07:25:45.434Z,verified,,
382,383,debit_card,,1400.00,2026-11-21T15:19:51.963Z,verified,,
383,384,cash,,1700.00,2026-09-18T15:56:43.956Z,verified,,
384,385,cash,,2650.00,2026-10-26T20:28:50.165Z,verified,,
385,386,e_wallet,,3050.00,2026-12-27T14:27:57.503Z,verified,,
386,387,bank_transfer,,2200.00,2026-04-09T00:38:45.315Z,verified,,
387,388,credit_card,,3100.00,2026-12-19T12:41:55.056Z,verified,,
388,389,debit_card,,1800.00,2026-09-06T01:52:12.207Z,verified,,
389,390,cash,,1100.00,2026-10-11T02:45:18.007Z,verified,,
390,391,cash,,1100.00,2026-09-17T09:52:21.536Z,verified,,
391,392,e_wallet,,3100.00,2026-01-28T09:47:55.996Z,verified,,
392,393,bank_transfer,,3900.00,2026-09-07T06:28:27.523Z,verified,,
393,394,credit_card,,2850.00,2026-01-08T10:21:48.410Z,verified,,
394,395,debit_card,,2600.00,2026-08-27T01:43:46.418Z,verified,,
395,396,cash,,4000.00,2026-05-12T14:52:40.884Z,verified,,
396,397,cash,,4600.00,2026-12-09T05:40:25.914Z,verified,,
397,398,e_wallet,,5200.00,2026-11-04T05:34:41.871Z,verified,,
398,399,bank_transfer,,4600.00,2026-05-13T00:24:08.199Z,verified,,
399,400,credit_card,,3300.00,2026-01-18T05:42:30.014Z,verified,,
400,401,debit_card,,2550.00,2026-02-28T01:18:09.520Z,verified,,
401,402,cash,,1850.00,2026-03-05T12:09:59.455Z,verified,,
402,403,cash,,4100.00,2026-05-12T20:05:33.057Z,verified,,
403,404,e_wallet,,3050.00,2026-07-10T02:06:52.548Z,verified,,
404,405,bank_transfer,,22150.00,2026-10-18T23:43:07.341Z,verified,,
405,406,credit_card,,5750.00,2026-09-08T11:17:23.463Z,verified,,
406,407,debit_card,,4550.00,2026-05-08T02:35:50.938Z,verified,,
407,408,cash,,4800.00,2026-07-13T22:57:52.432Z,verified,,
408,409,cash,,1950.00,2026-08-26T10:18:04.657Z,verified,,
409,410,e_wallet,,2400.00,2026-12-27T22:47:46.807Z,verified,,
410,411,bank_transfer,,6050.00,2026-12-06T06:53:21.002Z,verified,,
411,412,credit_card,,1100.00,2026-04-15T17:29:51.717Z,verified,,
412,413,debit_card,,5150.00,2026-11-13T11:14:45.315Z,verified,,
413,414,cash,,4700.00,2026-09-04T07:14:51.697Z,verified,,
414,415,cash,,5000.00,2026-11-28T23:58:00.241Z,verified,,
415,416,e_wallet,,5600.00,2026-04-10T12:03:57.609Z,verified,,
416,417,bank_transfer,,3750.00,2026-07-04T10:41:35.891Z,verified,,
417,418,credit_card,,2850.00,2026-11-20T08:31:57.094Z,verified,,
418,419,debit_card,,1550.00,2026-06-24T22:09:29.220Z,verified,,
419,420,cash,,3250.00,2026-08-09T17:04:34.835Z,verified,,
420,421,cash,,1250.00,2026-06-23T21:28:06.671Z,verified,,
421,422,e_wallet,,1150.00,2026-02-15T09:59:27.333Z,verified,,
422,423,bank_transfer,,4300.00,2026-07-02T05:32:50.402Z,verified,,
423,424,credit_card,,1250.00,2026-08-03T00:52:10.875Z,verified,,
424,425,debit_card,,3500.00,2026-08-18T21:00:19.764Z,verified,,
425,426,cash,,2050.00,2026-04-03T04:16:21.388Z,verified,,
426,427,cash,,1950.00,2026-03-07T22:40:06.438Z,verified,,
427,428,e_wallet,,3500.00,2026-06-22T05:34:19.675Z,verified,,
428,429,bank_transfer,,2200.00,2026-06-09T19:11:44.452Z,verified,,
429,430,credit_card,,4150.00,2026-01-29T16:16:38.317Z,verified,,
430,431,debit_card,,1350.00,2026-01-05T10:26:54.157Z,verified,,
431,432,cash,,2250.00,2026-08-10T01:53:32.689Z,verified,,
432,433,cash,,1150.00,2026-01-24T06:27:36.746Z,verified,,
433,434,e_wallet,,2650.00,2026-07-17T18:09:29.389Z,verified,,
434,435,bank_transfer,,3050.00,2026-04-24T11:12:33.417Z,verified,,
435,436,credit_card,,3050.00,2026-01-28T21:47:48.568Z,verified,,
436,437,debit_card,,4000.00,2026-09-20T04:40:08.385Z,verified,,
437,438,cash,,3000.00,2026-03-17T03:06:44.419Z,verified,,
438,439,cash,,4200.00,2026-08-05T09:53:52.055Z,verified,,
439,440,e_wallet,,1450.00,2026-11-19T07:30:32.982Z,verified,,
440,441,bank_transfer,,5050.00,2026-10-20T14:21:43.895Z,verified,,
441,442,credit_card,,1200.00,2026-03-22T04:56:47.067Z,verified,,
442,443,debit_card,,1150.00,2026-04-25T08:46:49.734Z,verified,,
443,444,cash,,1050.00,2026-01-14T08:18:23.969Z,verified,,
444,445,cash,,3450.00,2026-09-23T16:16:44.970Z,verified,,
445,446,e_wallet,,3050.00,2026-02-06T17:08:39.302Z,verified,,
446,447,bank_transfer,,3000.00,2026-08-13T21:47:43.087Z,verified,,
447,448,credit_card,,3100.00,2026-10-27T14:02:14.522Z,verified,,
448,449,debit_card,,1500.00,2026-06-17T16:20:19.918Z,verified,,
449,450,cash,,16500.00,2026-06-16T17:03:27.401Z,verified,,
450,451,cash,,1750.00,2026-02-08T15:11:13.121Z,verified,,
451,452,e_wallet,,4550.00,2026-07-18T14:12:09.495Z,verified,,
452,453,bank_transfer,,2450.00,2026-09-18T12:17:51.814Z,verified,,
453,454,credit_card,,1800.00,2026-08-12T23:31:33.235Z,verified,,
454,455,debit_card,,5100.00,2026-05-19T00:39:28.787Z,verified,,
455,456,cash,,1400.00,2026-10-26T12:50:06.801Z,verified,,
456,457,cash,,4450.00,2026-03-05T02:25:07.898Z,verified,,
457,458,e_wallet,,4050.00,2026-07-14T08:29:47.304Z,verified,,
458,459,bank_transfer,,1200.00,2026-11-10T17:44:55.638Z,verified,,
459,460,credit_card,,3100.00,2026-08-18T20:52:42.598Z,verified,,
460,461,debit_card,,1150.00,2026-12-23T03:42:31.916Z,verified,,
461,462,cash,,2000.00,2026-08-18T19:01:50.504Z,verified,,
462,463,cash,,4350.00,2026-01-13T05:46:45.495Z,verified,,
463,464,e_wallet,,4700.00,2026-02-28T19:59:42.777Z,verified,,
464,465,bank_transfer,,1750.00,2026-01-15T11:29:53.166Z,verified,,
465,466,credit_card,,1250.00,2026-12-07T13:20:36.693Z,verified,,
466,467,debit_card,,2350.00,2026-12-03T09:16:54.327Z,verified,,
467,468,cash,,3100.00,2026-06-26T20:55:45.347Z,verified,,
468,469,cash,,4600.00,2026-02-22T23:20:53.719Z,verified,,
469,470,e_wallet,,1200.00,2026-01-15T21:09:34.481Z,verified,,
470,471,bank_transfer,,1150.00,2026-10-19T19:55:37.318Z,verified,,
471,472,credit_card,,4550.00,2026-01-28T22:44:40.526Z,verified,,
472,473,debit_card,,3700.00,2026-12-17T11:06:18.145Z,verified,,
473,474,cash,,1300.00,2026-05-20T05:28:06.557Z,verified,,
474,475,cash,,1550.00,2026-03-09T21:20:25.096Z,verified,,
475,476,e_wallet,,2600.00,2026-11-29T02:00:31.121Z,verified,,
476,477,bank_transfer,,950.00,2026-12-17T19:23:42.899Z,verified,,
477,478,credit_card,,2050.00,2026-03-02T04:51:32.095Z,verified,,
478,479,debit_card,,4800.00,2026-05-19T07:06:06.338Z,verified,,
479,480,cash,,1300.00,2026-05-15T15:47:20.533Z,verified,,
480,481,cash,,1150.00,2026-12-10T15:54:54.766Z,verified,,
481,482,e_wallet,,1050.00,2026-07-10T10:02:10.797Z,verified,,
482,483,bank_transfer,,2900.00,2026-04-23T15:36:49.838Z,verified,,
483,484,credit_card,,2550.00,2026-11-27T04:50:32.927Z,verified,,
484,485,debit_card,,4850.00,2026-04-20T21:34:25.965Z,verified,,
485,486,cash,,1750.00,2026-10-24T04:16:12.677Z,verified,,
486,487,cash,,1150.00,2026-11-19T17:33:57.870Z,verified,,
487,488,e_wallet,,1200.00,2026-06-25T17:36:21.180Z,verified,,
488,489,bank_transfer,,3900.00,2026-05-06T14:44:32.572Z,verified,,
489,490,credit_card,,3250.00,2026-02-15T04:01:51.955Z,verified,,
490,491,debit_card,,3200.00,2026-03-14T08:23:43.637Z,verified,,
491,492,cash,,2300.00,2026-05-02T09:24:04.794Z,verified,,
492,493,cash,,2300.00,2026-12-23T15:01:39.293Z,verified,,
493,494,e_wallet,,2150.00,2026-09-16T04:33:33.606Z,verified,,
494,495,bank_transfer,,4250.00,2026-07-12T08:40:36.937Z,verified,,
495,496,credit_card,,3000.00,2026-03-04T19:33:44.635Z,verified,,
496,497,debit_card,,2000.00,2026-12-16T23:54:50.090Z,verified,,
497,498,cash,,2700.00,2026-10-20T09:49:20.328Z,verified,,
498,499,cash,,1500.00,2026-11-16T04:57:22.530Z,verified,,
499,500,e_wallet,,2850.00,2026-05-04T00:30:06.350Z,verified,,
500,501,bank_transfer,,5450.00,2026-01-08T16:48:16.099Z,verified,,
501,502,credit_card,,1600.00,2026-10-23T17:39:32.232Z,verified,,
502,503,debit_card,,1050.00,2026-12-08T19:21:10.592Z,verified,,
503,504,cash,,11800.00,2026-09-18T03:09:48.018Z,verified,,
504,505,cash,,1550.00,2026-07-16T12:49:56.115Z,verified,,
505,506,e_wallet,,3100.00,2026-08-13T08:36:29.118Z,verified,,
506,507,bank_transfer,,3900.00,2026-10-28T16:04:46.387Z,verified,,
507,508,credit_card,,3450.00,2026-05-24T16:12:33.717Z,verified,,
508,509,debit_card,,1600.00,2026-10-06T13:39:51.735Z,verified,,
509,510,cash,,2650.00,2026-07-15T19:57:48.911Z,verified,,
510,511,cash,,1350.00,2026-03-02T13:08:30.239Z,verified,,
511,512,e_wallet,,4200.00,2026-06-19T04:38:57.068Z,verified,,
512,513,bank_transfer,,1850.00,2026-02-06T06:57:07.251Z,verified,,
513,514,credit_card,,2500.00,2026-12-17T00:06:35.359Z,verified,,
514,515,debit_card,,4300.00,2026-12-21T05:14:05.474Z,verified,,
515,516,cash,,3800.00,2026-12-27T04:49:59.102Z,verified,,
516,517,cash,,1450.00,2026-05-17T06:52:18.630Z,verified,,
517,518,e_wallet,,2950.00,2026-02-02T10:52:53.292Z,verified,,
518,519,bank_transfer,,2400.00,2026-07-10T00:13:09.459Z,verified,,
519,520,credit_card,,4300.00,2026-02-05T02:00:01.290Z,verified,,
520,521,debit_card,,3550.00,2026-02-22T04:37:47.454Z,verified,,
521,522,cash,,2300.00,2026-08-09T09:48:49.613Z,verified,,
522,523,cash,,3700.00,2026-03-21T23:10:17.057Z,verified,,
523,524,e_wallet,,2150.00,2026-03-19T02:59:29.585Z,verified,,
524,525,bank_transfer,,1950.00,2026-05-22T01:10:55.396Z,verified,,
525,526,credit_card,,3900.00,2026-08-29T03:20:22.463Z,verified,,
526,527,debit_card,,5250.00,2026-07-25T07:03:28.997Z,verified,,
527,528,cash,,3950.00,2026-11-27T11:26:32.299Z,verified,,
528,529,cash,,1350.00,2026-02-27T23:40:06.870Z,verified,,
529,530,e_wallet,,1250.00,2026-09-12T05:42:48.622Z,verified,,
530,531,bank_transfer,,2800.00,2026-12-17T14:14:39.667Z,verified,,
531,532,credit_card,,5350.00,2026-04-06T18:19:38.712Z,verified,,
532,533,debit_card,,4400.00,2026-04-10T03:58:54.087Z,verified,,
533,534,cash,,2850.00,2026-06-06T13:33:59.346Z,verified,,
534,535,cash,,3650.00,2026-06-16T04:34:18.967Z,verified,,
535,536,e_wallet,,5000.00,2026-07-13T07:51:16.608Z,verified,,
536,537,bank_transfer,,11800.00,2026-10-23T21:33:13.964Z,verified,,
537,538,credit_card,,5150.00,2026-10-13T02:24:52.501Z,verified,,
538,539,debit_card,,4300.00,2026-02-06T22:08:51.489Z,verified,,
539,540,cash,,1800.00,2026-03-05T00:10:46.236Z,verified,,
540,541,cash,,1400.00,2026-09-23T17:15:56.771Z,verified,,
541,542,e_wallet,,1400.00,2026-03-11T11:32:34.074Z,verified,,
542,543,bank_transfer,,2500.00,2026-11-11T19:19:22.082Z,verified,,
543,544,credit_card,,2100.00,2026-02-14T07:39:57.193Z,verified,,
544,545,debit_card,,4200.00,2026-05-06T03:21:41.538Z,verified,,
545,546,cash,,4100.00,2026-12-11T13:16:35.771Z,verified,,
546,547,cash,,1700.00,2026-12-27T02:06:58.331Z,verified,,
547,548,e_wallet,,2500.00,2026-02-20T17:21:01.137Z,verified,,
548,549,bank_transfer,,1700.00,2026-09-20T10:53:32.716Z,verified,,
549,550,credit_card,,4950.00,2026-06-08T17:54:25.907Z,verified,,
550,551,debit_card,,4200.00,2026-01-29T07:18:18.639Z,verified,,
551,552,cash,,4750.00,2026-06-12T07:55:50.458Z,verified,,
552,553,cash,,1050.00,2026-08-13T16:08:24.891Z,verified,,
553,554,e_wallet,,4100.00,2026-04-26T13:38:08.483Z,verified,,
554,555,bank_transfer,,3850.00,2026-01-06T19:49:22.837Z,verified,,
555,556,credit_card,,2550.00,2026-03-23T19:19:14.622Z,verified,,
556,557,debit_card,,1150.00,2026-12-11T00:22:37.826Z,verified,,
557,558,cash,,1150.00,2026-12-21T03:49:38.009Z,verified,,
558,559,cash,,2550.00,2026-05-28T18:08:59.742Z,verified,,
559,560,e_wallet,,2600.00,2026-12-06T23:59:21.285Z,verified,,
560,561,bank_transfer,,1700.00,2026-06-04T22:43:49.219Z,verified,,
561,562,credit_card,,1400.00,2026-05-22T07:28:02.545Z,verified,,
562,563,debit_card,,14100.00,2026-11-16T14:15:22.412Z,verified,,
563,564,cash,,3000.00,2026-02-20T00:59:39.394Z,verified,,
564,565,cash,,2900.00,2026-07-24T21:03:24.539Z,verified,,
565,566,e_wallet,,19100.00,2026-12-22T14:34:48.377Z,verified,,
566,567,bank_transfer,,2150.00,2026-03-16T06:28:58.886Z,verified,,
567,568,credit_card,,2250.00,2026-02-09T05:16:41.174Z,verified,,
568,569,debit_card,,3400.00,2026-04-05T04:27:19.928Z,verified,,
569,570,cash,,3050.00,2026-04-23T13:34:15.807Z,verified,,
570,571,cash,,1200.00,2026-03-22T09:51:07.236Z,verified,,
571,572,e_wallet,,2000.00,2026-12-13T18:25:17.535Z,verified,,
572,573,bank_transfer,,1300.00,2026-12-20T14:10:29.256Z,verified,,
573,574,credit_card,,1300.00,2026-10-14T06:06:01.410Z,verified,,
574,575,debit_card,,1900.00,2026-09-07T18:31:35.798Z,verified,,
575,576,cash,,2250.00,2026-01-04T18:35:35.006Z,verified,,
576,577,cash,,2500.00,2026-02-19T05:05:31.340Z,verified,,
577,578,e_wallet,,3750.00,2026-07-12T08:49:39.980Z,verified,,
578,579,bank_transfer,,3450.00,2026-09-17T08:37:54.410Z,verified,,
579,580,credit_card,,1250.00,2026-09-15T09:28:41.169Z,verified,,
580,581,debit_card,,3400.00,2026-08-24T08:06:10.097Z,verified,,
581,582,cash,,1300.00,2026-11-28T17:15:55.506Z,verified,,
582,583,cash,,3750.00,2026-11-28T01:23:30.160Z,verified,,
583,584,e_wallet,,3900.00,2026-07-12T09:20:34.857Z,verified,,
584,585,bank_transfer,,1500.00,2026-07-16T22:40:49.283Z,verified,,
585,586,credit_card,,2700.00,2026-01-19T03:07:45.287Z,verified,,
586,587,debit_card,,5250.00,2026-09-15T10:33:22.899Z,verified,,
587,588,cash,,1200.00,2026-02-07T09:29:11.567Z,verified,,
588,589,cash,,2150.00,2026-05-09T05:10:30.185Z,verified,,
589,590,e_wallet,,3050.00,2026-10-12T21:08:47.218Z,verified,,
590,591,bank_transfer,,5050.00,2026-12-18T08:54:55.822Z,verified,,
591,592,credit_card,,4400.00,2026-07-16T04:41:17.102Z,verified,,
592,593,debit_card,,5250.00,2026-12-06T03:57:24.571Z,verified,,
593,594,cash,,3400.00,2026-03-13T14:28:45.642Z,verified,,
594,595,cash,,1500.00,2026-07-19T15:16:14.307Z,verified,,
595,596,e_wallet,,4800.00,2026-04-28T23:26:35.387Z,verified,,
596,597,bank_transfer,,4250.00,2026-03-29T07:04:32.657Z,verified,,
597,598,credit_card,,5000.00,2026-09-08T06:52:30.424Z,verified,,
598,599,debit_card,,3400.00,2026-11-02T03:47:55.247Z,verified,,
599,600,cash,,3550.00,2026-02-23T00:20:25.724Z,verified,,
600,601,cash,,5750.00,2026-10-28T20:19:51.048Z,verified,,
601,602,e_wallet,,17400.00,2026-03-08T07:21:49.265Z,verified,,
602,603,bank_transfer,,4250.00,2026-12-24T04:50:11.552Z,verified,,
603,604,credit_card,,2450.00,2026-06-04T07:55:38.567Z,verified,,
604,605,debit_card,,4300.00,2026-01-08T02:56:39.117Z,verified,,
605,606,cash,,1800.00,2026-04-25T01:16:06.320Z,verified,,
606,607,cash,,4900.00,2026-05-24T02:59:53.806Z,verified,,
607,608,e_wallet,,2050.00,2026-03-12T20:06:00.309Z,verified,,
608,609,bank_transfer,,1300.00,2026-05-02T21:37:34.619Z,verified,,
609,610,credit_card,,1200.00,2026-01-06T05:27:18.854Z,verified,,
610,611,debit_card,,5450.00,2026-10-24T21:38:40.700Z,verified,,
611,612,cash,,2900.00,2026-04-09T03:30:55.113Z,verified,,
612,613,cash,,1200.00,2026-10-20T11:45:23.771Z,verified,,
613,614,e_wallet,,4950.00,2026-03-12T04:54:42.988Z,verified,,
614,615,bank_transfer,,2650.00,2026-11-28T04:13:08.681Z,verified,,
615,616,credit_card,,4050.00,2026-10-25T00:02:51.066Z,verified,,
616,617,debit_card,,19400.00,2026-06-15T19:08:59.803Z,verified,,
617,618,cash,,3900.00,2026-02-23T03:28:19.836Z,verified,,
618,619,cash,,3100.00,2026-06-18T13:09:38.465Z,verified,,
619,620,e_wallet,,2800.00,2026-09-06T02:38:29.709Z,verified,,
620,621,bank_transfer,,5100.00,2026-04-14T04:00:40.661Z,verified,,
621,622,credit_card,,3950.00,2026-03-24T05:46:39.364Z,verified,,
622,623,debit_card,,1450.00,2026-04-28T08:50:52.587Z,verified,,
623,624,cash,,2750.00,2026-12-27T21:32:46.544Z,verified,,
624,625,cash,,2000.00,2026-02-13T09:57:41.973Z,verified,,
625,626,e_wallet,,2000.00,2026-06-13T22:27:22.188Z,verified,,
626,627,bank_transfer,,3600.00,2026-12-29T06:27:55.721Z,verified,,
627,628,credit_card,,1850.00,2026-11-25T15:14:59.386Z,verified,,
628,629,debit_card,,15250.00,2026-05-18T11:53:38.205Z,verified,,
629,630,cash,,3450.00,2026-06-17T12:00:01.791Z,verified,,
630,631,cash,,3500.00,2026-09-04T21:02:43.860Z,verified,,
631,632,e_wallet,,1000.00,2026-05-05T19:57:32.285Z,verified,,
632,633,bank_transfer,,5250.00,2026-03-09T23:39:41.633Z,verified,,
633,634,credit_card,,3000.00,2026-05-22T02:08:08.491Z,verified,,
634,635,debit_card,,2550.00,2026-02-06T20:29:35.513Z,verified,,
635,636,cash,,1350.00,2026-01-09T15:54:02.602Z,verified,,
636,637,cash,,2850.00,2026-06-18T10:41:34.231Z,verified,,
637,638,e_wallet,,5250.00,2026-05-25T03:40:24.828Z,verified,,
638,639,bank_transfer,,5450.00,2026-02-05T19:11:06.083Z,verified,,
639,640,credit_card,,1350.00,2026-04-04T06:50:22.023Z,verified,,
640,641,debit_card,,3700.00,2026-05-18T02:21:23.296Z,verified,,
641,642,cash,,3100.00,2026-02-05T16:01:16.282Z,verified,,
642,643,cash,,2300.00,2026-12-14T05:12:39.823Z,verified,,
643,644,e_wallet,,1600.00,2026-12-26T03:55:21.126Z,verified,,
644,645,bank_transfer,,3700.00,2026-02-19T15:37:55.153Z,verified,,
645,646,credit_card,,3000.00,2026-06-21T13:12:30.332Z,verified,,
646,647,debit_card,,2350.00,2026-08-21T05:15:40.856Z,verified,,
647,648,cash,,1900.00,2026-11-08T06:11:50.669Z,verified,,
648,649,cash,,2650.00,2026-08-05T23:34:17.639Z,verified,,
649,650,e_wallet,,5700.00,2026-08-22T13:30:57.367Z,verified,,
650,651,bank_transfer,,3100.00,2026-10-18T02:59:30.806Z,verified,,
651,652,credit_card,,1150.00,2026-01-02T23:15:08.968Z,verified,,
652,653,debit_card,,7000.00,2026-01-15T15:47:20.649Z,verified,,
653,654,cash,,2850.00,2026-02-05T12:01:55.490Z,verified,,
654,655,cash,,1300.00,2026-10-23T13:25:18.546Z,verified,,
655,656,e_wallet,,1600.00,2026-05-06T06:00:19.317Z,verified,,
656,657,bank_transfer,,3850.00,2026-06-28T16:19:14.258Z,verified,,
657,658,credit_card,,4500.00,2026-01-24T11:05:45.458Z,verified,,
658,659,debit_card,,2300.00,2026-10-09T06:19:31.965Z,verified,,
659,660,cash,,4150.00,2026-06-26T11:10:17.452Z,verified,,
660,661,cash,,17050.00,2026-03-12T21:57:55.837Z,verified,,
661,662,e_wallet,,6000.00,2026-02-16T22:14:27.901Z,verified,,
662,663,bank_transfer,,2350.00,2026-11-07T16:10:29.898Z,verified,,
663,664,credit_card,,4250.00,2026-10-07T20:11:57.648Z,verified,,
664,665,debit_card,,2150.00,2026-12-17T05:53:21.937Z,verified,,
665,666,cash,,5700.00,2026-02-06T05:02:57.535Z,verified,,
666,667,cash,,2700.00,2026-07-08T00:31:38.698Z,verified,,
667,668,e_wallet,,5350.00,2026-08-02T00:01:57.058Z,verified,,
668,669,bank_transfer,,4200.00,2026-12-05T19:57:08.464Z,verified,,
669,670,credit_card,,1300.00,2026-11-20T05:43:54.797Z,verified,,
670,671,debit_card,,3500.00,2026-09-21T11:17:21.788Z,verified,,
671,672,cash,,1500.00,2026-12-19T18:14:53.123Z,verified,,
672,673,cash,,3700.00,2026-04-07T15:14:39.396Z,verified,,
673,674,e_wallet,,5500.00,2026-10-22T23:10:11.558Z,verified,,
674,675,bank_transfer,,1900.00,2026-07-18T00:10:32.378Z,verified,,
675,676,credit_card,,4100.00,2026-08-04T06:05:04.073Z,verified,,
676,677,debit_card,,1950.00,2026-10-15T13:10:48.406Z,verified,,
677,678,cash,,4100.00,2026-01-11T20:44:03.613Z,verified,,
678,679,cash,,6100.00,2026-08-09T07:06:41.821Z,verified,,
679,680,e_wallet,,2400.00,2026-04-26T12:53:43.023Z,verified,,
680,681,bank_transfer,,2750.00,2026-01-27T20:06:00.263Z,verified,,
681,682,credit_card,,2300.00,2026-04-22T03:38:35.201Z,verified,,
682,683,debit_card,,4850.00,2026-05-14T08:25:29.525Z,verified,,
683,684,cash,,1400.00,2026-01-26T01:15:41.321Z,verified,,
684,685,cash,,1200.00,2026-10-27T09:12:57.681Z,verified,,
685,686,e_wallet,,2500.00,2026-05-27T08:50:19.907Z,verified,,
686,687,bank_transfer,,1200.00,2026-11-02T08:27:01.780Z,verified,,
687,688,credit_card,,1000.00,2026-10-05T21:02:33.303Z,verified,,
688,689,debit_card,,4600.00,2026-01-18T02:53:30.899Z,verified,,
689,690,cash,,1100.00,2026-08-22T06:06:57.375Z,verified,,
690,691,cash,,3100.00,2026-09-26T04:11:39.895Z,verified,,
691,692,e_wallet,,2000.00,2026-07-16T12:07:07.077Z,verified,,
692,693,bank_transfer,,5450.00,2026-04-25T04:41:26.608Z,verified,,
693,694,credit_card,,2050.00,2026-06-02T16:54:46.268Z,verified,,
694,695,debit_card,,3950.00,2026-07-03T16:26:01.948Z,verified,,
695,696,cash,,3200.00,2026-11-08T02:28:27.163Z,verified,,
696,697,cash,,1850.00,2026-05-26T14:15:23.948Z,verified,,
697,698,e_wallet,,1050.00,2026-07-14T19:56:30.310Z,verified,,
698,699,bank_transfer,,1050.00,2026-09-07T12:08:48.494Z,verified,,
699,700,credit_card,,3450.00,2026-12-24T05:13:26.477Z,verified,,
700,701,debit_card,,2750.00,2026-04-14T20:21:09.465Z,verified,,
701,702,cash,,5100.00,2026-12-10T03:55:31.438Z,verified,,
702,703,cash,,1550.00,2026-07-15T10:08:16.508Z,verified,,
703,704,e_wallet,,2450.00,2026-12-07T21:17:05.704Z,verified,,
704,705,bank_transfer,,3600.00,2026-04-25T11:03:27.158Z,verified,,
705,706,credit_card,,2950.00,2026-10-03T18:15:22.287Z,verified,,
706,707,debit_card,,1200.00,2026-05-27T10:23:47.106Z,verified,,
707,708,cash,,2900.00,2026-09-10T08:25:53.876Z,verified,,
708,709,cash,,4200.00,2026-02-12T06:08:44.394Z,verified,,
709,710,e_wallet,,5300.00,2026-06-19T14:06:44.047Z,verified,,
710,711,bank_transfer,,3100.00,2026-05-24T02:02:06.252Z,verified,,
711,712,credit_card,,2200.00,2026-04-11T20:58:04.448Z,verified,,
712,713,debit_card,,4450.00,2026-08-21T04:08:48.676Z,verified,,
713,714,cash,,3350.00,2026-10-08T00:10:36.736Z,verified,,
714,715,cash,,1850.00,2026-07-23T00:07:36.193Z,verified,,
715,716,e_wallet,,1200.00,2026-04-21T19:46:15.391Z,verified,,
716,717,bank_transfer,,4450.00,2026-07-23T11:27:38.422Z,verified,,
717,718,credit_card,,5850.00,2026-11-21T00:33:04.504Z,verified,,
718,719,debit_card,,4500.00,2026-09-28T21:08:57.269Z,verified,,
719,720,cash,,1350.00,2026-04-27T13:01:31.577Z,verified,,
720,721,cash,,3000.00,2026-01-19T10:39:06.755Z,verified,,
721,722,e_wallet,,1650.00,2026-06-21T14:59:48.710Z,verified,,
722,723,bank_transfer,,6050.00,2026-11-23T14:13:04.976Z,verified,,
723,724,credit_card,,2550.00,2026-09-20T19:37:47.527Z,verified,,
724,725,debit_card,,2900.00,2026-04-02T04:34:05.857Z,verified,,
725,726,cash,,4400.00,2026-05-03T08:10:03.369Z,verified,,
726,727,cash,,1750.00,2026-05-12T08:26:03.019Z,verified,,
727,728,e_wallet,,1950.00,2026-09-25T03:15:19.053Z,verified,,
728,729,bank_transfer,,3700.00,2026-12-02T14:25:48.631Z,verified,,
729,730,credit_card,,6400.00,2026-09-09T22:43:59.860Z,verified,,
730,731,debit_card,,1800.00,2026-08-26T00:38:35.606Z,verified,,
731,732,cash,,5900.00,2026-03-19T06:17:06.814Z,verified,,
732,733,cash,,2450.00,2026-05-17T08:31:45.117Z,verified,,
733,734,e_wallet,,3150.00,2026-06-14T08:07:26.478Z,verified,,
734,735,bank_transfer,,3050.00,2026-06-22T08:42:42.348Z,verified,,
735,736,credit_card,,1750.00,2026-04-24T15:46:30.634Z,verified,,
736,737,debit_card,,1750.00,2026-02-25T06:55:50.424Z,verified,,
737,738,cash,,1350.00,2026-07-20T14:53:05.136Z,verified,,
738,739,cash,,2650.00,2026-06-12T17:38:20.114Z,verified,,
739,740,e_wallet,,5400.00,2026-09-07T10:36:10.037Z,verified,,
740,741,bank_transfer,,1300.00,2026-04-11T02:33:47.560Z,verified,,
741,742,credit_card,,1650.00,2026-03-14T20:29:28.086Z,verified,,
742,743,debit_card,,2400.00,2026-12-21T08:26:22.535Z,verified,,
743,744,cash,,2850.00,2026-02-20T23:06:58.067Z,verified,,
744,745,cash,,1700.00,2026-03-02T11:27:07.727Z,verified,,
745,746,e_wallet,,1600.00,2026-09-12T17:25:36.199Z,verified,,
746,747,bank_transfer,,1300.00,2026-06-25T11:14:15.725Z,verified,,
747,748,credit_card,,1250.00,2026-07-11T03:21:59.207Z,verified,,
748,749,debit_card,,950.00,2026-12-25T02:12:39.144Z,verified,,
749,750,cash,,2700.00,2026-02-05T10:54:21.519Z,verified,,
750,751,cash,,2850.00,2026-08-20T16:09:14.572Z,verified,,
751,752,e_wallet,,15700.00,2026-02-12T17:03:27.485Z,verified,,
752,753,bank_transfer,,1700.00,2026-09-21T02:33:14.666Z,verified,,
753,754,credit_card,,1300.00,2026-11-21T10:40:40.103Z,verified,,
754,755,debit_card,,3900.00,2026-08-09T09:14:01.006Z,verified,,
755,756,cash,,2500.00,2026-05-25T00:49:05.092Z,verified,,
756,757,cash,,1600.00,2026-12-09T00:51:32.615Z,verified,,
757,758,e_wallet,,1200.00,2026-12-19T01:54:39.372Z,verified,,
758,759,bank_transfer,,4300.00,2026-02-11T23:32:19.692Z,verified,,
759,760,credit_card,,1450.00,2026-11-03T13:19:32.825Z,verified,,
760,761,debit_card,,2300.00,2026-05-05T12:24:23.992Z,verified,,
761,762,cash,,3750.00,2026-11-05T22:45:43.794Z,verified,,
762,763,cash,,1150.00,2026-06-11T15:43:18.438Z,verified,,
763,764,e_wallet,,1200.00,2026-01-19T14:04:07.678Z,verified,,
764,765,bank_transfer,,1450.00,2026-02-24T12:20:54.419Z,verified,,
765,766,credit_card,,14800.00,2026-03-16T03:19:06.964Z,verified,,
766,767,debit_card,,2000.00,2026-02-17T01:43:24.950Z,verified,,
767,768,cash,,1100.00,2026-09-10T19:35:47.672Z,verified,,
768,769,cash,,3900.00,2026-11-09T01:52:23.094Z,verified,,
769,770,e_wallet,,2650.00,2026-03-09T01:55:27.324Z,verified,,
770,771,bank_transfer,,2700.00,2026-06-13T01:10:44.342Z,verified,,
771,772,credit_card,,2550.00,2026-03-15T15:42:54.851Z,verified,,
772,773,debit_card,,5350.00,2026-08-20T10:45:29.853Z,verified,,
773,774,cash,,1250.00,2026-06-28T03:31:20.959Z,verified,,
774,775,cash,,1250.00,2026-03-15T02:27:01.566Z,verified,,
775,776,e_wallet,,10450.00,2026-05-23T05:45:47.478Z,verified,,
776,777,bank_transfer,,17700.00,2026-03-04T21:11:04.201Z,verified,,
777,778,credit_card,,1800.00,2026-01-20T12:57:17.864Z,verified,,
778,779,debit_card,,18350.00,2026-02-23T06:54:58.393Z,verified,,
779,780,cash,,3250.00,2026-03-15T23:10:09.848Z,verified,,
780,781,cash,,2550.00,2026-07-14T23:43:20.964Z,verified,,
781,782,e_wallet,,18100.00,2026-08-22T06:44:44.089Z,verified,,
782,783,bank_transfer,,4800.00,2026-01-26T00:30:38.479Z,verified,,
783,784,credit_card,,1850.00,2026-01-24T16:35:28.074Z,verified,,
784,785,debit_card,,1200.00,2026-01-05T03:18:04.679Z,verified,,
785,786,cash,,3450.00,2026-02-09T10:52:22.544Z,verified,,
786,787,cash,,3900.00,2026-11-14T17:28:27.843Z,verified,,
787,788,e_wallet,,1100.00,2026-03-14T12:37:38.306Z,verified,,
788,789,bank_transfer,,4700.00,2026-04-10T11:44:57.809Z,verified,,
789,790,credit_card,,2900.00,2026-01-09T20:53:39.952Z,verified,,
790,791,debit_card,,2450.00,2026-11-05T02:40:28.483Z,verified,,
791,792,cash,,2450.00,2026-05-08T04:19:47.434Z,verified,,
792,793,cash,,4500.00,2026-03-15T15:13:48.263Z,verified,,
793,794,e_wallet,,1300.00,2026-10-06T20:52:49.110Z,verified,,
794,795,bank_transfer,,3650.00,2026-07-23T15:58:10.419Z,verified,,
795,796,credit_card,,5250.00,2026-04-05T00:38:26.065Z,verified,,
796,797,debit_card,,1200.00,2026-09-13T16:37:15.007Z,verified,,
797,798,cash,,4400.00,2026-09-02T05:16:38.860Z,verified,,
798,799,cash,,4450.00,2026-04-07T10:51:47.674Z,verified,,
799,800,e_wallet,,4100.00,2026-06-23T01:32:14.311Z,verified,,
800,801,bank_transfer,,2300.00,2026-11-17T22:01:40.414Z,verified,,
801,802,credit_card,,3900.00,2026-10-04T03:04:54.472Z,verified,,
802,803,debit_card,,4300.00,2026-01-21T06:14:06.118Z,verified,,
803,804,cash,,5400.00,2026-04-11T05:30:20.899Z,verified,,
804,805,cash,,3250.00,2026-08-22T15:09:39.293Z,verified,,
805,806,e_wallet,,2150.00,2026-03-06T12:39:03.121Z,verified,,
806,807,bank_transfer,,2600.00,2026-04-12T07:01:47.398Z,verified,,
807,808,credit_card,,3750.00,2026-02-09T04:29:57.969Z,verified,,
808,809,debit_card,,4800.00,2026-04-11T11:47:05.266Z,verified,,
809,810,cash,,3200.00,2026-08-10T00:19:56.923Z,verified,,
810,811,cash,,2800.00,2026-03-29T18:42:57.674Z,verified,,
811,812,e_wallet,,2250.00,2026-12-28T01:58:29.811Z,verified,,
812,813,bank_transfer,,4400.00,2026-07-10T19:10:55.646Z,verified,,
813,814,credit_card,,1650.00,2026-07-28T21:29:54.099Z,verified,,
814,815,debit_card,,1950.00,2026-01-18T11:06:36.826Z,verified,,
815,816,cash,,3200.00,2026-11-07T17:57:50.688Z,verified,,
816,817,cash,,3250.00,2026-04-09T03:27:40.619Z,verified,,
817,818,e_wallet,,4300.00,2026-10-13T20:44:03.689Z,verified,,
818,819,bank_transfer,,1200.00,2026-06-24T04:37:35.813Z,verified,,
819,820,credit_card,,950.00,2026-07-03T17:04:08.083Z,verified,,
820,821,debit_card,,1700.00,2026-06-10T21:44:13.513Z,verified,,
821,822,cash,,1900.00,2026-03-16T12:38:07.300Z,verified,,
822,823,cash,,1800.00,2026-10-27T04:39:12.570Z,verified,,
823,824,e_wallet,,2200.00,2026-01-27T12:19:05.080Z,verified,,
824,825,bank_transfer,,14050.00,2026-02-03T14:22:28.324Z,verified,,
825,826,credit_card,,1400.00,2026-01-16T19:47:11.692Z,verified,,
826,827,debit_card,,3850.00,2026-05-20T21:58:34.244Z,verified,,
827,828,cash,,3100.00,2026-04-07T22:59:48.953Z,verified,,
828,829,cash,,4600.00,2026-09-19T07:22:06.837Z,verified,,
829,830,e_wallet,,3250.00,2026-02-13T16:27:44.537Z,verified,,
830,831,bank_transfer,,2700.00,2026-12-27T19:08:59.066Z,verified,,
831,832,credit_card,,1950.00,2026-12-08T05:26:25.059Z,verified,,
832,833,debit_card,,1250.00,2026-12-10T03:13:29.416Z,verified,,
833,834,cash,,950.00,2026-09-23T01:15:00.854Z,verified,,
834,835,cash,,4950.00,2026-10-03T21:04:30.184Z,verified,,
835,836,e_wallet,,1500.00,2026-05-27T05:33:08.805Z,verified,,
836,837,bank_transfer,,3400.00,2026-04-08T10:53:53.298Z,verified,,
837,838,credit_card,,3750.00,2026-02-14T20:59:05.364Z,verified,,
838,839,debit_card,,2050.00,2026-08-13T05:09:25.008Z,verified,,
839,840,cash,,17300.00,2026-03-26T07:21:33.838Z,verified,,
840,841,cash,,1150.00,2026-08-27T03:04:08.302Z,verified,,
841,842,e_wallet,,2150.00,2026-12-24T02:17:56.187Z,verified,,
842,843,bank_transfer,,2500.00,2026-02-19T14:18:53.336Z,verified,,
843,844,credit_card,,5350.00,2026-09-27T00:23:57.956Z,verified,,
844,845,debit_card,,4150.00,2026-07-14T10:52:17.442Z,verified,,
845,846,cash,,2600.00,2026-09-19T05:19:21.807Z,verified,,
846,847,cash,,3900.00,2026-12-25T04:26:21.789Z,verified,,
847,848,e_wallet,,1050.00,2026-09-18T02:26:14.221Z,verified,,
848,849,bank_transfer,,1300.00,2026-02-05T15:12:45.148Z,verified,,
849,850,credit_card,,1300.00,2026-07-29T19:50:19.101Z,verified,,
850,851,debit_card,,3300.00,2026-09-29T05:11:50.110Z,verified,,
851,852,cash,,1050.00,2026-06-02T15:40:36.872Z,verified,,
852,853,cash,,15950.00,2026-08-05T03:54:45.056Z,verified,,
853,854,e_wallet,,1250.00,2026-10-13T09:56:30.242Z,verified,,
854,855,bank_transfer,,4200.00,2026-10-13T15:05:08.235Z,verified,,
855,856,credit_card,,5200.00,2026-10-13T22:52:18.313Z,verified,,
856,857,debit_card,,15000.00,2026-10-20T14:04:47.666Z,verified,,
857,858,cash,,2950.00,2026-04-06T05:21:56.791Z,verified,,
858,859,cash,,2450.00,2026-07-21T09:12:48.113Z,verified,,
859,860,e_wallet,,12300.00,2026-12-03T13:11:45.019Z,verified,,
860,861,bank_transfer,,2700.00,2026-04-07T20:10:14.893Z,verified,,
861,862,credit_card,,1800.00,2026-02-16T02:46:53.926Z,verified,,
862,863,debit_card,,4350.00,2026-02-07T06:46:29.881Z,verified,,
863,864,cash,,1600.00,2026-08-20T14:21:16.594Z,verified,,
864,865,cash,,4200.00,2026-11-11T20:12:26.397Z,verified,,
865,866,e_wallet,,2500.00,2026-05-22T18:26:09.210Z,verified,,
866,867,bank_transfer,,3450.00,2026-05-06T03:46:20.034Z,verified,,
867,868,credit_card,,3550.00,2026-08-16T07:18:16.789Z,verified,,
868,869,debit_card,,2500.00,2026-11-02T16:01:22.177Z,verified,,
869,870,cash,,3900.00,2026-03-22T01:27:25.062Z,verified,,
870,871,cash,,1850.00,2026-06-07T08:00:56.383Z,verified,,
871,872,e_wallet,,3050.00,2026-11-26T18:17:16.183Z,verified,,
872,873,bank_transfer,,2200.00,2026-02-08T14:06:33.971Z,verified,,
873,874,credit_card,,1500.00,2026-10-24T19:43:14.808Z,verified,,
874,875,debit_card,,1600.00,2026-10-29T06:59:54.546Z,verified,,
875,876,cash,,4650.00,2026-02-04T22:15:37.429Z,verified,,
876,877,cash,,2950.00,2026-07-21T16:31:58.565Z,verified,,
877,878,e_wallet,,2050.00,2026-12-07T16:33:11.478Z,verified,,
878,879,bank_transfer,,3900.00,2026-08-23T04:16:32.893Z,verified,,
879,880,credit_card,,2500.00,2026-08-08T12:21:15.629Z,verified,,
880,881,debit_card,,14400.00,2026-08-21T23:42:19.039Z,verified,,
881,882,cash,,3100.00,2026-06-23T20:13:08.687Z,verified,,
882,883,cash,,2250.00,2026-12-25T15:49:10.998Z,verified,,
883,884,e_wallet,,6450.00,2026-10-24T19:49:55.360Z,verified,,
884,885,bank_transfer,,1700.00,2026-08-24T19:20:15.446Z,verified,,
885,886,credit_card,,1150.00,2026-11-16T05:58:10.258Z,verified,,
886,887,debit_card,,3050.00,2026-12-04T07:02:11.932Z,verified,,
887,888,cash,,3050.00,2026-01-16T23:47:55.289Z,verified,,
888,889,cash,,1100.00,2026-11-28T01:56:56.844Z,verified,,
889,890,e_wallet,,3050.00,2026-09-02T18:43:05.901Z,verified,,
890,891,bank_transfer,,2750.00,2026-09-07T22:20:15.080Z,verified,,
891,892,credit_card,,4900.00,2026-06-02T03:06:40.542Z,verified,,
892,893,debit_card,,2000.00,2026-02-04T04:31:46.940Z,verified,,
893,894,cash,,3250.00,2026-02-23T10:55:24.656Z,verified,,
894,895,cash,,5550.00,2026-03-10T07:47:53.914Z,verified,,
895,896,e_wallet,,2700.00,2026-10-21T19:51:21.060Z,verified,,
896,897,bank_transfer,,1950.00,2026-09-13T06:09:23.850Z,verified,,
897,898,credit_card,,1500.00,2026-08-18T01:52:06.458Z,verified,,
898,899,debit_card,,3750.00,2026-08-05T09:55:37.119Z,verified,,
899,900,cash,,2950.00,2026-09-02T03:47:51.416Z,verified,,
900,901,cash,,1350.00,2026-10-05T00:16:48.174Z,verified,,
901,902,e_wallet,,1850.00,2026-04-29T02:45:31.074Z,verified,,
902,903,bank_transfer,,3000.00,2026-03-21T14:14:00.435Z,verified,,
903,904,credit_card,,2000.00,2026-11-03T17:26:18.394Z,verified,,
904,905,debit_card,,5050.00,2026-11-14T03:08:46.696Z,verified,,
905,906,cash,,1550.00,2026-06-27T11:04:20.072Z,verified,,
906,907,cash,,1250.00,2026-10-12T14:11:48.896Z,verified,,
907,908,e_wallet,,1250.00,2026-05-02T16:13:23.776Z,verified,,
908,909,bank_transfer,,3350.00,2026-03-17T20:28:12.635Z,verified,,
909,910,credit_card,,4400.00,2026-02-28T13:39:58.257Z,verified,,
910,911,debit_card,,1300.00,2026-11-24T19:12:13.806Z,verified,,
911,912,cash,,1850.00,2026-09-28T13:19:07.951Z,verified,,
912,913,cash,,1200.00,2026-12-26T18:24:58.515Z,verified,,
913,914,e_wallet,,3800.00,2026-11-22T12:37:44.675Z,verified,,
914,915,bank_transfer,,3800.00,2026-01-05T00:35:38.029Z,verified,,
915,916,credit_card,,5000.00,2026-01-26T19:33:50.272Z,verified,,
916,917,debit_card,,2350.00,2026-02-24T13:37:54.475Z,verified,,
917,918,cash,,2850.00,2026-11-23T06:40:58.868Z,verified,,
918,919,cash,,1500.00,2026-06-20T11:00:09.540Z,verified,,
919,920,e_wallet,,3100.00,2026-06-17T12:52:33.400Z,verified,,
920,921,bank_transfer,,4400.00,2026-06-23T21:34:01.984Z,verified,,
921,922,credit_card,,3550.00,2026-04-16T05:47:52.821Z,verified,,
922,923,debit_card,,3000.00,2026-01-08T15:43:05.715Z,verified,,
923,924,cash,,3050.00,2026-02-25T22:55:56.076Z,verified,,
924,925,cash,,2400.00,2026-06-09T14:45:59.891Z,verified,,
925,926,e_wallet,,1050.00,2026-06-03T03:40:45.005Z,verified,,
926,927,bank_transfer,,5200.00,2026-02-14T02:53:28.477Z,verified,,
927,928,credit_card,,1100.00,2026-10-27T18:05:02.978Z,verified,,
928,929,debit_card,,2850.00,2026-03-08T05:26:51.920Z,verified,,
929,930,cash,,4300.00,2026-01-15T20:39:34.102Z,verified,,
930,931,cash,,2550.00,2026-10-20T08:26:38.053Z,verified,,
931,932,e_wallet,,2150.00,2026-01-02T09:08:37.455Z,verified,,
932,933,bank_transfer,,2900.00,2026-02-12T04:19:13.747Z,verified,,
933,934,credit_card,,1250.00,2026-06-16T10:21:48.905Z,verified,,
934,935,debit_card,,1400.00,2026-02-16T16:07:10.553Z,verified,,
935,936,cash,,3700.00,2026-09-19T05:00:15.171Z,verified,,
936,937,cash,,3700.00,2026-09-26T21:53:14.230Z,verified,,
937,938,e_wallet,,2050.00,2026-02-25T02:20:17.700Z,verified,,
938,939,bank_transfer,,4850.00,2026-06-15T13:12:13.881Z,verified,,
939,940,credit_card,,3700.00,2026-02-07T18:25:13.935Z,verified,,
940,941,debit_card,,3000.00,2026-08-14T01:03:46.218Z,verified,,
941,942,cash,,1200.00,2026-02-28T11:41:50.732Z,verified,,
942,943,cash,,3300.00,2026-11-05T22:45:38.897Z,verified,,
943,944,e_wallet,,3500.00,2026-12-13T15:42:14.313Z,verified,,
944,945,bank_transfer,,5050.00,2026-09-21T20:59:06.011Z,verified,,
945,946,credit_card,,2850.00,2026-10-23T19:26:24.751Z,verified,,
946,947,debit_card,,1450.00,2026-02-25T21:03:55.289Z,verified,,
947,948,cash,,3000.00,2026-01-23T16:19:08.511Z,verified,,
948,949,cash,,2000.00,2026-11-17T11:01:02.215Z,verified,,
949,950,e_wallet,,1900.00,2026-01-25T02:43:11.456Z,verified,,
950,951,bank_transfer,,2400.00,2026-12-16T20:05:58.969Z,verified,,
951,952,credit_card,,2950.00,2026-09-29T09:32:42.933Z,verified,,
952,953,debit_card,,6350.00,2026-05-11T04:35:49.008Z,verified,,
953,954,cash,,4050.00,2026-05-17T09:09:16.530Z,verified,,
954,955,cash,,2200.00,2026-05-12T21:16:29.938Z,verified,,
955,956,e_wallet,,1050.00,2026-07-06T16:40:07.294Z,verified,,
956,957,bank_transfer,,4200.00,2026-03-07T07:47:07.398Z,verified,,
957,958,credit_card,,2650.00,2026-10-11T17:35:30.264Z,verified,,
958,959,debit_card,,6000.00,2026-07-01T21:32:08.718Z,verified,,
959,960,cash,,1150.00,2026-05-15T07:13:29.318Z,verified,,
960,961,cash,,3650.00,2026-10-09T10:41:26.146Z,verified,,
961,962,e_wallet,,3700.00,2026-10-26T17:00:48.626Z,verified,,
962,963,bank_transfer,,2550.00,2026-05-11T01:29:00.846Z,verified,,
963,964,credit_card,,1350.00,2026-11-22T10:15:36.607Z,verified,,
964,965,debit_card,,1050.00,2026-04-09T11:32:04.352Z,verified,,
965,966,cash,,2900.00,2026-11-04T05:34:30.509Z,verified,,
966,967,cash,,1250.00,2026-07-12T06:34:12.960Z,verified,,
967,968,e_wallet,,2950.00,2026-12-09T10:08:41.956Z,verified,,
968,969,bank_transfer,,2050.00,2026-06-17T10:53:04.794Z,verified,,
969,970,credit_card,,4850.00,2026-09-26T08:33:39.387Z,verified,,
970,971,debit_card,,3800.00,2026-08-04T13:06:23.588Z,verified,,
971,972,cash,,1050.00,2026-12-14T09:30:41.578Z,verified,,
972,973,cash,,2400.00,2026-03-27T02:08:19.936Z,verified,,
973,974,e_wallet,,3350.00,2026-01-05T22:16:54.951Z,verified,,
974,975,bank_transfer,,1150.00,2026-11-26T15:30:27.654Z,verified,,
975,976,credit_card,,3750.00,2026-12-09T15:46:28.249Z,verified,,
976,977,debit_card,,3650.00,2026-06-18T00:42:34.919Z,verified,,
977,978,cash,,19300.00,2026-02-06T20:33:55.902Z,verified,,
978,979,cash,,2600.00,2026-02-08T14:49:44.150Z,verified,,
979,980,e_wallet,,1950.00,2026-12-18T20:21:22.264Z,verified,,
980,981,bank_transfer,,2550.00,2026-09-22T03:07:13.048Z,verified,,
981,982,credit_card,,3500.00,2026-07-16T18:44:39.518Z,verified,,
982,983,debit_card,,3800.00,2026-11-24T16:24:57.448Z,verified,,
983,984,cash,,2900.00,2026-10-06T01:15:23.472Z,verified,,
984,985,cash,,3100.00,2026-05-02T09:58:07.948Z,verified,,
985,986,e_wallet,,3600.00,2026-10-19T06:44:08.065Z,verified,,
986,987,bank_transfer,,1600.00,2026-10-19T21:58:49.543Z,verified,,
987,988,credit_card,,1250.00,2026-05-11T04:54:39.683Z,verified,,
988,989,debit_card,,2100.00,2026-04-12T00:06:28.428Z,verified,,
989,990,cash,,3200.00,2026-02-08T02:29:36.962Z,verified,,
990,991,cash,,6300.00,2026-12-06T07:22:39.300Z,verified,,
991,992,e_wallet,,1450.00,2026-02-16T16:56:33.688Z,verified,,
992,993,bank_transfer,,4350.00,2026-01-15T15:55:38.764Z,verified,,
993,994,credit_card,,2850.00,2026-12-16T20:26:54.124Z,verified,,
994,995,debit_card,,4050.00,2026-12-23T18:10:02.378Z,verified,,
995,996,cash,,3450.00,2026-11-12T17:22:16.335Z,verified,,
996,997,cash,,3000.00,2026-03-17T07:01:28.446Z,verified,,
997,998,e_wallet,,2300.00,2026-10-15T08:19:59.655Z,verified,,
998,999,bank_transfer,,3850.00,2026-06-12T10:45:30.968Z,verified,,
999,1000,credit_card,,1400.00,2026-04-04T02:45:15.487Z,verified,,