id,email,nickname,password,first_name,last_name,contact_number,address,registration_date,role
200,customer200@example.com,Charlie,password123_u200,Charlie,Fababier,09123450200,"26 Luna St, Makati City",2024-12-31T16:00:00.000Z,c       
201,customer201@example.com,Lei,password123_u201,Lei,Brown,09123450201,"914 Taft St, Quezon City",2025-02-01T16:00:00.000Z,c       
202,customer202@example.com,Diana,password123_u202,Diana,Taylor,09123450202,"719 Rizal St, Manila",2025-03-02T16:00:00.000Z,c       
203,customer203@example.com,Eve,password123_u203,Eve,Jones,09123450203,"566 Bonifacio St, Taguig",2025-04-03T16:00:00.000Z,c       
204,customer204@example.com,Mhaine,password123_u204,Mhaine,Smith,09123450204,"489 Mabini St, Pasig City",2025-05-04T16:00:00.000Z,c       
205,customer205@example.com,Lance,password123_u205,Lance,Lopez,09123450205,"26 Luna St, Makati City",2025-06-05T16:00:00.000Z,c       
206,customer206@example.com,Roman,password123_u206,Roman,Reyes,09123450206,"914 Taft St, Quezon City",2025-07-06T16:00:00.000Z,c       
207,customer207@example.com,Bob,password123_u207,Bob,Williams,09123450207,"719 Rizal St, Manila",2025-08-07T16:00:00.000Z,c       
208,customer208@example.com,Alice,password123_u208,Alice,Camorongan,09123450208,"566 Bonifacio St, Taguig",2025-09-08T16:00:00.000Z,c       
209,customer209@example.com,Leo,password123_u209,Leo,Jamot,09123450209,"489 Mabini St, Pasig City",2025-10-09T16:00:00.000Z,c       
210,customer210@example.com,Jonas,password123_u210,Jonas,Aceitunas,09123450210,"26 Luna St, Makati City",2025-11-10T16:00:00.000Z,c       
211,customer211@example.com,Frank,password123_u211,Frank,Dayawon,09123450211,"914 Taft St, Quezon City",2025-12-11T16:00:00.000Z,c       
212,customer212@example.com,Jarell,password123_u212,Jarell,Sebido,09123450212,"719 Rizal St, Manila",2025-01-12T16:00:00.000Z,c       
213,customer213@example.com,Joshua,password123_u213,Joshua,Fababier,09123450213,"566 Bonifacio St, Taguig",2025-02-13T16:00:00.000Z,c       
214,customer214@example.com,Charlie,password123_u214,Charlie,Brown,09123450214,"489 Mabini St, Pasig City",2025-03-14T16:00:00.000Z,c       
215,customer215@example.com,Lei,password123_u215,Lei,Taylor,09123450215,"26 Luna St, Makati City",2025-04-15T16:00:00.000Z,c       
216,customer216@example.com,Diana,password123_u216,Diana,Jones,09123450216,"914 Taft St, Quezon City",2025-05-16T16:00:00.000Z,c       
217,customer217@example.com,Eve,password123_u217,Eve,Smith,09123450217,"719 Rizal St, Manila",2025-06-17T16:00:00.000Z,c       
218,customer218@example.com,Mhaine,password123_u218,Mhaine,Lopez,09123450218,"566 Bonifacio St, Taguig",2025-07-18T16:00:00.000Z,c       
219,customer219@example.com,Lance,password123_u219,Lance,Reyes,09123450219,"489 Mabini St, Pasig City",2025-08-19T16:00:00.000Z,c       
220,customer220@example.com,Roman,password123_u220,Roman,Williams,09123450220,"26 Luna St, Makati City",2025-09-20T16:00:00.000Z,c       
221,customer221@example.com,Bob,password123_u221,Bob,Camorongan,09123450221,"914 Taft St, Quezon City",2025-10-21T16:00:00.000Z,c       
222,customer222@example.com,Alice,password123_u222,Alice,Jamot,09123450222,"719 Rizal St, Manila",2025-11-22T16:00:00.000Z,c       
223,customer223@example.com,Leo,password123_u223,Leo,Aceitunas,09123450223,"566 Bonifacio St, Taguig",2025-12-23T16:00:00.000Z,c       
224,customer224@example.com,Jonas,password123_u224,Jonas,Dayawon,09123450224,"489 Mabini St, Pasig City",2025-01-24T16:00:00.000Z,c       
225,customer225@example.com,Frank,password123_u225,Frank,Sebido,09123450225,"26 Luna St, Makati City",2025-02-25T16:00:00.000Z,c       
226,customer226@example.com,Jarell,password123_u226,Jarell,Fababier,09123450226,"914 Taft St, Quezon City",2025-03-26T16:00:00.000Z,c       
227,customer227@example.com,Joshua,password123_u227,Joshua,Brown,09123450227,"719 Rizal St, Manila",2025-04-27T16:00:00.000Z,c       
228,customer228@example.com,Charlie,password123_u228,Charlie,Taylor,09123450228,"566 Bonifacio St, Taguig",2025-04-30T16:00:00.000Z,c       
229,customer229@example.com,Lei,password123_u229,Lei,Jones,09123450229,"489 Mabini St, Pasig City",2025-06-01T16:00:00.000Z,c       
230,customer230@example.com,Diana,password123_u230,Diana,Smith,09123450230,"26 Luna St, Makati City",2025-07-02T16:00:00.000Z,c       
231,customer231@example.com,Eve,password123_u231,Eve,Lopez,09123450231,"914 Taft St, Quezon City",2025-08-03T16:00:00.000Z,c       
232,customer232@example.com,Mhaine,password123_u232,Mhaine,Reyes,09123450232,"719 Rizal St, Manila",2025-09-04T16:00:00.000Z,c       
233,customer233@example.com,Lance,password123_u233,Lance,Williams,09123450233,"566 Bonifacio St, Taguig",2025-10-05T16:00:00.000Z,c       
234,customer234@example.com,Roman,password123_u234,Roman,Camorongan,09123450234,"489 Mabini St, Pasig City",2025-11-06T16:00:00.000Z,c       
235,customer235@example.com,Bob,password123_u235,Bob,Jamot,09123450235,"26 Luna St, Makati City",2025-12-07T16:00:00.000Z,c       
236,customer236@example.com,Alice,password123_u236,Alice,Aceitunas,09123450236,"914 Taft St, Quezon City",2025-01-08T16:00:00.000Z,c       
237,customer237@example.com,Leo,password123_u237,Leo,Dayawon,09123450237,"719 Rizal St, Manila",2025-02-09T16:00:00.000Z,c       
238,customer238@example.com,Jonas,password123_u238,Jonas,Sebido,09123450238,"566 Bonifacio St, Taguig",2025-03-10T16:00:00.000Z,c       
239,customer239@example.com,Frank,password123_u239,Frank,Fababier,09123450239,"489 Mabini St, Pasig City",2025-04-11T16:00:00.000Z,c       
240,customer240@example.com,Jarell,password123_u240,Jarell,Brown,09123450240,"26 Luna St, Makati City",2025-05-12T16:00:00.000Z,c       
241,customer241@example.com,Joshua,password123_u241,Joshua,Taylor,09123450241,"914 Taft St, Quezon City",2025-06-13T16:00:00.000Z,c       
242,customer242@example.com,Charlie,password123_u242,Charlie,Jones,09123450242,"719 Rizal St, Manila",2025-07-14T16:00:00.000Z,c       
243,customer243@example.com,Lei,password123_u243,Lei,Smith,09123450243,"566 Bonifacio St, Taguig",2025-08-15T16:00:00.000Z,c       
244,customer244@example.com,Diana,password123_u244,Diana,Lopez,09123450244,"489 Mabini St, Pasig City",2025-09-16T16:00:00.000Z,c       
245,customer245@example.com,Eve,password123_u245,Eve,Reyes,09123450245,"26 Luna St, Makati City",2025-10-17T16:00:00.000Z,c       
246,customer246@example.com,Mhaine,password123_u246,Mhaine,Williams,09123450246,"914 Taft St, Quezon City",2025-11-18T16:00:00.000Z,c       
247,customer247@example.com,Lance,password123_u247,Lance,Camorongan,09123450247,"719 Rizal St, Manila",2025-12-19T16:00:00.000Z,c       
248,customer248@example.com,Roman,password123_u248,Roman,Jamot,09123450248,"566 Bonifacio St, Taguig",2025-01-20T16:00:00.000Z,c       
249,customer249@example.com,Bob,password123_u249,Bob,Aceitunas,09123450249,"489 Mabini St, Pasig City",2025-02-21T16:00:00.000Z,c       
250,customer250@example.com,Alice,password123_u250,Alice,Dayawon,09123450250,"26 Luna St, Makati City",2025-03-22T16:00:00.000Z,c       
251,customer251@example.com,Leo,password123_u251,Leo,Sebido,09123450251,"914 Taft St, Quezon City",2025-04-23T16:00:00.000Z,c       
252,customer252@example.com,Jonas,password123_u252,Jonas,Fababier,09123450252,"719 Rizal St, Manila",2025-05-24T16:00:00.000Z,c       
253,customer253@example.com,Frank,password123_u253,Frank,Brown,09123450253,"566 Bonifacio St, Taguig",2025-06-25T16:00:00.000Z,c       
254,customer254@example.com,Jarell,password123_u254,Jarell,Taylor,09123450254,"489 Mabini St, Pasig City",2025-07-26T16:00:00.000Z,c       
255,customer255@example.com,Joshua,password123_u255,Joshua,Jones,09123450255,"26 Luna St, Makati City",2025-08-27T16:00:00.000Z,c       
256,customer256@example.com,Charlie,password123_u256,Charlie,Smith,09123450256,"914 Taft St, Quezon City",2025-08-31T16:00:00.000Z,c       
257,customer257@example.com,Lei,password123_u257,Lei,Lopez,09123450257,"719 Rizal St, Manila",2025-10-01T16:00:00.000Z,c       
258,customer258@example.com,Diana,password123_u258,Diana,Reyes,09123450258,"566 Bonifacio St, Taguig",2025-11-02T16:00:00.000Z,c       
259,customer259@example.com,Eve,password123_u259,Eve,Williams,09123450259,"489 Mabini St, Pasig City",2025-12-03T16:00:00.000Z,c       
260,customer260@example.com,Mhaine,password123_u260,Mhaine,Camorongan,09123450260,"26 Luna St, Makati City",2025-01-04T16:00:00.000Z,c       
261,customer261@example.com,Lance,password123_u261,Lance,Jamot,09123450261,"914 Taft St, Quezon City",2025-02-05T16:00:00.000Z,c       
262,customer262@example.com,Roman,password123_u262,Roman,Aceitunas,09123450262,"719 Rizal St, Manila",2025-03-06T16:00:00.000Z,c       
263,customer263@example.com,Bob,password123_u263,Bob,Dayawon,09123450263,"566 Bonifacio St, Taguig",2025-04-07T16:00:00.000Z,c       
264,customer264@example.com,Alice,password123_u264,Alice,Sebido,09123450264,"489 Mabini St, Pasig City",2025-05-08T16:00:00.000Z,c       
265,customer265@example.com,Leo,password123_u265,Leo,Fababier,09123450265,"26 Luna St, Makati City",2025-06-09T16:00:00.000Z,c       
266,customer266@example.com,Jonas,password123_u266,Jonas,Brown,09123450266,"914 Taft St, Quezon City",2025-07-10T16:00:00.000Z,c       
267,customer267@example.com,Frank,password123_u267,Frank,Taylor,09123450267,"719 Rizal St, Manila",2025-08-11T16:00:00.000Z,c       
268,customer268@example.com,Jarell,password123_u268,Jarell,Jones,09123450268,"566 Bonifacio St, Taguig",2025-09-12T16:00:00.000Z,c       
269,customer269@example.com,Joshua,password123_u269,Joshua,Smith,09123450269,"489 Mabini St, Pasig City",2025-10-13T16:00:00.000Z,c       
270,customer270@example.com,Charlie,password123_u270,Charlie,Lopez,09123450270,"26 Luna St, Makati City",2025-11-14T16:00:00.000Z,c       
271,customer271@example.com,Lei,password123_u271,Lei,Reyes,09123450271,"914 Taft St, Quezon City",2025-12-15T16:00:00.000Z,c       
272,customer272@example.com,Diana,password123_u272,Diana,Williams,09123450272,"719 Rizal St, Manila",2025-01-16T16:00:00.000Z,c       
273,customer273@example.com,Eve,password123_u273,Eve,Camorongan,09123450273,"566 Bonifacio St, Taguig",2025-02-17T16:00:00.000Z,c       
274,customer274@example.com,Mhaine,password123_u274,Mhaine,Jamot,09123450274,"489 Mabini St, Pasig City",2025-03-18T16:00:00.000Z,c       
275,customer275@example.com,Lance,password123_u275,Lance,Aceitunas,09123450275,"26 Luna St, Makati City",2025-04-19T16:00:00.000Z,c       
276,customer276@example.com,Roman,password123_u276,Roman,Dayawon,09123450276,"914 Taft St, Quezon City",2025-05-20T16:00:00.000Z,c       
277,customer277@example.com,Bob,password123_u277,Bob,Sebido,09123450277,"719 Rizal St, Manila",2025-06-21T16:00:00.000Z,c       
278,customer278@example.com,Alice,password123_u278,Alice,Fababier,09123450278,"566 Bonifacio St, Taguig",2025-07-22T16:00:00.000Z,c       
279,customer279@example.com,Leo,password123_u279,Leo,Brown,09123450279,"489 Mabini St, Pasig City",2025-08-23T16:00:00.000Z,c       
280,customer280@example.com,Jonas,password123_u280,Jonas,Taylor,09123450280,"26 Luna St, Makati City",2025-09-24T16:00:00.000Z,c       
281,customer281@example.com,Frank,password123_u281,Frank,Jones,09123450281,"914 Taft St, Quezon City",2025-10-25T16:00:00.000Z,c       
282,customer282@example.com,Jarell,password123_u282,Jarell,Smith,09123450282,"719 Rizal St, Manila",2025-11-26T16:00:00.000Z,c       
283,customer283@example.com,Joshua,password123_u283,Joshua,Lopez,09123450283,"566 Bonifacio St, Taguig",2025-12-27T16:00:00.000Z,c       
284,customer284@example.com,Charlie,password123_u284,Charlie,Reyes,09123450284,"489 Mabini St, Pasig City",2024-12-31T16:00:00.000Z,c       
285,customer285@example.com,Lei,password123_u285,Lei,Williams,09123450285,"26 Luna St, Makati City",2025-02-01T16:00:00.000Z,c       
286,customer286@example.com,Diana,password123_u286,Diana,Camorongan,09123450286,"914 Taft St, Quezon City",2025-03-02T16:00:00.000Z,c       
287,customer287@example.com,Eve,password123_u287,Eve,Jamot,09123450287,"719 Rizal St, Manila",2025-04-03T16:00:00.000Z,c       
288,customer288@example.com,Mhaine,password123_u288,Mhaine,Aceitunas,09123450288,"566 Bonifacio St, Taguig",2025-05-04T16:00:00.000Z,c       
289,customer289@example.com,Lance,password123_u289,Lance,Dayawon,09123450289,"489 Mabini St, Pasig City",2025-06-05T16:00:00.000Z,c       
290,customer290@example.com,Roman,password123_u290,Roman,Sebido,09123450290,"26 Luna St, Makati City",2025-07-06T16:00:00.000Z,c       
291,customer291@example.com,Bob,password123_u291,Bob,Fababier,09123450291,"914 Taft St, Quezon City",2025-08-07T16:00:00.000Z,c       
292,customer292@example.com,Alice,password123_u292,Alice,Brown,09123450292,"719 Rizal St, Manila",2025-09-08T16:00:00.000Z,c       
293,customer293@example.com,Leo,password123_u293,Leo,Taylor,09123450293,"566 Bonifacio St, Taguig",2025-10-09T16:00:00.000Z,c       
294,customer294@example.com,Jonas,password123_u294,Jonas,Jones,09123450294,"489 Mabini St, Pasig City",2025-11-10T16:00:00.000Z,c       
295,customer295@example.com,Frank,password123_u295,Frank,Smith,09123450295,"26 Luna St, Makati City",2025-12-11T16:00:00.000Z,c       
296,customer296@example.com,Jarell,password123_u296,Jarell,Lopez,09123450296,"914 Taft St, Quezon City",2025-01-12T16:00:00.000Z,c       
297,customer297@example.com,Joshua,password123_u297,Joshua,Reyes,09123450297,"719 Rizal St, Manila",2025-02-13T16:00:00.000Z,c       
298,customer298@example.com,Charlie,password123_u298,Charlie,Williams,09123450298,"566 Bonifacio St, Taguig",2025-03-14T16:00:00.000Z,c       
299,customer299@example.com,Lei,password123_u299,Lei,Camorongan,09123450299,"489 Mabini St, Pasig City",2025-04-15T16:00:00.000Z,c       
300,customer300@example.com,Diana,password123_u300,Diana,Jamot,09123450300,"26 Luna St, Makati City",2025-05-16T16:00:00.000Z,c       
301,customer301@example.com,Eve,password123_u301,Eve,Aceitunas,09123450301,"914 Taft St, Quezon City",2025-06-17T16:00:00.000Z,c       
302,customer302@example.com,Mhaine,password123_u302,Mhaine,Dayawon,09123450302,"719 Rizal St, Manila",2025-07-18T16:00:00.000Z,c       
303,customer303@example.com,Lance,password123_u303,Lance,Sebido,09123450303,"566 Bonifacio St, Taguig",2025-08-19T16:00:00.000Z,c       
304,customer304@example.com,Roman,password123_u304,Roman,Fababier,09123450304,"489 Mabini St, Pasig City",2025-09-20T16:00:00.000Z,c       
305,customer305@example.com,Bob,password123_u305,Bob,Brown,09123450305,"26 Luna St, Makati City",2025-10-21T16:00:00.000Z,c       
306,customer306@example.com,Alice,password123_u306,Alice,Taylor,09123450306,"914 Taft St, Quezon City",2025-11-22T16:00:00.000Z,c       
307,customer307@example.com,Leo,password123_u307,Leo,Jones,09123450307,"719 Rizal St, Manila",2025-12-23T16:00:00.000Z,c       
308,customer308@example.com,Jonas,password123_u308,Jonas,Smith,09123450308,"566 Bonifacio St, Taguig",2025-01-24T16:00:00.000Z,c       
309,customer309@example.com,Frank,password123_u309,Frank,Lopez,09123450309,"489 Mabini St, Pasig City",2025-02-25T16:00:00.000Z,c       
310,customer310@example.com,Jarell,password123_u310,Jarell,Reyes,09123450310,"26 Luna St, Makati City",2025-03-26T16:00:00.000Z,c       
311,customer311@example.com,Joshua,password123_u311,Joshua,Williams,09123450311,"914 Taft St, Quezon City",2025-04-27T16:00:00.000Z,c       
312,customer312@example.com,Charlie,password123_u312,Charlie,Camorongan,09123450312,"719 Rizal St, Manila",2025-04-30T16:00:00.000Z,c       
313,customer313@example.com,Lei,password123_u313,Lei,Jamot,09123450313,"566 Bonifacio St, Taguig",2025-06-01T16:00:00.000Z,c       
314,customer314@example.com,Diana,password123_u314,Diana,Aceitunas,09123450314,"489 Mabini St, Pasig City",2025-07-02T16:00:00.000Z,c       
315,customer315@example.com,Eve,password123_u315,Eve,Dayawon,09123450315,"26 Luna St, Makati City",2025-08-03T16:00:00.000Z,c       
316,customer316@example.com,Mhaine,password123_u316,Mhaine,Sebido,09123450316,"914 Taft St, Quezon City",2025-09-04T16:00:00.000Z,c       
317,customer317@example.com,Lance,password123_u317,Lance,Fababier,09123450317,"719 Rizal St, Manila",2025-10-05T16:00:00.000Z,c       
318,customer318@example.com,Roman,password123_u318,Roman,Brown,09123450318,"566 Bonifacio St, Taguig",2025-11-06T16:00:00.000Z,c       
319,customer319@example.com,Bob,password123_u319,Bob,Taylor,09123450319,"489 Mabini St, Pasig City",2025-12-07T16:00:00.000Z,c       
320,customer320@example.com,Alice,password123_u320,Alice,Jones,09123450320,"26 Luna St, Makati City",2025-01-08T16:00:00.000Z,c       
321,customer321@example.com,Leo,password123_u321,Leo,Smith,09123450321,"914 Taft St, Quezon City",2025-02-09T16:00:00.000Z,c       
322,customer322@example.com,Jonas,password123_u322,Jonas,Lopez,09123450322,"719 Rizal St, Manila",2025-03-10T16:00:00.000Z,c       
323,customer323@example.com,Frank,password123_u323,Frank,Reyes,09123450323,"566 Bonifacio St, Taguig",2025-04-11T16:00:00.000Z,c       
324,customer324@example.com,Jarell,password123_u324,Jarell,Williams,09123450324,"489 Mabini St, Pasig City",2025-05-12T16:00:00.000Z,c       
325,customer325@example.com,Joshua,password123_u325,Joshua,Camorongan,09123450325,"26 Luna St, Makati City",2025-06-13T16:00:00.000Z,c       
326,customer326@example.com,Charlie,password123_u326,Charlie,Jamot,09123450326,"914 Taft St, Quezon City",2025-07-14T16:00:00.000Z,c       
327,customer327@example.com,Lei,password123_u327,Lei,Aceitunas,09123450327,"719 Rizal St, Manila",2025-08-15T16:00:00.000Z,c       
328,customer328@example.com,Diana,password123_u328,Diana,Dayawon,09123450328,"566 Bonifacio St, Taguig",2025-09-16T16:00:00.000Z,c       
329,customer329@example.com,Eve,password123_u329,Eve,Sebido,09123450329,"489 Mabini St, Pasig City",2025-10-17T16:00:00.000Z,c       
330,customer330@example.com,Mhaine,password123_u330,Mhaine,Fababier,09123450330,"26 Luna St, Makati City",2025-11-18T16:00:00.000Z,c       
331,customer331@example.com,Lance,password123_u331,Lance,Brown,09123450331,"914 Taft St, Quezon City",2025-12-19T16:00:00.000Z,c       
332,customer332@example.com,Roman,password123_u332,Roman,Taylor,09123450332,"719 Rizal St, Manila",2025-01-20T16:00:00.000Z,c       
333,customer333@example.com,Bob,password123_u333,Bob,Jones,09123450333,"566 Bonifacio St, Taguig",2025-02-21T16:00:00.000Z,c       
334,customer334@example.com,Alice,password123_u334,Alice,Smith,09123450334,"489 Mabini St, Pasig City",2025-03-22T16:00:00.000Z,c       
335,customer335@example.com,Leo,password123_u335,Leo,Lopez,09123450335,"26 Luna St, Makati City",2025-04-23T16:00:00.000Z,c       
336,customer336@example.com,Jonas,password123_u336,Jonas,Reyes,09123450336,"914 Taft St, Quezon City",2025-05-24T16:00:00.000Z,c       
337,customer337@example.com,Frank,password123_u337,Frank,Williams,09123450337,"719 Rizal St, Manila",2025-06-25T16:00:00.000Z,c       
338,customer338@example.com,Jarell,password123_u338,Jarell,Camorongan,09123450338,"566 Bonifacio St, Taguig",2025-07-26T16:00:00.000Z,c       
339,customer339@example.com,Joshua,password123_u339,Joshua,Jamot,09123450339,"489 Mabini St, Pasig City",2025-08-27T16:00:00.000Z,c       
340,customer340@example.com,Charlie,password123_u340,Charlie,Aceitunas,09123450340,"26 Luna St, Makati City",2025-08-31T16:00:00.000Z,c       
341,customer341@example.com,Lei,password123_u341,Lei,Dayawon,09123450341,"914 Taft St, Quezon City",2025-10-01T16:00:00.000Z,c       
342,customer342@example.com,Diana,password123_u342,Diana,Sebido,09123450342,"719 Rizal St, Manila",2025-11-02T16:00:00.000Z,c       
343,customer343@example.com,Eve,password123_u343,Eve,Fababier,09123450343,"566 Bonifacio St, Taguig",2025-12-03T16:00:00.000Z,c       
344,customer344@example.com,Mhaine,password123_u344,Mhaine,Brown,09123450344,"489 Mabini St, Pasig City",2025-01-04T16:00:00.000Z,c       
345,customer345@example.com,Lance,password123_u345,Lance,Taylor,09123450345,"26 Luna St, Makati City",2025-02-05T16:00:00.000Z,c       
346,customer346@example.com,Roman,password123_u346,Roman,Jones,09123450346,"914 Taft St, Quezon City",2025-03-06T16:00:00.000Z,c       
347,customer347@example.com,Bob,password123_u347,Bob,Smith,09123450347,"719 Rizal St, Manila",2025-04-07T16:00:00.000Z,c       
348,customer348@example.com,Alice,password123_u348,Alice,Lopez,09123450348,"566 Bonifacio St, Taguig",2025-05-08T16:00:00.000Z,c       
349,customer349@example.com,Leo,password123_u349,Leo,Reyes,09123450349,"489 Mabini St, Pasig City",2025-06-09T16:00:00.000Z,c       
350,customer350@example.com,Jonas,password123_u350,Jonas,Williams,09123450350,"26 Luna St, Makati City",2025-07-10T16:00:00.000Z,c       
351,customer351@example.com,Frank,password123_u351,Frank,Camorongan,09123450351,"914 Taft St, Quezon City",2025-08-11T16:00:00.000Z,c       
352,customer352@example.com,Jarell,password123_u352,Jarell,Jamot,09123450352,"719 Rizal St, Manila",2025-09-12T16:00:00.000Z,c       
353,customer353@example.com,Joshua,password123_u353,Joshua,Aceitunas,09123450353,"566 Bonifacio St, Taguig",2025-10-13T16:00:00.000Z,c       
354,customer354@example.com,Charlie,password123_u354,Charlie,Dayawon,09123450354,"489 Mabini St, Pasig City",2025-11-14T16:00:00.000Z,c       
355,customer355@example.com,Lei,password123_u355,Lei,Sebido,09123450355,"26 Luna St, Makati City",2025-12-15T16:00:00.000Z,c       
356,customer356@example.com,Diana,password123_u356,Diana,Fababier,09123450356,"914 Taft St, Quezon City",2025-01-16T16:00:00.000Z,c       
357,customer357@example.com,Eve,password123_u357,Eve,Brown,09123450357,"719 Rizal St, Manila",2025-02-17T16:00:00.000Z,c       
358,customer358@example.com,Mhaine,password123_u358,Mhaine,Taylor,09123450358,"566 Bonifacio St, Taguig",2025-03-18T16:00:00.000Z,c       
359,customer359@example.com,Lance,password123_u359,Lance,Jones,09123450359,"489 Mabini St, Pasig City",2025-04-19T16:00:00.000Z,c       
360,customer360@example.com,Roman,password123_u360,Roman,Smith,09123450360,"26 Luna St, Makati City",2025-05-20T16:00:00.000Z,c       
361,customer361@example.com,Bob,password123_u361,Bob,Lopez,09123450361,"914 Taft St, Quezon City",2025-06-21T16:00:00.000Z,c       
362,customer362@example.com,Alice,password123_u362,Alice,Reyes,09123450362,"719 Rizal St, Manila",2025-07-22T16:00:00.000Z,c       
363,customer363@example.com,Leo,password123_u363,Leo,Williams,09123450363,"566 Bonifacio St, Taguig",2025-08-23T16:00:00.000Z,c       
364,customer364@example.com,Jonas,password123_u364,Jonas,Camorongan,09123450364,"489 Mabini St, Pasig City",2025-09-24T16:00:00.000Z,c       
365,customer365@example.com,Frank,password123_u365,Frank,Jamot,09123450365,"26 Luna St, Makati City",2025-10-25T16:00:00.000Z,c       
366,customer366@example.com,Jarell,password123_u366,Jarell,Aceitunas,09123450366,"914 Taft St, Quezon City",2025-11-26T16:00:00.000Z,c       
367,customer367@example.com,Joshua,password123_u367,Joshua,Dayawon,09123450367,"719 Rizal St, Manila",2025-12-27T16:00:00.000Z,c       
368,customer368@example.com,Charlie,password123_u368,Charlie,Sebido,09123450368,"566 Bonifacio St, Taguig",2024-12-31T16:00:00.000Z,c       
369,customer369@example.com,Lei,password123_u369,Lei,Fababier,09123450369,"489 Mabini St, Pasig City",2025-02-01T16:00:00.000Z,c       
370,customer370@example.com,Diana,password123_u370,Diana,Brown,09123450370,"26 Luna St, Makati City",2025-03-02T16:00:00.000Z,c       
371,customer371@example.com,Eve,password123_u371,Eve,Taylor,09123450371,"914 Taft St, Quezon City",2025-04-03T16:00:00.000Z,c       
372,customer372@example.com,Mhaine,password123_u372,Mhaine,Jones,09123450372,"719 Rizal St, Manila",2025-05-04T16:00:00.000Z,c       
373,customer373@example.com,Lance,password123_u373,Lance,Smith,09123450373,"566 Bonifacio St, Taguig",2025-06-05T16:00:00.000Z,c       
374,customer374@example.com,Roman,password123_u374,Roman,Lopez,09123450374,"489 Mabini St, Pasig City",2025-07-06T16:00:00.000Z,c       
375,customer375@example.com,Bob,password123_u375,Bob,Reyes,09123450375,"26 Luna St, Makati City",2025-08-07T16:00:00.000Z,c       
376,customer376@example.com,Alice,password123_u376,Alice,Williams,09123450376,"914 Taft St, Quezon City",2025-09-08T16:00:00.000Z,c       
377,customer377@example.com,Leo,password123_u377,Leo,Camorongan,09123450377,"719 Rizal St, Manila",2025-10-09T16:00:00.000Z,c       
378,customer378@example.com,Jonas,password123_u378,Jonas,Jamot,09123450378,"566 Bonifacio St, Taguig",2025-11-10T16:00:00.000Z,c       
379,customer379@example.com,Frank,password123_u379,Frank,Aceitunas,09123450379,"489 Mabini St, Pasig City",2025-12-11T16:00:00.000Z,c       
380,customer380@example.com,Jarell,password123_u380,Jarell,Dayawon,09123450380,"26 Luna St, Makati City",2025-01-12T16:00:00.000Z,c       
381,customer381@example.com,Joshua,password123_u381,Joshua,Sebido,09123450381,"914 Taft St, Quezon City",2025-02-13T16:00:00.000Z,c       
382,customer382@example.com,Charlie,password123_u382,Charlie,Fababier,09123450382,"719 Rizal St, Manila",2025-03-14T16:00:00.000Z,c       
383,customer383@example.com,Lei,password123_u383,Lei,Brown,09123450383,"566 Bonifacio St, Taguig",2025-04-15T16:00:00.000Z,c       
384,customer384@example.com,Diana,password123_u384,Diana,Taylor,09123450384,"489 Mabini St, Pasig City",2025-05-16T16:00:00.000Z,c       
385,customer385@example.com,Eve,password123_u385,Eve,Jones,09123450385,"26 Luna St, Makati City",2025-06-17T16:00:00.000Z,c       
386,customer386@example.com,Mhaine,password123_u386,Mhaine,Smith,09123450386,"914 Taft St, Quezon City",2025-07-18T16:00:00.000Z,c       
387,customer387@example.com,Lance,password123_u387,Lance,Lopez,09123450387,"719 Rizal St, Manila",2025-08-19T16:00:00.000Z,c       
388,customer388@example.com,Roman,password123_u388,Roman,Reyes,09123450388,"566 Bonifacio St, Taguig",2025-09-20T16:00:00.000Z,c       
389,customer389@example.com,Bob,password123_u389,Bob,Williams,09123450389,"489 Mabini St, Pasig City",2025-10-21T16:00:00.000Z,c       
390,customer390@example.com,Alice,password123_u390,Alice,Camorongan,09123450390,"26 Luna St, Makati City",2025-11-22T16:00:00.000Z,c       
391,customer391@example.com,Leo,password123_u391,Leo,Jamot,09123450391,"914 Taft St, Quezon City",2025-12-23T16:00:00.000Z,c       
392,customer392@example.com,Jonas,password123_u392,Jonas,Aceitunas,09123450392,"719 Rizal St, Manila",2025-01-24T16:00:00.000Z,c       
393,customer393@example.com,Frank,password123_u393,Frank,Dayawon,09123450393,"566 Bonifacio St, Taguig",2025-02-25T16:00:00.000Z,c       
394,customer394@example.com,Jarell,password123_u394,Jarell,Sebido,09123450394,"489 Mabini St, Pasig City",2025-03-26T16:00:00.000Z,c       
395,customer395@example.com,Joshua,password123_u395,Joshua,Fababier,09123450395,"26 Luna St, Makati City",2025-04-27T16:00:00.000Z,c       
396,customer396@example.com,Charlie,password123_u396,Charlie,Brown,09123450396,"914 Taft St, Quezon City",2025-04-30T16:00:00.000Z,c       
397,customer397@example.com,Lei,password123_u397,Lei,Taylor,09123450397,"719 Rizal St, Manila",2025-06-01T16:00:00.000Z,c       
398,customer398@example.com,Diana,password123_u398,Diana,Jones,09123450398,"566 Bonifacio St, Taguig",2025-07-02T16:00:00.000Z,c       
399,customer399@example.com,Eve,password123_u399,Eve,Smith,09123450399,"489 Mabini St, Pasig City",2025-08-03T16:00:00.000Z,c       
400,customer400@example.com,Mhaine,password123_u400,Mhaine,Lopez,09123450400,"26 Luna St, Makati City",2025-09-04T16:00:00.000Z,c       
401,customer401@example.com,Lance,password123_u401,Lance,Reyes,09123450401,"914 Taft St, Quezon City",2025-10-05T16:00:00.000Z,c       
402,customer402@example.com,Roman,password123_u402,Roman,Williams,09123450402,"719 Rizal St, Manila",2025-11-06T16:00:00.000Z,c       
403,customer403@example.com,Bob,password123_u403,Bob,Camorongan,09123450403,"566 Bonifacio St, Taguig",2025-12-07T16:00:00.000Z,c       
404,customer404@example.com,Alice,password123_u404,Alice,Jamot,09123450404,"489 Mabini St, Pasig City",2025-01-08T16:00:00.000Z,c       
405,customer405@example.com,Leo,password123_u405,Leo,Aceitunas,09123450405,"26 Luna St, Makati City",2025-02-09T16:00:00.000Z,c       
406,customer406@example.com,Jonas,password123_u406,Jonas,Dayawon,09123450406,"914 Taft St, Quezon City",2025-03-10T16:00:00.000Z,c       
407,customer407@example.com,Frank,password123_u407,Frank,Sebido,09123450407,"719 Rizal St, Manila",2025-04-11T16:00:00.000Z,c       
408,customer408@example.com,Jarell,password123_u408,Jarell,Fababier,09123450408,"566 Bonifacio St, Taguig",2025-05-12T16:00:00.000Z,c       
409,customer409@example.com,Joshua,password123_u409,Joshua,Brown,09123450409,"489 Mabini St, Pasig City",2025-06-13T16:00:00.000Z,c       
410,customer410@example.com,Charlie,password123_u410,Charlie,Taylor,09123450410,"26 Luna St, Makati City",2025-07-14T16:00:00.000Z,c       
411,customer411@example.com,Lei,password123_u411,Lei,Jones,09123450411,"914 Taft St, Quezon City",2025-08-15T16:00:00.000Z,c       
412,customer412@example.com,Diana,password123_u412,Diana,Smith,09123450412,"719 Rizal St, Manila",2025-09-16T16:00:00.000Z,c       
413,customer413@example.com,Eve,password123_u413,Eve,Lopez,09123450413,"566 Bonifacio St, Taguig",2025-10-17T16:00:00.000Z,c       
414,customer414@example.com,Mhaine,password123_u414,Mhaine,Reyes,09123450414,"489 Mabini St, Pasig City",2025-11-18T16:00:00.000Z,c       
415,customer415@example.com,Lance,password123_u415,Lance,Williams,09123450415,"26 Luna St, Makati City",2025-12-19T16:00:00.000Z,c       
416,customer416@example.com,Roman,password123_u416,Roman,Camorongan,09123450416,"914 Taft St, Quezon City",2025-01-20T16:00:00.000Z,c       
417,customer417@example.com,Bob,password123_u417,Bob,Jamot,09123450417,"719 Rizal St, Manila",2025-02-21T16:00:00.000Z,c       
418,customer418@example.com,Alice,password123_u418,Alice,Aceitunas,09123450418,"566 Bonifacio St, Taguig",2025-03-22T16:00:00.000Z,c       
419,customer419@example.com,Leo,password123_u419,Leo,Dayawon,09123450419,"489 Mabini St, Pasig City",2025-04-23T16:00:00.000Z,c       
420,customer420@example.com,Jonas,password123_u420,Jonas,Sebido,09123450420,"26 Luna St, Makati City",2025-05-24T16:00:00.000Z,c       
421,customer421@example.com,Frank,password123_u421,Frank,Fababier,09123450421,"914 Taft St, Quezon City",2025-06-25T16:00:00.000Z,c       
422,customer422@example.com,Jarell,password123_u422,Jarell,Brown,09123450422,"719 Rizal St, Manila",2025-07-26T16:00:00.000Z,c       
423,customer423@example.com,Joshua,password123_u423,Joshua,Taylor,09123450423,"566 Bonifacio St, Taguig",2025-08-27T16:00:00.000Z,c       
424,customer424@example.com,Charlie,password123_u424,Charlie,Jones,09123450424,"489 Mabini St, Pasig City",2025-08-31T16:00:00.000Z,c       
425,customer425@example.com,Lei,password123_u425,Lei,Smith,09123450425,"26 Luna St, Makati City",2025-10-01T16:00:00.000Z,c       
426,customer426@example.com,Diana,password123_u426,Diana,Lopez,09123450426,"914 Taft St, Quezon City",2025-11-02T16:00:00.000Z,c       
427,customer427@example.com,Eve,password123_u427,Eve,Reyes,09123450427,"719 Rizal St, Manila",2025-12-03T16:00:00.000Z,c       
428,customer428@example.com,Mhaine,password123_u428,Mhaine,Williams,09123450428,"566 Bonifacio St, Taguig",2025-01-04T16:00:00.000Z,c       
429,customer429@example.com,Lance,password123_u429,Lance,Camorongan,09123450429,"489 Mabini St, Pasig City",2025-02-05T16:00:00.000Z,c       
430,customer430@example.com,Roman,password123_u430,Roman,Jamot,09123450430,"26 Luna St, Makati City",2025-03-06T16:00:00.000Z,c       
431,customer431@example.com,Bob,password123_u431,Bob,Aceitunas,09123450431,"914 Taft St, Quezon City",2025-04-07T16:00:00.000Z,c       
432,customer432@example.com,Alice,password123_u432,Alice,Dayawon,09123450432,"719 Rizal St, Manila",2025-05-08T16:00:00.000Z,c       
433,customer433@example.com,Leo,password123_u433,Leo,Sebido,09123450433,"566 Bonifacio St, Taguig",2025-06-09T16:00:00.000Z,c       
434,customer434@example.com,Jonas,password123_u434,Jonas,Fababier,09123450434,"489 Mabini St, Pasig City",2025-07-10T16:00:00.000Z,c       
435,customer435@example.com,Frank,password123_u435,Frank,Brown,09123450435,"26 Luna St, Makati City",2025-08-11T16:00:00.000Z,c       
436,customer436@example.com,Jarell,password123_u436,Jarell,Taylor,09123450436,"914 Taft St, Quezon City",2025-09-12T16:00:00.000Z,c       
437,customer437@example.com,Joshua,password123_u437,Joshua,Jones,09123450437,"719 Rizal St, Manila",2025-10-13T16:00:00.000Z,c       
438,customer438@example.com,Charlie,password123_u438,Charlie,Smith,09123450438,"566 Bonifacio St, Taguig",2025-11-14T16:00:00.000Z,c       
439,customer439@example.com,Lei,password123_u439,Lei,Lopez,09123450439,"489 Mabini St, Pasig City",2025-12-15T16:00:00.000Z,c       
440,customer440@example.com,Diana,password123_u440,Diana,Reyes,09123450440,"26 Luna St, Makati City",2025-01-16T16:00:00.000Z,c       
441,customer441@example.com,Eve,password123_u441,Eve,Williams,09123450441,"914 Taft St, Quezon City",2025-02-17T16:00:00.000Z,c       
442,customer442@example.com,Mhaine,password123_u442,Mhaine,Camorongan,09123450442,"719 Rizal St, Manila",2025-03-18T16:00:00.000Z,c       
443,customer443@example.com,Lance,password123_u443,Lance,Jamot,09123450443,"566 Bonifacio St, Taguig",2025-04-19T16:00:00.000Z,c       
444,customer444@example.com,Roman,password123_u444,Roman,Aceitunas,09123450444,"489 Mabini St, Pasig City",2025-05-20T16:00:00.000Z,c       
445,customer445@example.com,Bob,password123_u445,Bob,Dayawon,09123450445,"26 Luna St, Makati City",2025-06-21T16:00:00.000Z,c       
446,customer446@example.com,Alice,password123_u446,Alice,Sebido,09123450446,"914 Taft St, Quezon City",2025-07-22T16:00:00.000Z,c       
447,customer447@example.com,Leo,password123_u447,Leo,Fababier,09123450447,"719 Rizal St, Manila",2025-08-23T16:00:00.000Z,c       
448,customer448@example.com,Jonas,password123_u448,Jonas,Brown,09123450448,"566 Bonifacio St, Taguig",2025-09-24T16:00:00.000Z,c       
449,customer449@example.com,Frank,password123_u449,Frank,Taylor,09123450449,"489 Mabini St, Pasig City",2025-10-25T16:00:00.000Z,c       
450,customer450@example.com,Jarell,password123_u450,Jarell,Jones,09123450450,"26 Luna St, Makati City",2025-11-26T16:00:00.000Z,c       
451,customer451@example.com,Joshua,password123_u451,Joshua,Smith,09123450451,"914 Taft St, Quezon City",2025-12-27T16:00:00.000Z,c       
452,customer452@example.com,Charlie,password123_u452,Charlie,Lopez,09123450452,"719 Rizal St, Manila",2024-12-31T16:00:00.000Z,c       
453,customer453@example.com,Lei,password123_u453,Lei,Reyes,09123450453,"566 Bonifacio St, Taguig",2025-02-01T16:00:00.000Z,c       
454,customer454@example.com,Diana,password123_u454,Diana,Williams,09123450454,"489 Mabini St, Pasig City",2025-03-02T16:00:00.000Z,c       
455,customer455@example.com,Eve,password123_u455,Eve,Camorongan,09123450455,"26 Luna St, Makati City",2025-04-03T16:00:00.000Z,c       
456,customer456@example.com,Mhaine,password123_u456,Mhaine,Jamot,09123450456,"914 Taft St, Quezon City",2025-05-04T16:00:00.000Z,c       
457,customer457@example.com,Lance,password123_u457,Lance,Aceitunas,09123450457,"719 Rizal St, Manila",2025-06-05T16:00:00.000Z,c       
458,customer458@example.com,Roman,password123_u458,Roman,Dayawon,09123450458,"566 Bonifacio St, Taguig",2025-07-06T16:00:00.000Z,c       
459,customer459@example.com,Bob,password123_u459,Bob,Sebido,09123450459,"489 Mabini St, Pasig City",2025-08-07T16:00:00.000Z,c       
460,customer460@example.com,Alice,password123_u460,Alice,Fababier,09123450460,"26 Luna St, Makati City",2025-09-08T16:00:00.000Z,c       
461,customer461@example.com,Leo,password123_u461,Leo,Brown,09123450461,"914 Taft St, Quezon City",2025-10-09T16:00:00.000Z,c       
462,customer462@example.com,Jonas,password123_u462,Jonas,Taylor,09123450462,"719 Rizal St, Manila",2025-11-10T16:00:00.000Z,c       
463,customer463@example.com,Frank,password123_u463,Frank,Jones,09123450463,"566 Bonifacio St, Taguig",2025-12-11T16:00:00.000Z,c       
464,customer464@example.com,Jarell,password123_u464,Jarell,Smith,09123450464,"489 Mabini St, Pasig City",2025-01-12T16:00:00.000Z,c       
465,customer465@example.com,Joshua,password123_u465,Joshua,Lopez,09123450465,"26 Luna St, Makati City",2025-02-13T16:00:00.000Z,c       
466,customer466@example.com,Charlie,password123_u466,Charlie,Reyes,09123450466,"914 Taft St, Quezon City",2025-03-14T16:00:00.000Z,c       
467,customer467@example.com,Lei,password123_u467,Lei,Williams,09123450467,"719 Rizal St, Manila",2025-04-15T16:00:00.000Z,c       
468,customer468@example.com,Diana,password123_u468,Diana,Camorongan,09123450468,"566 Bonifacio St, Taguig",2025-05-16T16:00:00.000Z,c       
469,customer469@example.com,Eve,password123_u469,Eve,Jamot,09123450469,"489 Mabini St, Pasig City",2025-06-17T16:00:00.000Z,c       
470,customer470@example.com,Mhaine,password123_u470,Mhaine,Aceitunas,09123450470,"26 Luna St, Makati City",2025-07-18T16:00:00.000Z,c       
471,customer471@example.com,Lance,password123_u471,Lance,Dayawon,09123450471,"914 Taft St, Quezon City",2025-08-19T16:00:00.000Z,c       
472,customer472@example.com,Roman,password123_u472,Roman,Sebido,09123450472,"719 Rizal St, Manila",2025-09-20T16:00:00.000Z,c       
473,customer473@example.com,Bob,password123_u473,Bob,Fababier,09123450473,"566 Bonifacio St, Taguig",2025-10-21T16:00:00.000Z,c       
474,customer474@example.com,Alice,password123_u474,Alice,Brown,09123450474,"489 Mabini St, Pasig City",2025-11-22T16:00:00.000Z,c       
475,customer475@example.com,Leo,password123_u475,Leo,Taylor,09123450475,"26 Luna St, Makati City",2025-12-23T16:00:00.000Z,c       
476,customer476@example.com,Jonas,password123_u476,Jonas,Jones,09123450476,"914 Taft St, Quezon City",2025-01-24T16:00:00.000Z,c       
477,customer477@example.com,Frank,password123_u477,Frank,Smith,09123450477,"719 Rizal St, Manila",2025-02-25T16:00:00.000Z,c       
478,customer478@example.com,Jarell,password123_u478,Jarell,Lopez,09123450478,"566 Bonifacio St, Taguig",2025-03-26T16:00:00.000Z,c       
479,customer479@example.com,Joshua,password123_u479,Joshua,Reyes,09123450479,"489 Mabini St, Pasig City",2025-04-27T16:00:00.000Z,c       
480,customer480@example.com,Charlie,password123_u480,Charlie,Williams,09123450480,"26 Luna St, Makati City",2025-04-30T16:00:00.000Z,c       
481,customer481@example.com,Lei,password123_u481,Lei,Camorongan,09123450481,"914 Taft St, Quezon City",2025-06-01T16:00:00.000Z,c       
482,customer482@example.com,Diana,password123_u482,Diana,Jamot,09123450482,"719 Rizal St, Manila",2025-07-02T16:00:00.000Z,c       
483,customer483@example.com,Eve,password123_u483,Eve,Aceitunas,09123450483,"566 Bonifacio St, Taguig",2025-08-03T16:00:00.000Z,c       
484,customer484@example.com,Mhaine,password123_u484,Mhaine,Dayawon,09123450484,"489 Mabini St, Pasig City",2025-09-04T16:00:00.000Z,c       
485,customer485@example.com,Lance,password123_u485,Lance,Sebido,09123450485,"26 Luna St, Makati City",2025-10-05T16:00:00.000Z,c       
486,customer486@example.com,Roman,password123_u486,Roman,Fababier,09123450486,"914 Taft St, Quezon City",2025-11-06T16:00:00.000Z,c       
487,customer487@example.com,Bob,password123_u487,Bob,Brown,09123450487,"719 Rizal St, Manila",2025-12-07T16:00:00.000Z,c       
488,customer488@example.com,Alice,password123_u488,Alice,Taylor,09123450488,"566 Bonifacio St, Taguig",2025-01-08T16:00:00.000Z,c       
489,customer489@example.com,Leo,password123_u489,Leo,Jones,09123450489,"489 Mabini St, Pasig City",2025-02-09T16:00:00.000Z,c       
490,customer490@example.com,Jonas,password123_u490,Jonas,Smith,09123450490,"26 Luna St, Makati City",2025-03-10T16:00:00.000Z,c       
491,customer491@example.com,Frank,password123_u491,Frank,Lopez,09123450491,"914 Taft St, Quezon City",2025-04-11T16:00:00.000Z,c       
492,customer492@example.com,Jarell,password123_u492,Jarell,Reyes,09123450492,"719 Rizal St, Manila",2025-05-12T16:00:00.000Z,c       
493,customer493@example.com,Joshua,password123_u493,Joshua,Williams,09123450493,"566 Bonifacio St, Taguig",2025-06-13T16:00:00.000Z,c       
494,customer494@example.com,Charlie,password123_u494,Charlie,Camorongan,09123450494,"489 Mabini St, Pasig City",2025-07-14T16:00:00.000Z,c       
495,customer495@example.com,Lei,password123_u495,Lei,Jamot,09123450495,"26 Luna St, Makati City",2025-08-15T16:00:00.000Z,c       
496,customer496@example.com,Diana,password123_u496,Diana,Aceitunas,09123450496,"914 Taft St, Quezon City",2025-09-16T16:00:00.000Z,c       
497,customer497@example.com,Eve,password123_u497,Eve,Dayawon,09123450497,"719 Rizal St, Manila",2025-10-17T16:00:00.000Z,c       
498,customer498@example.com,Mhaine,password123_u498,Mhaine,Sebido,09123450498,"566 Bonifacio St, Taguig",2025-11-18T16:00:00.000Z,c       
499,customer499@example.com,Lance,password123_u499,Lance,Fababier,09123450499,"489 Mabini St, Pasig City",2025-12-19T16:00:00.000Z,c       
500,customer500@example.com,Roman,password123_u500,Roman,Brown,09123450500,"26 Luna St, Makati City",2025-01-20T16:00:00.000Z,c       
501,customer501@example.com,Bob,password123_u501,Bob,Taylor,09123450501,"914 Taft St, Quezon City",2025-02-21T16:00:00.000Z,c       
502,customer502@example.com,Alice,password123_u502,Alice,Jones,09123450502,"719 Rizal St, Manila",2025-03-22T16:00:00.000Z,c       
503,customer503@example.com,Leo,password123_u503,Leo,Smith,09123450503,"566 Bonifacio St, Taguig",2025-04-23T16:00:00.000Z,c       
504,customer504@example.com,Jonas,password123_u504,Jonas,Lopez,09123450504,"489 Mabini St, Pasig City",2025-05-24T16:00:00.000Z,c       
505,customer505@example.com,Frank,password123_u505,Frank,Reyes,09123450505,"26 Luna St, Makati City",2025-06-25T16:00:00.000Z,c       
506,customer506@example.com,Jarell,password123_u506,Jarell,Williams,09123450506,"914 Taft St, Quezon City",2025-07-26T16:00:00.000Z,c       
507,customer507@example.com,Joshua,password123_u507,Joshua,Camorongan,09123450507,"719 Rizal St, Manila",2025-08-27T16:00:00.000Z,c       
508,customer508@example.com,Charlie,password123_u508,Charlie,Jamot,09123450508,"566 Bonifacio St, Taguig",2025-08-31T16:00:00.000Z,c       
509,customer509@example.com,Lei,password123_u509,Lei,Aceitunas,09123450509,"489 Mabini St, Pasig City",2025-10-01T16:00:00.000Z,c       
510,customer510@example.com,Diana,password123_u510,Diana,Dayawon,09123450510,"26 Luna St, Makati City",2025-11-02T16:00:00.000Z,c       
511,customer511@example.com,Eve,password123_u511,Eve,Sebido,09123450511,"914 Taft St, Quezon City",2025-12-03T16:00:00.000Z,c       
512,customer512@example.com,Mhaine,password123_u512,Mhaine,Fababier,09123450512,"719 Rizal St, Manila",2025-01-04T16:00:00.000Z,c       
513,customer513@example.com,Lance,password123_u513,Lance,Brown,09123450513,"566 Bonifacio St, Taguig",2025-02-05T16:00:00.000Z,c       
514,customer514@example.com,Roman,password123_u514,Roman,Taylor,09123450514,"489 Mabini St, Pasig City",2025-03-06T16:00:00.000Z,c       
515,customer515@example.com,Bob,password123_u515,Bob,Jones,09123450515,"26 Luna St, Makati City",2025-04-07T16:00:00.000Z,c       
516,customer516@example.com,Alice,password123_u516,Alice,Smith,09123450516,"914 Taft St, Quezon City",2025-05-08T16:00:00.000Z,c       
517,customer517@example.com,Leo,password123_u517,Leo,Lopez,09123450517,"719 Rizal St, Manila",2025-06-09T16:00:00.000Z,c       
518,customer518@example.com,Jonas,password123_u518,Jonas,Reyes,09123450518,"566 Bonifacio St, Taguig",2025-07-10T16:00:00.000Z,c       
519,customer519@example.com,Frank,password123_u519,Frank,Williams,09123450519,"489 Mabini St, Pasig City",2025-08-11T16:00:00.000Z,c       
520,customer520@example.com,Jarell,password123_u520,Jarell,Camorongan,09123450520,"26 Luna St, Makati City",2025-09-12T16:00:00.000Z,c       
521,customer521@example.com,Joshua,password123_u521,Joshua,Jamot,09123450521,"914 Taft St, Quezon City",2025-10-13T16:00:00.000Z,c       
522,customer522@example.com,Charlie,password123_u522,Charlie,Aceitunas,09123450522,"719 Rizal St, Manila",2025-11-14T16:00:00.000Z,c       
523,customer523@example.com,Lei,password123_u523,Lei,Dayawon,09123450523,"566 Bonifacio St, Taguig",2025-12-15T16:00:00.000Z,c       
524,customer524@example.com,Diana,password123_u524,Diana,Sebido,09123450524,"489 Mabini St, Pasig City",2025-01-16T16:00:00.000Z,c       
525,customer525@example.com,Eve,password123_u525,Eve,Fababier,09123450525,"26 Luna St, Makati City",2025-02-17T16:00:00.000Z,c       
526,customer526@example.com,Mhaine,password123_u526,Mhaine,Brown,09123450526,"914 Taft St, Quezon City",2025-03-18T16:00:00.000Z,c       
527,customer527@example.com,Lance,password123_u527,Lance,Taylor,09123450527,"719 Rizal St, Manila",2025-04-19T16:00:00.000Z,c       
528,customer528@example.com,Roman,password123_u528,Roman,Jones,09123450528,"566 Bonifacio St, Taguig",2025-05-20T16:00:00.000Z,c       
529,customer529@example.com,Bob,password123_u529,Bob,Smith,09123450529,"489 Mabini St, Pasig City",2025-06-21T16:00:00.000Z,c       
530,customer530@example.com,Alice,password123_u530,Alice,Lopez,09123450530,"26 Luna St, Makati City",2025-07-22T16:00:00.000Z,c       
531,customer531@example.com,Leo,password123_u531,Leo,Reyes,09123450531,"914 Taft St, Quezon City",2025-08-23T16:00:00.000Z,c       
532,customer532@example.com,Jonas,password123_u532,Jonas,Williams,09123450532,"719 Rizal St, Manila",2025-09-24T16:00:00.000Z,c       
533,customer533@example.com,Frank,password123_u533,Frank,Camorongan,09123450533,"566 Bonifacio St, Taguig",2025-10-25T16:00:00.000Z,c       
534,customer534@example.com,Jarell,password123_u534,Jarell,Jamot,09123450534,"489 Mabini St, Pasig City",2025-11-26T16:00:00.000Z,c       
535,customer535@example.com,Joshua,password123_u535,Joshua,Aceitunas,09123450535,"26 Luna St, Makati City",2025-12-27T16:00:00.000Z,c       
536,customer536@example.com,Charlie,password123_u536,Charlie,Dayawon,09123450536,"914 Taft St, Quezon City",2024-12-31T16:00:00.000Z,c       
537,customer537@example.com,Lei,password123_u537,Lei,Sebido,09123450537,"719 Rizal St, Manila",2025-02-01T16:00:00.000Z,c       
538,customer538@example.com,Diana,password123_u538,Diana,Fababier,09123450538,"566 Bonifacio St, Taguig",2025-03-02T16:00:00.000Z,c       
539,customer539@example.com,Eve,password123_u539,Eve,Brown,09123450539,"489 Mabini St, Pasig City",2025-04-03T16:00:00.000Z,c       
540,customer540@example.com,Mhaine,password123_u540,Mhaine,Taylor,09123450540,"26 Luna St, Makati City",2025-05-04T16:00:00.000Z,c       
541,customer541@example.com,Lance,password123_u541,Lance,Jones,09123450541,"914 Taft St, Quezon City",2025-06-05T16:00:00.000Z,c       
542,customer542@example.com,Roman,password123_u542,Roman,Smith,09123450542,"719 Rizal St, Manila",2025-07-06T16:00:00.000Z,c       
543,customer543@example.com,Bob,password123_u543,Bob,Lopez,09123450543,"566 Bonifacio St, Taguig",2025-08-07T16:00:00.000Z,c       
544,customer544@example.com,Alice,password123_u544,Alice,Reyes,09123450544,"489 Mabini St, Pasig City",2025-09-08T16:00:00.000Z,c       
545,customer545@example.com,Leo,password123_u545,Leo,Williams,09123450545,"26 Luna St, Makati City",2025-10-09T16:00:00.000Z,c       
546,customer546@example.com,Jonas,password123_u546,Jonas,Camorongan,09123450546,"914 Taft St, Quezon City",2025-11-10T16:00:00.000Z,c       
547,customer547@example.com,Frank,password123_u547,Frank,Jamot,09123450547,"719 Rizal St, Manila",2025-12-11T16:00:00.000Z,c       
548,customer548@example.com,Jarell,password123_u548,Jarell,Aceitunas,09123450548,"566 Bonifacio St, Taguig",2025-01-12T16:00:00.000Z,c       
549,customer549@example.com,Joshua,password123_u549,Joshua,Dayawon,09123450549,"489 Mabini St, Pasig City",2025-02-13T16:00:00.000Z,c       
550,customer550@example.com,Charlie,password123_u550,Charlie,Sebido,09123450550,"26 Luna St, Makati City",2025-03-14T16:00:00.000Z,c       
551,customer551@example.com,Lei,password123_u551,Lei,Fababier,09123450551,"914 Taft St, Quezon City",2025-04-15T16:00:00.000Z,c       
552,customer552@example.com,Diana,password123_u552,Diana,Brown,09123450552,"719 Rizal St, Manila",2025-05-16T16:00:00.000Z,c       
553,customer553@example.com,Eve,password123_u553,Eve,Taylor,09123450553,"566 Bonifacio St, Taguig",2025-06-17T16:00:00.000Z,c       
554,customer554@example.com,Mhaine,password123_u554,Mhaine,Jones,09123450554,"489 Mabini St, Pasig City",2025-07-18T16:00:00.000Z,c       
555,customer555@example.com,Lance,password123_u555,Lance,Smith,09123450555,"26 Luna St, Makati City",2025-08-19T16:00:00.000Z,c       
556,customer556@example.com,Roman,password123_u556,Roman,Lopez,09123450556,"914 Taft St, Quezon City",2025-09-20T16:00:00.000Z,c       
557,customer557@example.com,Bob,password123_u557,Bob,Reyes,09123450557,"719 Rizal St, Manila",2025-10-21T16:00:00.000Z,c       
558,customer558@example.com,Alice,password123_u558,Alice,Williams,09123450558,"566 Bonifacio St, Taguig",2025-11-22T16:00:00.000Z,c       
559,customer559@example.com,Leo,password123_u559,Leo,Camorongan,09123450559,"489 Mabini St, Pasig City",2025-12-23T16:00:00.000Z,c       
560,customer560@example.com,Jonas,password123_u560,Jonas,Jamot,09123450560,"26 Luna St, Makati City",2025-01-24T16:00:00.000Z,c       
561,customer561@example.com,Frank,password123_u561,Frank,Aceitunas,09123450561,"914 Taft St, Quezon City",2025-02-25T16:00:00.000Z,c       
562,customer562@example.com,Jarell,password123_u562,Jarell,Dayawon,09123450562,"719 Rizal St, Manila",2025-03-26T16:00:00.000Z,c       
563,customer563@example.com,Joshua,password123_u563,Joshua,Sebido,09123450563,"566 Bonifacio St, Taguig",2025-04-27T16:00:00.000Z,c       
564,customer564@example.com,Charlie,password123_u564,Charlie,Fababier,09123450564,"489 Mabini St, Pasig City",2025-04-30T16:00:00.000Z,c       
565,customer565@example.com,Lei,password123_u565,Lei,Brown,09123450565,"26 Luna St, Makati City",2025-06-01T16:00:00.000Z,c       
566,customer566@example.com,Diana,password123_u566,Diana,Taylor,09123450566,"914 Taft St, Quezon City",2025-07-02T16:00:00.000Z,c       
567,customer567@example.com,Eve,password123_u567,Eve,Jones,09123450567,"719 Rizal St, Manila",2025-08-03T16:00:00.000Z,c       
568,customer568@example.com,Mhaine,password123_u568,Mhaine,Smith,09123450568,"566 Bonifacio St, Taguig",2025-09-04T16:00:00.000Z,c       
569,customer569@example.com,Lance,password123_u569,Lance,Lopez,09123450569,"489 Mabini St, Pasig City",2025-10-05T16:00:00.000Z,c       
570,customer570@example.com,Roman,password123_u570,Roman,Reyes,09123450570,"26 Luna St, Makati City",2025-11-06T16:00:00.000Z,c       
571,customer571@example.com,Bob,password123_u571,Bob,Williams,09123450571,"914 Taft St, Quezon City",2025-12-07T16:00:00.000Z,c       
572,customer572@example.com,Alice,password123_u572,Alice,Camorongan,09123450572,"719 Rizal St, Manila",2025-01-08T16:00:00.000Z,c       
573,customer573@example.com,Leo,password123_u573,Leo,Jamot,09123450573,"566 Bonifacio St, Taguig",2025-02-09T16:00:00.000Z,c       
574,customer574@example.com,Jonas,password123_u574,Jonas,Aceitunas,09123450574,"489 Mabini St, Pasig City",2025-03-10T16:00:00.000Z,c       
575,customer575@example.com,Frank,password123_u575,Frank,Dayawon,09123450575,"26 Luna St, Makati City",2025-04-11T16:00:00.000Z,c       
576,customer576@example.com,Jarell,password123_u576,Jarell,Sebido,09123450576,"914 Taft St, Quezon City",2025-05-12T16:00:00.000Z,c       
577,customer577@example.com,Joshua,password123_u577,Joshua,Fababier,09123450577,"719 Rizal St, Manila",2025-06-13T16:00:00.000Z,c       
578,customer578@example.com,Charlie,password123_u578,Charlie,Brown,09123450578,"566 Bonifacio St, Taguig",2025-07-14T16:00:00.000Z,c       
579,customer579@example.com,Lei,password123_u579,Lei,Taylor,09123450579,"489 Mabini St, Pasig City",2025-08-15T16:00:00.000Z,c       
580,customer580@example.com,Diana,password123_u580,Diana,Jones,09123450580,"26 Luna St, Makati City",2025-09-16T16:00:00.000Z,c       
581,customer581@example.com,Eve,password123_u581,Eve,Smith,09123450581,"914 Taft St, Quezon City",2025-10-17T16:00:00.000Z,c       
582,customer582@example.com,Mhaine,password123_u582,Mhaine,Lopez,09123450582,"719 Rizal St, Manila",2025-11-18T16:00:00.000Z,c       
583,customer583@example.com,Lance,password123_u583,Lance,Reyes,09123450583,"566 Bonifacio St, Taguig",2025-12-19T16:00:00.000Z,c       
584,customer584@example.com,Roman,password123_u584,Roman,Williams,09123450584,"489 Mabini St, Pasig City",2025-01-20T16:00:00.000Z,c       
585,customer585@example.com,Bob,password123_u585,Bob,Camorongan,09123450585,"26 Luna St, Makati City",2025-02-21T16:00:00.000Z,c       
586,customer586@example.com,Alice,password123_u586,Alice,Jamot,09123450586,"914 Taft St, Quezon City",2025-03-22T16:00:00.000Z,c       
587,customer587@example.com,Leo,password123_u587,Leo,Aceitunas,09123450587,"719 Rizal St, Manila",2025-04-23T16:00:00.000Z,c       
588,customer588@example.com,Jonas,password123_u588,Jonas,Dayawon,09123450588,"566 Bonifacio St, Taguig",2025-05-24T16:00:00.000Z,c       
589,customer589@example.com,Frank,password123_u589,Frank,Sebido,09123450589,"489 Mabini St, Pasig City",2025-06-25T16:00:00.000Z,c       
590,customer590@example.com,Jarell,password123_u590,Jarell,Fababier,09123450590,"26 Luna St, Makati City",2025-07-26T16:00:00.000Z,c       
591,customer591@example.com,Joshua,password123_u591,Joshua,Brown,09123450591,"914 Taft St, Quezon City",2025-08-27T16:00:00.000Z,c       
592,customer592@example.com,Charlie,password123_u592,Charlie,Taylor,09123450592,"719 Rizal St, Manila",2025-08-31T16:00:00.000Z,c       
593,customer593@example.com,Lei,password123_u593,Lei,Jones,09123450593,"566 Bonifacio St, Taguig",2025-10-01T16:00:00.000Z,c       
594,customer594@example.com,Diana,password123_u594,Diana,Smith,09123450594,"489 Mabini St, Pasig City",2025-11-02T16:00:00.000Z,c       
595,customer595@example.com,Eve,password123_u595,Eve,Lopez,09123450595,"26 Luna St, Makati City",2025-12-03T16:00:00.000Z,c       
596,customer596@example.com,Mhaine,password123_u596,Mhaine,Reyes,09123450596,"914 Taft St, Quezon City",2025-01-04T16:00:00.000Z,c       
597,customer597@example.com,Lance,password123_u597,Lance,Williams,09123450597,"719 Rizal St, Manila",2025-02-05T16:00:00.000Z,c       
598,customer598@example.com,Roman,password123_u598,Roman,Camorongan,09123450598,"566 Bonifacio St, Taguig",2025-03-06T16:00:00.000Z,c       
599,customer599@example.com,Bob,password123_u599,Bob,Jamot,09123450599,"489 Mabini St, Pasig City",2025-04-07T16:00:00.000Z,c       
600,customer600@example.com,Alice,password123_u600,Alice,Aceitunas,09123450600,"26 Luna St, Makati City",2025-05-08T16:00:00.000Z,c       
601,customer601@example.com,Leo,password123_u601,Leo,Dayawon,09123450601,"914 Taft St, Quezon City",2025-06-09T16:00:00.000Z,c       
602,customer602@example.com,Jonas,password123_u602,Jonas,Sebido,09123450602,"719 Rizal St, Manila",2025-07-10T16:00:00.000Z,c       
603,customer603@example.com,Frank,password123_u603,Frank,Fababier,09123450603,"566 Bonifacio St, Taguig",2025-08-11T16:00:00.000Z,c       
604,customer604@example.com,Jarell,password123_u604,Jarell,Brown,09123450604,"489 Mabini St, Pasig City",2025-09-12T16:00:00.000Z,c       
605,customer605@example.com,Joshua,password123_u605,Joshua,Taylor,09123450605,"26 Luna St, Makati City",2025-10-13T16:00:00.000Z,c       
606,customer606@example.com,Charlie,password123_u606,Charlie,Jones,09123450606,"914 Taft St, Quezon City",2025-11-14T16:00:00.000Z,c       
607,customer607@example.com,Lei,password123_u607,Lei,Smith,09123450607,"719 Rizal St, Manila",2025-12-15T16:00:00.000Z,c       
608,customer608@example.com,Diana,password123_u608,Diana,Lopez,09123450608,"566 Bonifacio St, Taguig",2025-01-16T16:00:00.000Z,c       
609,customer609@example.com,Eve,password123_u609,Eve,Reyes,09123450609,"489 Mabini St, Pasig City",2025-02-17T16:00:00.000Z,c       
610,customer610@example.com,Mhaine,password123_u610,Mhaine,Williams,09123450610,"26 Luna St, Makati City",2025-03-18T16:00:00.000Z,c       
611,customer611@example.com,Lance,password123_u611,Lance,Camorongan,09123450611,"914 Taft St, Quezon City",2025-04-19T16:00:00.000Z,c       
612,customer612@example.com,Roman,password123_u612,Roman,Jamot,09123450612,"719 Rizal St, Manila",2025-05-20T16:00:00.000Z,c       
613,customer613@example.com,Bob,password123_u613,Bob,Aceitunas,09123450613,"566 Bonifacio St, Taguig",2025-06-21T16:00:00.000Z,c       
614,customer614@example.com,Alice,password123_u614,Alice,Dayawon,09123450614,"489 Mabini St, Pasig City",2025-07-22T16:00:00.000Z,c       
615,customer615@example.com,Leo,password123_u615,Leo,Sebido,09123450615,"26 Luna St, Makati City",2025-08-23T16:00:00.000Z,c       
616,customer616@example.com,Jonas,password123_u616,Jonas,Fababier,09123450616,"914 Taft St, Quezon City",2025-09-24T16:00:00.000Z,c       
617,customer617@example.com,Frank,password123_u617,Frank,Brown,09123450617,"719 Rizal St, Manila",2025-10-25T16:00:00.000Z,c       
618,customer618@example.com,Jarell,password123_u618,Jarell,Taylor,09123450618,"566 Bonifacio St, Taguig",2025-11-26T16:00:00.000Z,c       
619,customer619@example.com,Joshua,password123_u619,Joshua,Jones,09123450619,"489 Mabini St, Pasig City",2025-12-27T16:00:00.000Z,c       
620,customer620@example.com,Charlie,password123_u620,Charlie,Smith,09123450620,"26 Luna St, Makati City",2024-12-31T16:00:00.000Z,c       
621,customer621@example.com,Lei,password123_u621,Lei,Lopez,09123450621,"914 Taft St, Quezon City",2025-02-01T16:00:00.000Z,c       
622,customer622@example.com,Diana,password123_u622,Diana,Reyes,09123450622,"719 Rizal St, Manila",2025-03-02T16:00:00.000Z,c       
623,customer623@example.com,Eve,password123_u623,Eve,Williams,09123450623,"566 Bonifacio St, Taguig",2025-04-03T16:00:00.000Z,c       
624,customer624@example.com,Mhaine,password123_u624,Mhaine,Camorongan,09123450624,"489 Mabini St, Pasig City",2025-05-04T16:00:00.000Z,c       
625,customer625@example.com,Lance,password123_u625,Lance,Jamot,09123450625,"26 Luna St, Makati City",2025-06-05T16:00:00.000Z,c       
626,customer626@example.com,Roman,password123_u626,Roman,Aceitunas,09123450626,"914 Taft St, Quezon City",2025-07-06T16:00:00.000Z,c       
627,customer627@example.com,Bob,password123_u627,Bob,Dayawon,09123450627,"719 Rizal St, Manila",2025-08-07T16:00:00.000Z,c       
628,customer628@example.com,Alice,password123_u628,Alice,Sebido,09123450628,"566 Bonifacio St, Taguig",2025-09-08T16:00:00.000Z,c       
629,customer629@example.com,Leo,password123_u629,Leo,Fababier,09123450629,"489 Mabini St, Pasig City",2025-10-09T16:00:00.000Z,c       
630,customer630@example.com,Jonas,password123_u630,Jonas,Brown,09123450630,"26 Luna St, Makati City",2025-11-10T16:00:00.000Z,c       
631,customer631@example.com,Frank,password123_u631,Frank,Taylor,09123450631,"914 Taft St, Quezon City",2025-12-11T16:00:00.000Z,c       
632,customer632@example.com,Jarell,password123_u632,Jarell,Jones,09123450632,"719 Rizal St, Manila",2025-01-12T16:00:00.000Z,c       
633,customer633@example.com,Joshua,password123_u633,Joshua,Smith,09123450633,"566 Bonifacio St, Taguig",2025-02-13T16:00:00.000Z,c       
634,customer634@example.com,Charlie,password123_u634,Charlie,Lopez,09123450634,"489 Mabini St, Pasig City",2025-03-14T16:00:00.000Z,c       
635,customer635@example.com,Lei,password123_u635,Lei,Reyes,09123450635,"26 Luna St, Makati City",2025-04-15T16:00:00.000Z,c       
636,customer636@example.com,Diana,password123_u636,Diana,Williams,09123450636,"914 Taft St, Quezon City",2025-05-16T16:00:00.000Z,c       
637,customer637@example.com,Eve,password123_u637,Eve,Camorongan,09123450637,"719 Rizal St, Manila",2025-06-17T16:00:00.000Z,c       
638,customer638@example.com,Mhaine,password123_u638,Mhaine,Jamot,09123450638,"566 Bonifacio St, Taguig",2025-07-18T16:00:00.000Z,c       
639,customer639@example.com,Lance,password123_u639,Lance,Aceitunas,09123450639,"489 Mabini St, Pasig City",2025-08-19T16:00:00.000Z,c       
640,customer640@example.com,Roman,password123_u640,Roman,Dayawon,09123450640,"26 Luna St, Makati City",2025-09-20T16:00:00.000Z,c       
641,customer641@example.com,Bob,password123_u641,Bob,Sebido,09123450641,"914 Taft St, Quezon City",2025-10-21T16:00:00.000Z,c       
642,customer642@example.com,Alice,password123_u642,Alice,Fababier,09123450642,"719 Rizal St, Manila",2025-11-22T16:00:00.000Z,c       
643,customer643@example.com,Leo,password123_u643,Leo,Brown,09123450643,"566 Bonifacio St, Taguig",2025-12-23T16:00:00.000Z,c       
644,customer644@example.com,Jonas,password123_u644,Jonas,Taylor,09123450644,"489 Mabini St, Pasig City",2025-01-24T16:00:00.000Z,c       
645,customer645@example.com,Frank,password123_u645,Frank,Jones,09123450645,"26 Luna St, Makati City",2025-02-25T16:00:00.000Z,c       
646,customer646@example.com,Jarell,password123_u646,Jarell,Smith,09123450646,"914 Taft St, Quezon City",2025-03-26T16:00:00.000Z,c       
647,customer647@example.com,Joshua,password123_u647,Joshua,Lopez,09123450647,"719 Rizal St, Manila",2025-04-27T16:00:00.000Z,c       
648,customer648@example.com,Charlie,password123_u648,Charlie,Reyes,09123450648,"566 Bonifacio St, Taguig",2025-04-30T16:00:00.000Z,c       
649,customer649@example.com,Lei,password123_u649,Lei,Williams,09123450649,"489 Mabini St, Pasig City",2025-06-01T16:00:00.000Z,c       
650,customer650@example.com,Diana,password123_u650,Diana,Camorongan,09123450650,"26 Luna St, Makati City",2025-07-02T16:00:00.000Z,c       
651,customer651@example.com,Eve,password123_u651,Eve,Jamot,09123450651,"914 Taft St, Quezon City",2025-08-03T16:00:00.000Z,c       
652,customer652@example.com,Mhaine,password123_u652,Mhaine,Aceitunas,09123450652,"719 Rizal St, Manila",2025-09-04T16:00:00.000Z,c       
653,customer653@example.com,Lance,password123_u653,Lance,Dayawon,09123450653,"566 Bonifacio St, Taguig",2025-10-05T16:00:00.000Z,c       
654,customer654@example.com,Roman,password123_u654,Roman,Sebido,09123450654,"489 Mabini St, Pasig City",2025-11-06T16:00:00.000Z,c       
655,customer655@example.com,Bob,password123_u655,Bob,Fababier,09123450655,"26 Luna St, Makati City",2025-12-07T16:00:00.000Z,c       
656,customer656@example.com,Alice,password123_u656,Alice,Brown,09123450656,"914 Taft St, Quezon City",2025-01-08T16:00:00.000Z,c       
657,customer657@example.com,Leo,password123_u657,Leo,Taylor,09123450657,"719 Rizal St, Manila",2025-02-09T16:00:00.000Z,c       
658,customer658@example.com,Jonas,password123_u658,Jonas,Jones,09123450658,"566 Bonifacio St, Taguig",2025-03-10T16:00:00.000Z,c       
659,customer659@example.com,Frank,password123_u659,Frank,Smith,09123450659,"489 Mabini St, Pasig City",2025-04-11T16:00:00.000Z,c       
660,customer660@example.com,Jarell,password123_u660,Jarell,Lopez,09123450660,"26 Luna St, Makati City",2025-05-12T16:00:00.000Z,c       
661,customer661@example.com,Joshua,password123_u661,Joshua,Reyes,09123450661,"914 Taft St, Quezon City",2025-06-13T16:00:00.000Z,c       
662,customer662@example.com,Charlie,password123_u662,Charlie,Williams,09123450662,"719 Rizal St, Manila",2025-07-14T16:00:00.000Z,c       
663,customer663@example.com,Lei,password123_u663,Lei,Camorongan,09123450663,"566 Bonifacio St, Taguig",2025-08-15T16:00:00.000Z,c       
664,customer664@example.com,Diana,password123_u664,Diana,Jamot,09123450664,"489 Mabini St, Pasig City",2025-09-16T16:00:00.000Z,c       
665,customer665@example.com,Eve,password123_u665,Eve,Aceitunas,09123450665,"26 Luna St, Makati City",2025-10-17T16:00:00.000Z,c       
666,customer666@example.com,Mhaine,password123_u666,Mhaine,Dayawon,09123450666,"914 Taft St, Quezon City",2025-11-18T16:00:00.000Z,c       
667,customer667@example.com,Lance,password123_u667,Lance,Sebido,09123450667,"719 Rizal St, Manila",2025-12-19T16:00:00.000Z,c       
668,customer668@example.com,Roman,password123_u668,Roman,Fababier,09123450668,"566 Bonifacio St, Taguig",2025-01-20T16:00:00.000Z,c       
669,customer669@example.com,Bob,password123_u669,Bob,Brown,09123450669,"489 Mabini St, Pasig City",2025-02-21T16:00:00.000Z,c       
670,customer670@example.com,Alice,password123_u670,Alice,Taylor,09123450670,"26 Luna St, Makati City",2025-03-22T16:00:00.000Z,c       
671,customer671@example.com,Leo,password123_u671,Leo,Jones,09123450671,"914 Taft St, Quezon City",2025-04-23T16:00:00.000Z,c       
672,customer672@example.com,Jonas,password123_u672,Jonas,Smith,09123450672,"719 Rizal St, Manila",2025-05-24T16:00:00.000Z,c       
673,customer673@example.com,Frank,password123_u673,Frank,Lopez,09123450673,"566 Bonifacio St, Taguig",2025-06-25T16:00:00.000Z,c       
674,customer674@example.com,Jarell,password123_u674,Jarell,Reyes,09123450674,"489 Mabini St, Pasig City",2025-07-26T16:00:00.000Z,c       
675,customer675@example.com,Joshua,password123_u675,Joshua,Williams,09123450675,"26 Luna St, Makati City",2025-08-27T16:00:00.000Z,c       
676,customer676@example.com,Charlie,password123_u676,Charlie,Camorongan,09123450676,"914 Taft St, Quezon City",2025-08-31T16:00:00.000Z,c       
677,customer677@example.com,Lei,password123_u677,Lei,Jamot,09123450677,"719 Rizal St, Manila",2025-10-01T16:00:00.000Z,c       
678,customer678@example.com,Diana,password123_u678,Diana,Aceitunas,09123450678,"566 Bonifacio St, Taguig",2025-11-02T16:00:00.000Z,c       
679,customer679@example.com,Eve,password123_u679,Eve,Dayawon,09123450679,"489 Mabini St, Pasig City",2025-12-03T16:00:00.000Z,c       
680,customer680@example.com,Mhaine,password123_u680,Mhaine,Sebido,09123450680,"26 Luna St, Makati City",2025-01-04T16:00:00.000Z,c       
681,customer681@example.com,Lance,password123_u681,Lance,Fababier,09123450681,"914 Taft St, Quezon City",2025-02-05T16:00:00.000Z,c       
682,customer682@example.com,Roman,password123_u682,Roman,Brown,09123450682,"719 Rizal St, Manila",2025-03-06T16:00:00.000Z,c       
683,customer683@example.com,Bob,password123_u683,Bob,Taylor,09123450683,"566 Bonifacio St, Taguig",2025-04-07T16:00:00.000Z,c       
684,customer684@example.com,Alice,password123_u684,Alice,Jones,09123450684,"489 Mabini St, Pasig City",2025-05-08T16:00:00.000Z,c       
685,customer685@example.com,Leo,password123_u685,Leo,Smith,09123450685,"26 Luna St, Makati City",2025-06-09T16:00:00.000Z,c       
686,customer686@example.com,Jonas,password123_u686,Jonas,Lopez,09123450686,"914 Taft St, Quezon City",2025-07-10T16:00:00.000Z,c       
687,customer687@example.com,Frank,password123_u687,Frank,Reyes,09123450687,"719 Rizal St, Manila",2025-08-11T16:00:00.000Z,c       
688,customer688@example.com,Jarell,password123_u688,Jarell,Williams,09123450688,"566 Bonifacio St, Taguig",2025-09-12T16:00:00.000Z,c       
689,customer689@example.com,Joshua,password123_u689,Joshua,Camorongan,09123450689,"489 Mabini St, Pasig City",2025-10-13T16:00:00.000Z,c       
690,customer690@example.com,Charlie,password123_u690,Charlie,Jamot,09123450690,"26 Luna St, Makati City",2025-11-14T16:00:00.000Z,c       
691,customer691@example.com,Lei,password123_u691,Lei,Aceitunas,09123450691,"914 Taft St, Quezon City",2025-12-15T16:00:00.000Z,c       
692,customer692@example.com,Diana,password123_u692,Diana,Dayawon,09123450692,"719 Rizal St, Manila",2025-01-16T16:00:00.000Z,c       
693,customer693@example.com,Eve,password123_u693,Eve,Sebido,09123450693,"566 Bonifacio St, Taguig",2025-02-17T16:00:00.000Z,c       
694,customer694@example.com,Mhaine,password123_u694,Mhaine,Fababier,09123450694,"489 Mabini St, Pasig City",2025-03-18T16:00:00.000Z,c       
695,customer695@example.com,Lance,password123_u695,Lance,Brown,09123450695,"26 Luna St, Makati City",2025-04-19T16:00:00.000Z,c       
696,customer696@example.com,Roman,password123_u696,Roman,Taylor,09123450696,"914 Taft St, Quezon City",2025-05-20T16:00:00.000Z,c       
697,customer697@example.com,Bob,password123_u697,Bob,Jones,09123450697,"719 Rizal St, Manila",2025-06-21T16:00:00.000Z,c       
698,customer698@example.com,Alice,password123_u698,Alice,Smith,09123450698,"566 Bonifacio St, Taguig",2025-07-22T16:00:00.000Z,c       
699,customer699@example.com,Leo,password123_u699,Leo,Lopez,09123450699,"489 Mabini St, Pasig City",2025-08-23T16:00:00.000Z,c       