id,user_id,vin,plate_number,vehicle_model,vehicle_year,mileage,vehicle_type,vehicle_make
1,200,VIN00000000000001,ABC0001,Porter,2019,5000.00,Sedan,Hyundai
2,201,VIN00000000000002,ABC0002,Corolla Altis,2012,5113.00,SUV,Toyota
3,202,VIN00000000000003,ABC0003,Vios,1998,5226.00,Pickup,Toyota
4,203,VIN00000000000004,ABC0004,Hi-Ace,2020,5339.00,Van,Toyota
5,204,VIN00000000000005,ABC0005,Vois,2007,5452.00,Hatchback,Toyota
6,205,VIN00000000000006,ABC0006,Xpander,2020,5565.00,Crossover,Mitsubishi
7,206,VIN00000000000007,ABC0007,Mirage,2000,5678.00,Sedan,Mitsubishi
8,207,VIN00000000000008,ABC0008,L300,2000,5791.00,SUV,Mitsubishi
9,208,VIN00000000000009,ABC0009,Avanza,2016,5904.00,Pickup,Toyota
10,209,VIN00000000000010,ABC0010,Altis,2019,6017.00,Van,Toyota
11,210,VIN00000000000011,ABC0011,Wigo,2004,6130.00,Hatchback,Toyota
12,211,VIN00000000000012,ABC0012,Mirage G4,2016,6243.00,Crossover,Mitsubishi
13,212,VIN00000000000013,ABC0013,Innova,2004,6356.00,Sedan,Toyota
14,213,VIN00000000000014,ABC0014,BR-V,2025,6469.00,SUV,Honda
15,214,VIN00000000000015,ABC0015,Montero,2001,6582.00,Pickup,Mitsubishi
16,215,VIN00000000000016,ABC0016,Jazz,1998,6695.00,Van,Honda
17,216,VIN00000000000017,ABC0017,Hilux,2024,6808.00,Hatchback,Toyota
18,217,VIN00000000000018,ABC0018,Xtrail,2006,6921.00,Crossover,Nissan
19,218,VIN00000000000019,ABC0019,Vios,2018,7034.00,Sedan,Toyota
20,219,VIN00000000000020,ABC0020,Vios,2005,7147.00,SUV,Toyota
21,220,VIN00000000000021,ABC0021,Corolla Altis,1997,7260.00,Pickup,Toyota
22,221,VIN00000000000022,ABC0022,City,1999,7373.00,Van,Honda
23,222,VIN00000000000023,ABC0023,Jazz,2012,7486.00,Hatchback,Honda
24,223,VIN00000000000024,ABC0024,Pajero,2023,7599.00,Crossover,Mitsubishi
25,224,VIN00000000000025,ABC0025,Sorento,2021,7712.00,Sedan,Kia
26,225,VIN00000000000026,ABC0026,Altis,2016,7825.00,SUV,Toyota
27,226,VIN00000000000027,ABC0027,Innova,1998,7938.00,Pickup,Toyota
28,227,VIN00000000000028,ABC0028,Navara,2012,8051.00,Van,Nissan
29,228,VIN00000000000029,ABC0029,Hilux,2024,8164.00,Hatchback,Toyota
30,229,VIN00000000000030,ABC0030,Hilux,2021,8277.00,Crossover,Toyota
31,230,VIN00000000000031,ABC0031,Avanza,2019,8390.00,Sedan,Toyota
32,231,VIN00000000000032,ABC0032,Sorento,2021,8503.00,SUV,Kia
33,232,VIN00000000000033,ABC0033,Hiace,2018,8616.00,Pickup,Toyota
34,233,VIN00000000000034,ABC0034,K2500,2024,8729.00,Van,Kia
35,234,VIN00000000000035,ABC0035,EcoSport,2006,8842.00,Hatchback,Ford
36,235,VIN00000000000036,ABC0036,L300,2001,8955.00,Crossover,Mitsubishi
37,236,VIN00000000000037,ABC0037,Corolla,2006,9068.00,Sedan,Toyota
38,237,VIN00000000000038,ABC0038,Hiace,2006,9181.00,SUV,Toyota
39,238,VIN00000000000039,ABC0039,Avanza,2017,9294.00,Pickup,Toyota
40,239,VIN00000000000040,ABC0040,Corolla,2024,9407.00,Van,Toyota
41,240,VIN00000000000041,ABC0041,Wigo,2008,9520.00,Hatchback,Toyota
42,241,VIN00000000000042,ABC0042,Pajero,1998,9633.00,Crossover,Mitsubishi
43,242,VIN00000000000043,ABC0043,K2700,2003,9746.00,Sedan,Kia
44,243,VIN00000000000044,ABC0044,Pajero,2024,9859.00,SUV,Mitsubishi
45,244,VIN00000000000045,ABC0045,Corolla Altis,2005,9972.00,Pickup,Toyota
46,245,VIN00000000000046,ABC0046,Vios,2018,10085.00,Van,Toyota
47,246,VIN00000000000047,ABC0047,Avanza,2019,10198.00,Hatchback,Toyota
48,247,VIN00000000000048,ABC0048,I100,2009,10311.00,Crossover,Hyundai
49,248,VIN00000000000049,ABC0049,Santa Fe,2007,10424.00,Sedan,Hyundai
50,249,VIN00000000000050,ABC0050,Rush,1999,10537.00,SUV,Toyota
51,250,VIN00000000000051,ABC0051,Wigo,2018,10650.00,Pickup,Toyota
52,251,VIN00000000000052,ABC0052,Vios,2007,10763.00,Van,Toyota
53,252,VIN00000000000053,ABC0053,Wigo,2020,10876.00,Hatchback,Toyota
54,253,VIN00000000000054,ABC0054,Vois,2025,10989.00,Crossover,Toyota
55,254,VIN00000000000055,ABC0055,Granduer,2011,11102.00,Sedan,Nissan
56,255,VIN00000000000056,ABC0056,Adventure,2015,11215.00,SUV,Mitsubishi
57,256,VIN00000000000057,ABC0057,Xpander,2005,11328.00,Pickup,Mitsubishi
58,257,VIN00000000000058,ABC0058,Rush,2001,11441.00,Van,Toyota
59,258,VIN00000000000059,ABC0059,Hi-Ace,2009,11554.00,Hatchback,Toyota
60,259,VIN00000000000060,ABC0060,Avanza,2016,11667.00,Crossover,Toyota
61,260,VIN00000000000061,ABC0061,Corolla Altis,1998,11780.00,Sedan,Toyota
62,261,VIN00000000000062,ABC0062,Starex,2009,11893.00,SUV,Hyundai
63,262,VIN00000000000063,ABC0063,Vios,2014,12006.00,Pickup,Toyota
64,263,VIN00000000000064,ABC0064,Porter,2012,12119.00,Van,Hyundai
65,264,VIN00000000000065,ABC0065,Vois,2011,12232.00,Hatchback,Toyota
66,265,VIN00000000000066,ABC0066,Xpander,2023,12345.00,Crossover,Mitsubishi
67,266,VIN00000000000067,ABC0067,Brio,2006,12458.00,Sedan,Honda
68,267,VIN00000000000068,ABC0068,Tucson,2023,12571.00,SUV,Hyundai
69,268,VIN00000000000069,ABC0069,Adventure,2022,12684.00,Pickup,Mitsubishi
70,269,VIN00000000000070,ABC0070,Grand Starex,2021,12797.00,Van,Hyundai
71,270,VIN00000000000071,ABC0071,Tucson,2022,12910.00,Hatchback,Hyundai
72,271,VIN00000000000072,ABC0072,EcoSport,2006,13023.00,Crossover,Ford
73,272,VIN00000000000073,ABC0073,Mazda 3,2003,13136.00,Sedan,Mazda
74,273,VIN00000000000074,ABC0074,Adventure,2006,13249.00,SUV,Mitsubishi
75,274,VIN00000000000075,ABC0075,Jazz,2015,13362.00,Pickup,Honda
76,275,VIN00000000000076,ABC0076,Jimny,2024,13475.00,Van,Suzuki
77,276,VIN00000000000077,ABC0077,Xpander,2011,13588.00,Hatchback,Mitsubishi
78,277,VIN00000000000078,ABC0078,L300,2015,13701.00,Crossover,Mitsubishi
79,278,VIN00000000000079,ABC0079,Vios,2014,13814.00,Sedan,Toyota
80,279,VIN00000000000080,ABC0080,Swift,1998,13927.00,SUV,Suzuki
81,280,VIN00000000000081,ABC0081,Corolla Altis,2023,14040.00,Pickup,Toyota
82,281,VIN00000000000082,ABC0082,I100,2007,14153.00,Van,Hyundai
83,282,VIN00000000000083,ABC0083,Hiace,2023,14266.00,Hatchback,Toyota
84,283,VIN00000000000084,ABC0084,Patrol,2002,14379.00,Crossover,Nissan
85,284,VIN00000000000085,ABC0085,Hilux,2011,14492.00,Sedan,Toyota
86,285,VIN00000000000086,ABC0086,City,2023,14605.00,SUV,Honda
87,286,VIN00000000000087,ABC0087,Vios,2016,14718.00,Pickup,Toyota
88,287,VIN00000000000088,ABC0088,Strada,2021,14831.00,Van,Mitsubishi
89,288,VIN00000000000089,ABC0089,Crv Gen 02,2012,14944.00,Hatchback,Honda
90,289,VIN00000000000090,ABC0090,Crv,2002,15057.00,Crossover,Honda
91,290,VIN00000000000091,ABC0091,Innova,2021,15170.00,Sedan,Toyota
92,291,VIN00000000000092,ABC0092,Dzire,2005,15283.00,SUV,Suzuki
93,292,VIN00000000000093,ABC0093,City,2005,15396.00,Pickup,Honda
94,293,VIN00000000000094,ABC0094,Rush,2006,15509.00,Van,Toyota
95,294,VIN00000000000095,ABC0095,Wigo,1997,15622.00,Hatchback,Toyota
96,295,VIN00000000000096,ABC0096,Hi-Ace,2011,15735.00,Crossover,Toyota
97,296,VIN00000000000097,ABC0097,Hiace,2023,15848.00,Sedan,Toyota
98,297,VIN00000000000098,ABC0098,Hi-Ace,2020,15961.00,SUV,Toyota
99,298,VIN00000000000099,ABC0099,Vois,2019,16074.00,Pickup,Toyota
100,299,VIN00000000000100,ABC0100,Altis,2003,16187.00,Van,Toyota
101,300,VIN00000000000101,ABC0101,Vois,2002,16300.00,Hatchback,Toyota
102,301,VIN00000000000102,ABC0102,Seltos,2007,16413.00,Crossover,Kia
103,302,VIN00000000000103,ABC0103,Santa Fe,2020,16526.00,Sedan,Hyundai
104,303,VIN00000000000104,ABC0104,Almera,2002,16639.00,SUV,Nissan
105,304,VIN00000000000105,ABC0105,Corolla Altis,2010,16752.00,Pickup,Toyota
106,305,VIN00000000000106,ABC0106,Adventure,2012,16865.00,Van,Mitsubishi
107,306,VIN00000000000107,ABC0107,Corolla,2017,16978.00,Hatchback,Toyota
108,307,VIN00000000000108,ABC0108,Tucson,2015,17091.00,Crossover,Hyundai
109,308,VIN00000000000109,ABC0109,Strada,2000,17204.00,Sedan,Mitsubishi
110,309,VIN00000000000110,ABC0110,L300,2000,17317.00,SUV,Mitsubishi
111,310,VIN00000000000111,ABC0111,NV350 Urvan,2019,17430.00,Pickup,Nissan
112,311,VIN00000000000112,ABC0112,Corolla Altis,2018,17543.00,Van,Toyota
113,312,VIN00000000000113,ABC0113,Celerio,1999,17656.00,Hatchback,Suzuki
114,313,VIN00000000000114,ABC0114,Wigo,2020,17769.00,Crossover,Toyota
115,314,VIN00000000000115,ABC0115,Vois,2011,17882.00,Sedan,Toyota
116,315,VIN00000000000116,ABC0116,Adventure,2010,17995.00,SUV,Mitsubishi
117,316,VIN00000000000117,ABC0117,Fc,2009,18108.00,Pickup,Honda
118,317,VIN00000000000118,ABC0118,Vios,2012,18221.00,Van,Toyota
119,318,VIN00000000000119,ABC0119,Mirage,1997,18334.00,Hatchback,Mitsubishi
120,319,VIN00000000000120,ABC0120,Montero,2018,18447.00,Crossover,Mitsubishi
121,320,VIN00000000000121,ABC0121,Pajero,2017,18560.00,Sedan,Mitsubishi
122,321,VIN00000000000122,ABC0122,Civic,2002,18673.00,SUV,Honda
123,322,VIN00000000000123,ABC0123,Wigo,2005,18786.00,Pickup,Toyota
124,323,VIN00000000000124,ABC0124,NV350 Urvan,2010,18899.00,Van,Nissan
125,324,VIN00000000000125,ABC0125,Hilux,2020,19012.00,Hatchback,Toyota
126,325,VIN00000000000126,ABC0126,Starex,2006,19125.00,Crossover,Hyundai
127,326,VIN00000000000127,ABC0127,Fortuner,1999,19238.00,Sedan,Toyota
128,327,VIN00000000000128,ABC0128,Innova,2001,19351.00,SUV,Toyota
129,328,VIN00000000000129,ABC0129,I100,2010,19464.00,Pickup,Hyundai
130,329,VIN00000000000130,ABC0130,Corolla Altis,1998,19577.00,Van,Toyota
131,330,VIN00000000000131,ABC0131,Vois,1997,19690.00,Hatchback,Toyota
132,331,VIN00000000000132,ABC0132,Corolla Altis,2021,19803.00,Crossover,Toyota
133,332,VIN00000000000133,ABC0133,Wigo,2003,19916.00,Sedan,Toyota
134,333,VIN00000000000134,ABC0134,Crv,2023,20029.00,SUV,Honda
135,334,VIN00000000000135,ABC0135,Corolla Altis,2004,20142.00,Pickup,Toyota
136,335,VIN00000000000136,ABC0136,Vois,2009,20255.00,Van,Toyota
137,336,VIN00000000000137,ABC0137,Hilux,2000,20368.00,Hatchback,Toyota
138,337,VIN00000000000138,ABC0138,Porter,2025,20481.00,Crossover,Hyundai
139,338,VIN00000000000139,ABC0139,Altis,2002,20594.00,Sedan,Toyota
140,339,VIN00000000000140,ABC0140,Rush,2023,20707.00,SUV,Toyota
141,340,VIN00000000000141,ABC0141,Mirage G4,2001,20820.00,Pickup,Mitsubishi
142,341,VIN00000000000142,ABC0142,Dmax,1999,20933.00,Van,Isuzu
143,342,VIN00000000000143,ABC0143,Adventure,1997,21046.00,Hatchback,Mitsubishi
144,343,VIN00000000000144,ABC0144,Starex,2007,21159.00,Crossover,Hyundai
145,344,VIN00000000000145,ABC0145,Xpander,2017,21272.00,Sedan,Mitsubishi
146,345,VIN00000000000146,ABC0146,Altis,2006,21385.00,SUV,Toyota
147,346,VIN00000000000147,ABC0147,Grand Starex,2005,21498.00,Pickup,Hyundai
148,347,VIN00000000000148,ABC0148,Starex,2005,21611.00,Van,Hyundai
149,348,VIN00000000000149,ABC0149,Civic,2025,21724.00,Hatchback,Honda
150,349,VIN00000000000150,ABC0150,CR-V,2005,21837.00,Crossover,Honda
151,350,VIN00000000000151,ABC0151,Hilux,2010,21950.00,Sedan,Toyota
152,351,VIN00000000000152,ABC0152,Hiace,2003,22063.00,SUV,Toyota
153,352,VIN00000000000153,ABC0153,Brio,2023,22176.00,Pickup,Honda
154,353,VIN00000000000154,ABC0154,Wigo,2014,22289.00,Van,Toyota
155,354,VIN00000000000155,ABC0155,Altis,1999,22402.00,Hatchback,Toyota
156,355,VIN00000000000156,ABC0156,Corolla,2008,22515.00,Crossover,Toyota
157,356,VIN00000000000157,ABC0157,Vios,2008,22628.00,Sedan,Toyota
158,357,VIN00000000000158,ABC0158,Mirage G4,2003,22741.00,SUV,Mitsubishi
159,358,VIN00000000000159,ABC0159,Rush,2007,22854.00,Pickup,Toyota
160,359,VIN00000000000160,ABC0160,Rush,2024,22967.00,Van,Toyota
161,360,VIN00000000000161,ABC0161,Avanza,2019,23080.00,Hatchback,Toyota
162,361,VIN00000000000162,ABC0162,CR-V,2017,23193.00,Crossover,Honda
163,362,VIN00000000000163,ABC0163,Brio,2013,23306.00,Sedan,Honda
164,363,VIN00000000000164,ABC0164,Montero,2001,23419.00,SUV,Mitsubishi
165,364,VIN00000000000165,ABC0165,Strada,2010,23532.00,Pickup,Mitsubishi
166,365,VIN00000000000166,ABC0166,Mux,2002,23645.00,Van,Isuzu
167,366,VIN00000000000167,ABC0167,City,2011,23758.00,Hatchback,Honda
168,367,VIN00000000000168,ABC0168,Patrol,2025,23871.00,Crossover,Nissan
169,368,VIN00000000000169,ABC0169,H100,2016,23984.00,Sedan,Hyundai
170,369,VIN00000000000170,ABC0170,Montero,2006,24097.00,SUV,Mitsubishi
171,370,VIN00000000000171,ABC0171,Rush,2025,24210.00,Pickup,Toyota
172,371,VIN00000000000172,ABC0172,Rush,2024,24323.00,Van,Toyota
173,372,VIN00000000000173,ABC0173,Vois,2017,24436.00,Hatchback,Toyota
174,373,VIN00000000000174,ABC0174,BR-V,2024,24549.00,Crossover,Honda
175,374,VIN00000000000175,ABC0175,mu-X,2001,24662.00,Sedan,Isuzu
176,375,VIN00000000000176,ABC0176,H100,2001,24775.00,SUV,Hyundai
177,376,VIN00000000000177,ABC0177,L300,2002,24888.00,Pickup,Mitsubishi
178,377,VIN00000000000178,ABC0178,Altis,2018,25001.00,Van,Toyota
179,378,VIN00000000000179,ABC0179,Swift,2009,25114.00,Hatchback,Suzuki
180,379,VIN00000000000180,ABC0180,Jimny,2019,25227.00,Crossover,Suzuki
181,380,VIN00000000000181,ABC0181,Xtrail,2014,25340.00,Sedan,Nissan
182,381,VIN00000000000182,ABC0182,Altis,2006,25453.00,SUV,Toyota
183,382,VIN00000000000183,ABC0183,Wigo,2014,25566.00,Pickup,Toyota
184,383,VIN00000000000184,ABC0184,Hi-Ace,2009,25679.00,Van,Toyota
185,384,VIN00000000000185,ABC0185,Wigo,2018,25792.00,Hatchback,Toyota
186,385,VIN00000000000186,ABC0186,Vois,2007,25905.00,Crossover,Toyota
187,386,VIN00000000000187,ABC0187,L200,2017,26018.00,Sedan,Mitsubishi
188,387,VIN00000000000188,ABC0188,Santa Fe,2008,26131.00,SUV,Hyundai
189,388,VIN00000000000189,ABC0189,Adventure,2013,26244.00,Pickup,Mitsubishi
190,389,VIN00000000000190,ABC0190,Grand Starex,2007,26357.00,Van,Hyundai
191,390,VIN00000000000191,ABC0191,Hiace,2004,26470.00,Hatchback,Toyota
192,391,VIN00000000000192,ABC0192,Innova,2023,26583.00,Crossover,Toyota
193,392,VIN00000000000193,ABC0193,Jazz,2021,26696.00,Sedan,Honda
194,393,VIN00000000000194,ABC0194,Hi-Ace,2007,26809.00,SUV,Toyota
195,394,VIN00000000000195,ABC0195,Jimny,2010,26922.00,Pickup,Suzuki
196,395,VIN00000000000196,ABC0196,I100,2003,27035.00,Van,Hyundai
197,396,VIN00000000000197,ABC0197,Armada,1997,27148.00,Hatchback,Nissan
198,397,VIN00000000000198,ABC0198,Vois,2010,27261.00,Crossover,Toyota
199,398,VIN00000000000199,ABC0199,Corolla Altis,2020,27374.00,Sedan,Toyota
200,399,VIN00000000000200,ABC0200,H100,2022,27487.00,SUV,Hyundai
201,400,VIN00000000000201,ABC0201,Hilux,2016,27600.00,Pickup,Toyota
202,401,VIN00000000000202,ABC0202,Montero,2017,27713.00,Van,Mitsubishi
203,402,VIN00000000000203,ABC0203,Montero Sport,2014,27826.00,Hatchback,Mitsubishi
204,403,VIN00000000000204,ABC0204,Avanza,2020,27939.00,Crossover,Toyota
205,404,VIN00000000000205,ABC0205,Vios,1998,28052.00,Sedan,Toyota
206,405,VIN00000000000206,ABC0206,Vios,2001,28165.00,SUV,Toyota
207,406,VIN00000000000207,ABC0207,Innova,2007,28278.00,Pickup,Toyota
208,407,VIN00000000000208,ABC0208,Almera,2002,28391.00,Van,Nissan
209,408,VIN00000000000209,ABC0209,Vois,2005,28504.00,Hatchback,Toyota
210,409,VIN00000000000210,ABC0210,Ecosport,2017,28617.00,Crossover,Ford
211,410,VIN00000000000211,ABC0211,Wigo,1999,28730.00,Sedan,Toyota
212,411,VIN00000000000212,ABC0212,Corolla,2010,28843.00,SUV,Toyota
213,412,VIN00000000000213,ABC0213,Seltos,2023,28956.00,Pickup,Kia
214,413,VIN00000000000214,ABC0214,Tucson,2012,29069.00,Van,Hyundai
215,414,VIN00000000000215,ABC0215,Accent,1999,29182.00,Hatchback,Hyundai
216,415,VIN00000000000216,ABC0216,Vios,2009,29295.00,Crossover,Toyota
217,416,VIN00000000000217,ABC0217,Fortuner,2006,29408.00,Sedan,Toyota
218,417,VIN00000000000218,ABC0218,Hiace,2005,29521.00,SUV,Toyota
219,418,VIN00000000000219,ABC0219,Vois,2006,29634.00,Pickup,Toyota
220,419,VIN00000000000220,ABC0220,Corolla,2008,29747.00,Van,Toyota
221,420,VIN00000000000221,ABC0221,L200,2021,29860.00,Hatchback,Mitsubishi
222,421,VIN00000000000222,ABC0222,Corolla Altis,2001,29973.00,Crossover,Toyota
223,422,VIN00000000000223,ABC0223,Rush,1997,30086.00,Sedan,Toyota
224,423,VIN00000000000224,ABC0224,Mirage G4,2004,30199.00,SUV,Mitsubishi
225,424,VIN00000000000225,ABC0225,Mirage G4,1997,30312.00,Pickup,Mitsubishi
226,425,VIN00000000000226,ABC0226,Vois,2016,30425.00,Van,Toyota
227,426,VIN00000000000227,ABC0227,Crv Gen 02,2008,30538.00,Hatchback,Honda
228,427,VIN00000000000228,ABC0228,Jazz,2015,30651.00,Crossover,Honda
229,428,VIN00000000000229,ABC0229,Mirage,2008,30764.00,Sedan,Mitsubishi
230,429,VIN00000000000230,ABC0230,Fortuner,2008,30877.00,SUV,Toyota
231,430,VIN00000000000231,ABC0231,Starex,2025,30990.00,Pickup,Hyundai
232,431,VIN00000000000232,ABC0232,H100,2012,31103.00,Van,Hyundai
233,432,VIN00000000000233,ABC0233,Fortuner,2003,31216.00,Hatchback,Toyota
234,433,VIN00000000000234,ABC0234,Wigo,2008,31329.00,Crossover,Toyota
235,434,VIN00000000000235,ABC0235,Santa Fe,2016,31442.00,Sedan,Hyundai
236,435,VIN00000000000236,ABC0236,Avanza,2000,31555.00,SUV,Toyota
237,436,VIN00000000000237,ABC0237,Montero Sport,2008,31668.00,Pickup,Mitsubishi
238,437,VIN00000000000238,ABC0238,Escape,2014,31781.00,Van,Ford
239,438,VIN00000000000239,ABC0239,Hiace,2001,31894.00,Hatchback,Toyota
240,439,VIN00000000000240,ABC0240,Avanza,2002,32007.00,Crossover,Toyota
241,440,VIN00000000000241,ABC0241,Mirage,2021,32120.00,Sedan,Mitsubishi
242,441,VIN00000000000242,ABC0242,Tucson,2025,32233.00,SUV,Hyundai
243,442,VIN00000000000243,ABC0243,Mirage,2020,32346.00,Pickup,Mitsubishi
244,443,VIN00000000000244,ABC0244,Innova,2008,32459.00,Van,Toyota
245,444,VIN00000000000245,ABC0245,Wigo,2018,32572.00,Hatchback,Toyota
246,445,VIN00000000000246,ABC0246,Fc,2009,32685.00,Crossover,Honda
247,446,VIN00000000000247,ABC0247,CR-V,2017,32798.00,Sedan,Honda
248,447,VIN00000000000248,ABC0248,Brio,2013,32911.00,SUV,Honda
249,448,VIN00000000000249,ABC0249,Patrol,2007,33024.00,Pickup,Nissan
250,449,VIN00000000000250,ABC0250,Corolla Altis,2001,33137.00,Van,Toyota
251,450,VIN00000000000251,ABC0251,Armada,2024,33250.00,Hatchback,Nissan
252,451,VIN00000000000252,ABC0252,Avanza,2000,33363.00,Crossover,Toyota
253,452,VIN00000000000253,ABC0253,Innova,2020,33476.00,Sedan,Toyota
254,453,VIN00000000000254,ABC0254,Civic,2020,33589.00,SUV,Honda
255,454,VIN00000000000255,ABC0255,Wigo,2007,33702.00,Pickup,Toyota
256,455,VIN00000000000256,ABC0256,Fortuner,1997,33815.00,Van,Toyota
257,456,VIN00000000000257,ABC0257,CR-V,2008,33928.00,Hatchback,Honda
258,457,VIN00000000000258,ABC0258,Santa Fe,2011,34041.00,Crossover,Hyundai
259,458,VIN00000000000259,ABC0259,Rush,2025,34154.00,Sedan,Toyota
260,459,VIN00000000000260,ABC0260,Mirage G4,2022,34267.00,SUV,Mitsubishi
261,460,VIN00000000000261,ABC0261,Hilux,1997,34380.00,Pickup,Toyota
262,461,VIN00000000000262,ABC0262,Altis,2015,34493.00,Van,Toyota
263,462,VIN00000000000263,ABC0263,Corolla,2001,34606.00,Hatchback,Toyota
264,463,VIN00000000000264,ABC0264,H100,2017,34719.00,Crossover,Hyundai
265,464,VIN00000000000265,ABC0265,Corolla,2014,34832.00,Sedan,Toyota
266,465,VIN00000000000266,ABC0266,mu-X,2002,34945.00,SUV,Isuzu
267,466,VIN00000000000267,ABC0267,Starex,2002,35058.00,Pickup,Hyundai
268,467,VIN00000000000268,ABC0268,Hiace,2002,35171.00,Van,Toyota
269,468,VIN00000000000269,ABC0269,Fortuner,2007,35284.00,Hatchback,Toyota
270,469,VIN00000000000270,ABC0270,L300,2017,35397.00,Crossover,Mitsubishi
271,470,VIN00000000000271,ABC0271,Tucson,2005,35510.00,Sedan,Hyundai
272,471,VIN00000000000272,ABC0272,Wigo,2013,35623.00,SUV,Toyota
273,472,VIN00000000000273,ABC0273,Tucson,2015,35736.00,Pickup,Hyundai
274,473,VIN00000000000274,ABC0274,H100,2006,35849.00,Van,Hyundai
275,474,VIN00000000000275,ABC0275,Montero Sport,2025,35962.00,Hatchback,Mitsubishi
276,475,VIN00000000000276,ABC0276,Hilux,2005,36075.00,Crossover,Toyota
277,476,VIN00000000000277,ABC0277,Hilux,2024,36188.00,Sedan,Toyota
278,477,VIN00000000000278,ABC0278,Soluto,2017,36301.00,SUV,Kia
279,478,VIN00000000000279,ABC0279,Montero,2002,36414.00,Pickup,Mitsubishi
280,479,VIN00000000000280,ABC0280,I100,2019,36527.00,Van,Hyundai
281,480,VIN00000000000281,ABC0281,Tucson,1997,36640.00,Hatchback,Hyundai
282,481,VIN00000000000282,ABC0282,K2700,2008,36753.00,Crossover,Kia
283,482,VIN00000000000283,ABC0283,Rush,2007,36866.00,Sedan,Toyota
284,483,VIN00000000000284,ABC0284,Innova,2007,36979.00,SUV,Toyota
285,484,VIN00000000000285,ABC0285,Avanza,1997,37092.00,Pickup,Toyota
286,485,VIN00000000000286,ABC0286,Mirage,2007,37205.00,Van,Mitsubishi
287,486,VIN00000000000287,ABC0287,Hiace,2007,37318.00,Hatchback,Toyota
288,487,VIN00000000000288,ABC0288,Pajero,2012,37431.00,Crossover,Mitsubishi
289,488,VIN00000000000289,ABC0289,Adventure,2003,37544.00,Sedan,Mitsubishi
290,489,VIN00000000000290,ABC0290,Fortuner,2023,37657.00,SUV,Toyota
291,490,VIN00000000000291,ABC0291,Hi-Ace,2002,37770.00,Pickup,Toyota
292,491,VIN00000000000292,ABC0292,Elf,2002,37883.00,Van,Isuzu
293,492,VIN00000000000293,ABC0293,Fortuner,2004,37996.00,Hatchback,Toyota
294,493,VIN00000000000294,ABC0294,Corolla,2021,38109.00,Crossover,Toyota
295,494,VIN00000000000295,ABC0295,CR-V,1999,38222.00,Sedan,Honda
296,495,VIN00000000000296,ABC0296,Hiace,2019,38335.00,SUV,Toyota
297,496,VIN00000000000297,ABC0297,Civic,1999,38448.00,Pickup,Honda
298,497,VIN00000000000298,ABC0298,I100,2018,38561.00,Van,Hyundai
299,498,VIN00000000000299,ABC0299,Montero Sport,2005,38674.00,Hatchback,Mitsubishi
300,499,VIN00000000000300,ABC0300,Grand Starex,2004,38787.00,Crossover,Hyundai
301,500,VIN00000000000301,ABC0301,L200,2025,38900.00,Sedan,Mitsubishi
302,501,VIN00000000000302,ABC0302,Pajero,2025,39013.00,SUV,Mitsubishi
303,502,VIN00000000000303,ABC0303,Mirage G4,2023,39126.00,Pickup,Mitsubishi
304,503,VIN00000000000304,ABC0304,Mirage,2021,39239.00,Van,Mitsubishi
305,504,VIN00000000000305,ABC0305,H100,2005,39352.00,Hatchback,Hyundai
306,505,VIN00000000000306,ABC0306,Wigo,2005,39465.00,Crossover,Toyota
307,506,VIN00000000000307,ABC0307,Accent,1998,39578.00,Sedan,Hyundai
308,507,VIN00000000000308,ABC0308,Soluto,2003,39691.00,SUV,Kia
309,508,VIN00000000000309,ABC0309,Grand Starex,2001,39804.00,Pickup,Hyundai
310,509,VIN00000000000310,ABC0310,Xtrail,2018,39917.00,Van,Nissan
311,510,VIN00000000000311,ABC0311,Hiace,2005,40030.00,Hatchback,Toyota
312,511,VIN00000000000312,ABC0312,Brio,2013,40143.00,Crossover,Honda
313,512,VIN00000000000313,ABC0313,Hiace,2002,40256.00,Sedan,Toyota
314,513,VIN00000000000314,ABC0314,Fortuner,2025,40369.00,SUV,Toyota
315,514,VIN00000000000315,ABC0315,Hilux,2014,40482.00,Pickup,Toyota
316,515,VIN00000000000316,ABC0316,Starex,2001,40595.00,Van,Hyundai
317,516,VIN00000000000317,ABC0317,Corolla Altis,2022,40708.00,Hatchback,Toyota
318,517,VIN00000000000318,ABC0318,Vios,2019,40821.00,Crossover,Toyota
319,518,VIN00000000000319,ABC0319,Fortuner,2006,40934.00,Sedan,Toyota
320,519,VIN00000000000320,ABC0320,Avanza,2007,41047.00,SUV,Toyota
321,520,VIN00000000000321,ABC0321,Corolla Altis,2022,41160.00,Pickup,Toyota
322,521,VIN00000000000322,ABC0322,Corolla Altis,2010,41273.00,Van,Toyota
323,522,VIN00000000000323,ABC0323,Soluto,2018,41386.00,Hatchback,Kia
324,523,VIN00000000000324,ABC0324,Corolla Altis,2021,41499.00,Crossover,Toyota
325,524,VIN00000000000325,ABC0325,Pajero,2014,41612.00,Sedan,Mitsubishi
326,525,VIN00000000000326,ABC0326,Brio,2010,41725.00,SUV,Honda
327,526,VIN00000000000327,ABC0327,Dmax,2002,41838.00,Pickup,Isuzu
328,527,VIN00000000000328,ABC0328,City,2002,41951.00,Van,Honda
329,528,VIN00000000000329,ABC0329,Xpander,2020,42064.00,Hatchback,Mitsubishi
330,529,VIN00000000000330,ABC0330,L300,2022,42177.00,Crossover,Mitsubishi
331,530,VIN00000000000331,ABC0331,Tucson,1997,42290.00,Sedan,Hyundai
332,531,VIN00000000000332,ABC0332,Strada,2006,42403.00,SUV,Mitsubishi
333,532,VIN00000000000333,ABC0333,Santa Fe,2010,42516.00,Pickup,Hyundai
334,533,VIN00000000000334,ABC0334,Vois,2015,42629.00,Van,Toyota
335,534,VIN00000000000335,ABC0335,Porter,2003,42742.00,Hatchback,Hyundai
336,535,VIN00000000000336,ABC0336,Fortuner,2011,42855.00,Crossover,Toyota
337,536,VIN00000000000337,ABC0337,Vios,2004,42968.00,Sedan,Toyota
338,537,VIN00000000000338,ABC0338,Almera,2012,43081.00,SUV,Nissan
339,538,VIN00000000000339,ABC0339,Montero Sport,2025,43194.00,Pickup,Mitsubishi
340,539,VIN00000000000340,ABC0340,Wigo,2000,43307.00,Van,Toyota
341,540,VIN00000000000341,ABC0341,Vios,2010,43420.00,Hatchback,Toyota
342,541,VIN00000000000342,ABC0342,Fortuner,2020,43533.00,Crossover,Toyota
343,542,VIN00000000000343,ABC0343,Strada,2025,43646.00,Sedan,Mitsubishi
344,543,VIN00000000000344,ABC0344,Avanza,2024,43759.00,SUV,Toyota
345,544,VIN00000000000345,ABC0345,Altis,1999,43872.00,Pickup,Toyota
346,545,VIN00000000000346,ABC0346,Altis,2022,43985.00,Van,Toyota
347,546,VIN00000000000347,ABC0347,Pajero,2024,44098.00,Hatchback,Mitsubishi
348,547,VIN00000000000348,ABC0348,Avanza,2021,44211.00,Crossover,Toyota
349,548,VIN00000000000349,ABC0349,Vios,2008,44324.00,Sedan,Toyota
350,549,VIN00000000000350,ABC0350,Grand Starex,2013,44437.00,SUV,Hyundai
351,550,VIN00000000000351,ABC0351,Xtrail,1997,44550.00,Pickup,Nissan
352,551,VIN00000000000352,ABC0352,Avanza,2004,44663.00,Van,Toyota
353,552,VIN00000000000353,ABC0353,Dzire,2010,44776.00,Hatchback,Suzuki
354,553,VIN00000000000354,ABC0354,Porter,2016,44889.00,Crossover,Hyundai
355,554,VIN00000000000355,ABC0355,Avanza,2006,45002.00,Sedan,Toyota
356,555,VIN00000000000356,ABC0356,Ertiga,2001,45115.00,SUV,Suzuki
357,556,VIN00000000000357,ABC0357,Wigo,1997,45228.00,Pickup,Toyota
358,557,VIN00000000000358,ABC0358,Rush,2024,45341.00,Van,Toyota
359,558,VIN00000000000359,ABC0359,Montero,2005,45454.00,Hatchback,Mitsubishi
360,559,VIN00000000000360,ABC0360,Cx9,2023,45567.00,Crossover,Mazda
361,560,VIN00000000000361,ABC0361,Hiace,2021,45680.00,Sedan,Toyota
362,561,VIN00000000000362,ABC0362,Altis,2007,45793.00,SUV,Toyota
363,562,VIN00000000000363,ABC0363,Hi-Ace,1998,45906.00,Pickup,Toyota
364,563,VIN00000000000364,ABC0364,Vios,2025,46019.00,Van,Toyota
365,564,VIN00000000000365,ABC0365,Brio,2020,46132.00,Hatchback,Honda
366,565,VIN00000000000366,ABC0366,Mazda 3,1997,46245.00,Crossover,Mazda
367,566,VIN00000000000367,ABC0367,Strada,2006,46358.00,Sedan,Mitsubishi
368,567,VIN00000000000368,ABC0368,Brio,2014,46471.00,SUV,Honda
369,568,VIN00000000000369,ABC0369,Strada,2001,46584.00,Pickup,Mitsubishi
370,569,VIN00000000000370,ABC0370,Mazda 2,2020,46697.00,Van,Mazda
371,570,VIN00000000000371,ABC0371,Pajero,2022,46810.00,Hatchback,Mitsubishi
372,571,VIN00000000000372,ABC0372,Sorento,2009,46923.00,Crossover,Kia
373,572,VIN00000000000373,ABC0373,Innova,2003,47036.00,Sedan,Toyota
374,573,VIN00000000000374,ABC0374,Hi-Ace,2025,47149.00,SUV,Toyota
375,574,VIN00000000000375,ABC0375,Xpander,2020,47262.00,Pickup,Mitsubishi
376,575,VIN00000000000376,ABC0376,BR-V,2014,47375.00,Van,Honda
377,576,VIN00000000000377,ABC0377,Innova,2025,47488.00,Hatchback,Toyota
378,577,VIN00000000000378,ABC0378,Montero Sport,2001,47601.00,Crossover,Mitsubishi
379,578,VIN00000000000379,ABC0379,Fc,2003,47714.00,Sedan,Honda
380,579,VIN00000000000380,ABC0380,Corolla,2012,47827.00,SUV,Toyota
381,580,VIN00000000000381,ABC0381,Xpander,2002,47940.00,Pickup,Mitsubishi
382,581,VIN00000000000382,ABC0382,Hiace,2006,48053.00,Van,Toyota
383,582,VIN00000000000383,ABC0383,Jimny,2004,48166.00,Hatchback,Suzuki
384,583,VIN00000000000384,ABC0384,Mirage,2004,48279.00,Crossover,Mitsubishi
385,584,VIN00000000000385,ABC0385,Avanza,2003,48392.00,Sedan,Toyota
386,585,VIN00000000000386,ABC0386,Porter,1998,48505.00,SUV,Hyundai
387,586,VIN00000000000387,ABC0387,Mirage,2021,48618.00,Pickup,Mitsubishi
388,587,VIN00000000000388,ABC0388,mu-X,2001,48731.00,Van,Isuzu
389,588,VIN00000000000389,ABC0389,Altis,2012,48844.00,Hatchback,Toyota
390,589,VIN00000000000390,ABC0390,H100,1998,48957.00,Crossover,Hyundai
391,590,VIN00000000000391,ABC0391,Rush,2013,49070.00,Sedan,Toyota
392,591,VIN00000000000392,ABC0392,Fortuner,1998,49183.00,SUV,Toyota
393,592,VIN00000000000393,ABC0393,Crv,2016,49296.00,Pickup,Honda
394,593,VIN00000000000394,ABC0394,Montero Sport,2000,49409.00,Van,Mitsubishi
395,594,VIN00000000000395,ABC0395,Pajero,2000,49522.00,Hatchback,Mitsubishi
396,595,VIN00000000000396,ABC0396,Cx7,1997,49635.00,Crossover,Mazda
397,596,VIN00000000000397,ABC0397,Xpander,2011,49748.00,Sedan,Mitsubishi
398,597,VIN00000000000398,ABC0398,Elf,2013,49861.00,SUV,Isuzu
399,598,VIN00000000000399,ABC0399,CR-V,2014,49974.00,Pickup,Honda
400,599,VIN00000000000400,ABC0400,Terra,2002,50087.00,Van,Nissan
401,600,VIN00000000000401,ABC0401,Jazz,2014,50200.00,Hatchback,Honda
402,601,VIN00000000000402,ABC0402,Porter,2023,50313.00,Crossover,Hyundai
403,602,VIN00000000000403,ABC0403,Hi-Ace,2010,50426.00,Sedan,Toyota
404,603,VIN00000000000404,ABC0404,Avanza,2014,50539.00,SUV,Toyota
405,604,VIN00000000000405,ABC0405,Hiace,2025,50652.00,Pickup,Toyota
406,605,VIN00000000000406,ABC0406,Traviz,2016,50765.00,Van,Isuzu
407,606,VIN00000000000407,ABC0407,Hiace,2022,50878.00,Hatchback,Toyota
408,607,VIN00000000000408,ABC0408,Vios,2002,50991.00,Crossover,Toyota
409,608,VIN00000000000409,ABC0409,Mazda 2,2022,51104.00,Sedan,Mazda
410,609,VIN00000000000410,ABC0410,Hilux,2019,51217.00,SUV,Toyota
411,610,VIN00000000000411,ABC0411,Terra,2021,51330.00,Pickup,Nissan
412,611,VIN00000000000412,ABC0412,Rush,2004,51443.00,Van,Toyota
413,612,VIN00000000000413,ABC0413,Adventure,2019,51556.00,Hatchback,Mitsubishi
414,613,VIN00000000000414,ABC0414,Corolla,2012,51669.00,Crossover,Toyota
415,614,VIN00000000000415,ABC0415,Altis,2025,51782.00,Sedan,Toyota
416,615,VIN00000000000416,ABC0416,Crv,2008,51895.00,SUV,Honda
417,616,VIN00000000000417,ABC0417,Porter,1997,52008.00,Pickup,Hyundai
418,617,VIN00000000000418,ABC0418,Corolla Altis,2014,52121.00,Van,Toyota
419,618,VIN00000000000419,ABC0419,Adventure,1997,52234.00,Hatchback,Mitsubishi
420,619,VIN00000000000420,ABC0420,City,2007,52347.00,Crossover,Honda
421,620,VIN00000000000421,ABC0421,Innova,2022,52460.00,Sedan,Toyota
422,621,VIN00000000000422,ABC0422,Dzire,2002,52573.00,SUV,Suzuki
423,622,VIN00000000000423,ABC0423,Cx9,2009,52686.00,Pickup,Mazda
424,623,VIN00000000000424,ABC0424,Hiace,2015,52799.00,Van,Toyota
425,624,VIN00000000000425,ABC0425,Porter,2012,52912.00,Hatchback,Hyundai
426,625,VIN00000000000426,ABC0426,Mirage G4,2024,53025.00,Crossover,Mitsubishi
427,626,VIN00000000000427,ABC0427,Corolla Altis,2005,53138.00,Sedan,Toyota
428,627,VIN00000000000428,ABC0428,Corolla,2022,53251.00,SUV,Toyota
429,628,VIN00000000000429,ABC0429,K2700,2002,53364.00,Pickup,Kia
430,629,VIN00000000000430,ABC0430,Adventure,2019,53477.00,Van,Mitsubishi
431,630,VIN00000000000431,ABC0431,H100,1999,53590.00,Hatchback,Hyundai
432,631,VIN00000000000432,ABC0432,Hi-Ace,2010,53703.00,Crossover,Toyota
433,632,VIN00000000000433,ABC0433,Rush,2024,53816.00,Sedan,Toyota
434,633,VIN00000000000434,ABC0434,Accent,2015,53929.00,SUV,Hyundai
435,634,VIN00000000000435,ABC0435,Brio,2011,54042.00,Pickup,Honda
436,635,VIN00000000000436,ABC0436,Altis,2004,54155.00,Van,Toyota
437,636,VIN00000000000437,ABC0437,Adventure,2015,54268.00,Hatchback,Mitsubishi
438,637,VIN00000000000438,ABC0438,Picanto,2024,54381.00,Crossover,Kia
439,638,VIN00000000000439,ABC0439,Picanto,2015,54494.00,Sedan,Kia
440,639,VIN00000000000440,ABC0440,Fortuner,1997,54607.00,SUV,Toyota
441,640,VIN00000000000441,ABC0441,Wigo,2014,54720.00,Pickup,Toyota
442,641,VIN00000000000442,ABC0442,Hiace,2001,54833.00,Van,Toyota
443,642,VIN00000000000443,ABC0443,Picanto,2003,54946.00,Hatchback,Kia
444,643,VIN00000000000444,ABC0444,Wigo,1999,5059.00,Crossover,Toyota
445,644,VIN00000000000445,ABC0445,Terra,2019,5172.00,Sedan,Nissan
446,645,VIN00000000000446,ABC0446,Fortuner,2025,5285.00,SUV,Toyota
447,646,VIN00000000000447,ABC0447,Vios,2023,5398.00,Pickup,Toyota
448,647,VIN00000000000448,ABC0448,Fc,2001,5511.00,Van,Honda
449,648,VIN00000000000449,ABC0449,Fc,2004,5624.00,Hatchback,Honda
450,649,VIN00000000000450,ABC0450,Avanza,2002,5737.00,Crossover,Toyota
451,650,VIN00000000000451,ABC0451,Wigo,2017,5850.00,Sedan,Toyota
452,651,VIN00000000000452,ABC0452,Altis,2004,5963.00,SUV,Toyota
453,652,VIN00000000000453,ABC0453,Carnival,2014,6076.00,Pickup,Kia
454,653,VIN00000000000454,ABC0454,Xpander,2001,6189.00,Van,Mitsubishi
455,654,VIN00000000000455,ABC0455,Corolla Altis,2018,6302.00,Hatchback,Toyota
456,655,VIN00000000000456,ABC0456,Civic,2008,6415.00,Crossover,Honda
457,656,VIN00000000000457,ABC0457,Hi-Ace,2024,6528.00,Sedan,Toyota
458,657,VIN00000000000458,ABC0458,Rush,1997,6641.00,SUV,Toyota
459,658,VIN00000000000459,ABC0459,Elf,1997,6754.00,Pickup,Isuzu
460,659,VIN00000000000460,ABC0460,Fortuner,2012,6867.00,Van,Toyota
461,660,VIN00000000000461,ABC0461,Jazz,2013,6980.00,Hatchback,Honda
462,661,VIN00000000000462,ABC0462,Innova,2013,7093.00,Crossover,Toyota
463,662,VIN00000000000463,ABC0463,Altis,2000,7206.00,Sedan,Toyota
464,663,VIN00000000000464,ABC0464,CR-V,1999,7319.00,SUV,Honda
465,664,VIN00000000000465,ABC0465,Mirage G4,2022,7432.00,Pickup,Mitsubishi
466,665,VIN00000000000466,ABC0466,Avanza,2010,7545.00,Van,Toyota
467,666,VIN00000000000467,ABC0467,Navara,2011,7658.00,Hatchback,Nissan
468,667,VIN00000000000468,ABC0468,Innova,2004,7771.00,Crossover,Toyota
469,668,VIN00000000000469,ABC0469,Grand Starex,2002,7884.00,Sedan,Hyundai
470,669,VIN00000000000470,ABC0470,Rush,2023,7997.00,SUV,Toyota
471,670,VIN00000000000471,ABC0471,Hilux,2020,8110.00,Pickup,Toyota
472,671,VIN00000000000472,ABC0472,Jazz,2019,8223.00,Van,Honda
473,672,VIN00000000000473,ABC0473,Corolla Altis,2002,8336.00,Hatchback,Toyota
474,673,VIN00000000000474,ABC0474,Vois,2009,8449.00,Crossover,Toyota
475,674,VIN00000000000475,ABC0475,Almera,2014,8562.00,Sedan,Nissan
476,675,VIN00000000000476,ABC0476,Fortuner,2011,8675.00,SUV,Toyota
477,676,VIN00000000000477,ABC0477,Civic,2002,8788.00,Pickup,Honda
478,677,VIN00000000000478,ABC0478,Mirage G4,2006,8901.00,Van,Mitsubishi
479,678,VIN00000000000479,ABC0479,Wigo,1999,9014.00,Hatchback,Toyota
480,679,VIN00000000000480,ABC0480,Hiace,2010,9127.00,Crossover,Toyota
481,680,VIN00000000000481,ABC0481,Wigo,2002,9240.00,Sedan,Toyota
482,681,VIN00000000000482,ABC0482,Vios,2004,9353.00,SUV,Toyota
483,682,VIN00000000000483,ABC0483,Rush,2017,9466.00,Pickup,Toyota
484,683,VIN00000000000484,ABC0484,Fc,2019,9579.00,Van,Honda
485,684,VIN00000000000485,ABC0485,Pajero,1999,9692.00,Hatchback,Mitsubishi
486,685,VIN00000000000486,ABC0486,Hi-Ace,2002,9805.00,Crossover,Toyota
487,686,VIN00000000000487,ABC0487,Xtrail,2007,9918.00,Sedan,Nissan
488,687,VIN00000000000488,ABC0488,Corolla,2009,10031.00,SUV,Toyota
489,688,VIN00000000000489,ABC0489,L300,2009,10144.00,Pickup,Mitsubishi
490,689,VIN00000000000490,ABC0490,Pajero,2011,10257.00,Van,Mitsubishi
491,690,VIN00000000000491,ABC0491,Crv Gen 02,1997,10370.00,Hatchback,Honda
492,691,VIN00000000000492,ABC0492,Hilux,2007,10483.00,Crossover,Toyota
493,692,VIN00000000000493,ABC0493,Rush,2015,10596.00,Sedan,Toyota
494,693,VIN00000000000494,ABC0494,Mirage,2022,10709.00,SUV,Mitsubishi
495,694,VIN00000000000495,ABC0495,Rush,2009,10822.00,Pickup,Toyota
496,695,VIN00000000000496,ABC0496,Vios,2014,10935.00,Van,Toyota
497,696,VIN00000000000497,ABC0497,Porter,2013,11048.00,Hatchback,Hyundai
498,697,VIN00000000000498,ABC0498,Escape,1999,11161.00,Crossover,Ford
499,698,VIN00000000000499,ABC0499,City,1999,11274.00,Sedan,Honda
500,699,VIN00000000000500,ABC0500,Accent,2015,11387.00,SUV,Hyundai