id,job_order_id,payment_method,proof_of_payment_image,amount_paid,payment_date,verification_status
1,876,credit_card,https://storage.shop.com/receipts/sa_876_5057.jpg,67200.28,2025-03-25 12:31:49.298791,verified
2,877,bank_transfer,https://storage.shop.com/receipts/sa_877_3130.jpg,66662.36,2023-10-13 00:31:49.298791,verified
3,878,credit_card,https://storage.shop.com/receipts/sa_878_8053.jpg,35704.39,2023-04-20 22:31:49.298791,verified
4,879,e_wallet,https://storage.shop.com/receipts/sa_879_1860.jpg,45791.99,2026-01-25 10:31:49.298791,verified
5,880,e_wallet,https://storage.shop.com/receipts/sa_880_534.jpg,46154.38,2023-11-22 06:31:49.298791,verified
6,881,e_wallet,https://storage.shop.com/receipts/sa_881_9782.jpg,149875.03,2025-08-07 15:31:49.298791,verified
7,882,e_wallet,https://storage.shop.com/receipts/sa_882_8942.jpg,54022.04,2024-12-22 21:31:49.298791,pending
8,883,bank_transfer,,74894.87,2024-08-31 14:31:49.298791,pending
9,884,credit_card,,34374.56,2023-09-20 02:31:49.298791,pending
10,885,e_wallet,https://storage.shop.com/receipts/sa_885_4467.jpg,66420.87,2023-10-25 18:31:49.298791,pending
11,886,cash,https://storage.shop.com/receipts/sa_886_3992.jpg,62553.20,2024-10-25 09:31:49.298791,verified
12,887,cheque,https://storage.shop.com/receipts/sa_887_6140.jpg,132393.84,2025-03-23 18:31:49.298791,verified
13,888,credit_card,https://storage.shop.com/receipts/sa_888_8102.jpg,72667.09,2025-01-11 11:31:49.298791,verified
14,889,credit_card,,131190.52,2023-06-27 00:31:49.298791,verified
15,890,bank_transfer,https://storage.shop.com/receipts/sa_890_1388.jpg,44851.34,2025-08-27 19:31:49.298791,verified
16,891,e_wallet,https://storage.shop.com/receipts/sa_891_2100.jpg,86489.31,2024-09-04 14:31:49.298791,verified
17,892,bank_transfer,https://storage.shop.com/receipts/sa_892_5850.jpg,87136.64,2024-02-11 03:31:49.298791,verified
18,893,bank_transfer,https://storage.shop.com/receipts/sa_893_1202.jpg,58343.93,2023-04-28 04:31:49.298791,pending
19,894,e_wallet,https://storage.shop.com/receipts/sa_894_4736.jpg,30014.25,2025-09-24 03:31:49.298791,verified
20,895,bank_transfer,,86393.97,2023-08-06 11:31:49.298791,verified
21,896,cash,https://storage.shop.com/receipts/sa_896_9470.jpg,66156.43,2023-07-24 16:31:49.298791,verified
22,897,cash,https://storage.shop.com/receipts/sa_897_9484.jpg,39736.02,2024-08-15 01:31:49.298791,verified
23,898,bank_transfer,https://storage.shop.com/receipts/sa_898_2739.jpg,31330.82,2023-08-31 01:31:49.298791,pending
24,899,cheque,https://storage.shop.com/receipts/sa_899_7145.jpg,93674.86,2024-04-11 06:31:49.298791,verified
25,900,cash,https://storage.shop.com/receipts/sa_900_2098.jpg,83387.73,2023-09-24 17:31:49.298791,verified
26,901,credit_card,https://storage.shop.com/receipts/sa_901_2062.jpg,98432.79,2024-02-26 08:31:49.298791,verified
27,902,cheque,,98201.26,2024-01-14 01:31:49.298791,verified
28,903,cash,https://storage.shop.com/receipts/sa_903_8791.jpg,126235.46,2025-06-23 03:31:49.298791,verified
29,904,cheque,https://storage.shop.com/receipts/sa_904_57.jpg,81796.72,2024-06-11 20:31:49.298791,verified
30,905,cash,https://storage.shop.com/receipts/sa_905_1385.jpg,114157.39,2025-11-16 06:31:49.298791,pending
31,906,bank_transfer,https://storage.shop.com/receipts/sa_906_4077.jpg,88766.56,2024-05-14 01:31:49.298791,verified
32,907,credit_card,,72986.94,2023-03-18 13:31:49.298791,verified
33,908,bank_transfer,,82911.03,2025-10-27 09:31:49.298791,verified
34,909,credit_card,,44018.32,2023-05-31 20:31:49.298791,verified
35,910,credit_card,https://storage.shop.com/receipts/sa_910_2915.jpg,40400.94,2024-11-28 01:31:49.298791,verified
36,911,bank_transfer,https://storage.shop.com/receipts/sa_911_6031.jpg,68602.16,2025-11-20 17:31:49.298791,verified
37,912,e_wallet,https://storage.shop.com/receipts/sa_912_9760.jpg,71134.33,2023-07-28 07:31:49.298791,verified
38,913,cash,https://storage.shop.com/receipts/sa_913_7741.jpg,131471.76,2025-04-24 21:31:49.298791,verified
39,914,e_wallet,https://storage.shop.com/receipts/sa_914_3247.jpg,113840.21,2024-11-21 16:31:49.298791,verified
40,915,bank_transfer,https://storage.shop.com/receipts/sa_915_3775.jpg,147475.45,2024-12-04 16:31:49.298791,verified
41,916,bank_transfer,https://storage.shop.com/receipts/sa_916_2362.jpg,108402.18,2025-03-07 13:31:49.298791,verified
42,917,e_wallet,https://storage.shop.com/receipts/sa_917_286.jpg,79317.99,2025-01-02 08:31:49.298791,verified
43,918,credit_card,https://storage.shop.com/receipts/sa_918_7955.jpg,35555.28,2025-10-09 20:31:49.298791,verified
44,919,credit_card,https://storage.shop.com/receipts/sa_919_5727.jpg,119438.13,2024-08-31 12:31:49.298791,pending
45,920,cash,https://storage.shop.com/receipts/sa_920_4053.jpg,69884.75,2023-11-07 10:31:49.298791,pending
46,921,credit_card,,111922.94,2025-11-18 16:31:49.298791,verified
47,922,cheque,https://storage.shop.com/receipts/sa_922_8310.jpg,136656.20,2025-07-17 19:31:49.298791,verified
48,923,e_wallet,,67411.10,2024-06-22 18:31:49.298791,verified
49,924,cash,https://storage.shop.com/receipts/sa_924_131.jpg,95826.71,2023-12-06 04:31:49.298791,verified
50,925,cash,https://storage.shop.com/receipts/sa_925_288.jpg,63225.82,2024-09-20 09:31:49.298791,verified
51,926,credit_card,https://storage.shop.com/receipts/sa_926_1885.jpg,71335.79,2025-12-30 18:31:49.298791,verified
52,927,cash,https://storage.shop.com/receipts/sa_927_817.jpg,47674.87,2023-03-26 03:31:49.298791,verified
53,928,bank_transfer,,93988.52,2024-05-15 16:31:49.298791,verified
54,929,cheque,https://storage.shop.com/receipts/sa_929_3581.jpg,84885.55,2025-06-30 06:31:49.298791,verified
55,930,credit_card,,124203.42,2023-05-26 13:31:49.298791,verified
56,931,bank_transfer,,141371.59,2024-10-08 04:31:49.298791,verified
57,932,cash,https://storage.shop.com/receipts/sa_932_9920.jpg,68281.95,2024-01-26 03:31:49.298791,verified
58,933,credit_card,https://storage.shop.com/receipts/sa_933_5010.jpg,37745.60,2024-10-07 15:31:49.298791,verified
59,934,e_wallet,https://storage.shop.com/receipts/sa_934_6158.jpg,64003.39,2025-01-13 05:31:49.298791,verified
60,935,cheque,,48346.84,2024-04-07 18:31:49.298791,verified
61,936,e_wallet,https://storage.shop.com/receipts/sa_936_916.jpg,31763.08,2025-05-15 22:31:49.298791,pending
62,937,cheque,,122872.58,2025-07-10 14:31:49.298791,verified
63,938,credit_card,https://storage.shop.com/receipts/sa_938_9216.jpg,80080.18,2023-05-07 22:31:49.298791,verified
64,939,e_wallet,,120512.57,2023-11-25 01:31:49.298791,verified
65,940,cheque,,34439.17,2025-03-16 18:31:49.298791,pending
66,941,e_wallet,https://storage.shop.com/receipts/sa_941_3647.jpg,90482.53,2025-01-09 23:31:49.298791,verified
67,942,bank_transfer,,128227.54,2024-09-18 15:31:49.298791,verified
68,943,bank_transfer,,133834.95,2024-09-19 02:31:49.298791,verified
69,944,cheque,https://storage.shop.com/receipts/sa_944_1163.jpg,33772.08,2023-12-25 15:31:49.298791,verified
70,945,bank_transfer,https://storage.shop.com/receipts/sa_945_4702.jpg,46739.42,2024-07-26 19:31:49.298791,verified
71,946,credit_card,https://storage.shop.com/receipts/sa_946_5858.jpg,76683.49,2024-01-20 14:31:49.298791,verified
72,947,cash,,133801.02,2024-07-06 06:31:49.298791,pending
73,948,credit_card,https://storage.shop.com/receipts/sa_948_3989.jpg,64196.42,2025-07-14 01:31:49.298791,verified
74,949,cash,,90428.05,2024-06-13 09:31:49.298791,verified
75,950,bank_transfer,https://storage.shop.com/receipts/sa_950_1208.jpg,31111.68,2024-02-26 22:31:49.298791,verified
76,951,cash,,36228.40,2025-04-22 07:31:49.298791,verified
77,952,cheque,https://storage.shop.com/receipts/sa_952_511.jpg,129706.90,2024-03-28 10:31:49.298791,verified
78,953,credit_card,https://storage.shop.com/receipts/sa_953_2842.jpg,100751.43,2025-01-07 04:31:49.298791,pending
79,954,cash,,60810.73,2024-04-06 15:31:49.298791,verified
755,1644,e_wallet,,99.72,2026-06-13 17:55:49.486015,verified
80,955,credit_card,https://storage.shop.com/receipts/sa_955_4987.jpg,149909.86,2023-09-05 09:31:49.298791,verified
81,956,cash,https://storage.shop.com/receipts/sa_956_7814.jpg,70556.13,2026-02-04 00:31:49.298791,verified
82,957,cash,https://storage.shop.com/receipts/sa_957_3899.jpg,67900.20,2024-05-17 20:31:49.298791,verified
83,958,bank_transfer,,76169.94,2023-05-10 13:31:49.298791,verified
84,959,cash,,115780.53,2023-03-18 18:31:49.298791,rejected
85,960,e_wallet,,110305.15,2023-03-19 23:31:49.298791,verified
86,961,cash,,141329.26,2025-12-05 21:31:49.298791,pending
87,962,credit_card,,38034.91,2023-08-31 03:31:49.298791,pending
88,963,e_wallet,https://storage.shop.com/receipts/sa_963_8324.jpg,75126.61,2025-06-16 17:31:49.298791,verified
89,964,credit_card,,127442.32,2025-06-23 10:31:49.298791,verified
90,965,cash,,146925.57,2023-03-23 21:31:49.298791,verified
91,966,e_wallet,https://storage.shop.com/receipts/sa_966_2000.jpg,142591.19,2024-10-12 23:31:49.298791,verified
92,967,credit_card,https://storage.shop.com/receipts/sa_967_4278.jpg,80553.92,2024-07-02 01:31:49.298791,verified
93,968,cash,,58814.76,2025-03-22 15:31:49.298791,verified
94,969,cash,https://storage.shop.com/receipts/sa_969_1078.jpg,31946.47,2023-05-31 07:31:49.298791,verified
95,970,bank_transfer,https://storage.shop.com/receipts/sa_970_8962.jpg,125629.80,2025-08-14 21:31:49.298791,verified
96,971,credit_card,https://storage.shop.com/receipts/sa_971_9905.jpg,90334.15,2023-03-05 06:31:49.298791,verified
97,972,cash,,50349.87,2024-08-23 10:31:49.298791,verified
98,973,cheque,https://storage.shop.com/receipts/sa_973_6298.jpg,71040.87,2023-09-26 11:31:49.298791,verified
99,974,bank_transfer,https://storage.shop.com/receipts/sa_974_7091.jpg,56850.02,2025-12-05 07:31:49.298791,pending
100,975,credit_card,https://storage.shop.com/receipts/sa_975_6455.jpg,85043.92,2024-03-04 18:31:49.298791,verified
101,976,e_wallet,https://storage.shop.com/receipts/sa_976_6268.jpg,45359.82,2023-09-06 05:31:49.298791,verified
102,977,cheque,https://storage.shop.com/receipts/sa_977_6719.jpg,50656.38,2025-01-14 23:31:49.298791,verified
103,978,e_wallet,https://storage.shop.com/receipts/sa_978_3585.jpg,49111.61,2025-05-10 12:31:49.298791,pending
104,979,credit_card,,92757.67,2023-12-30 15:31:49.298791,verified
105,980,bank_transfer,https://storage.shop.com/receipts/sa_980_228.jpg,66736.74,2024-04-13 05:31:49.298791,verified
106,981,e_wallet,https://storage.shop.com/receipts/sa_981_4790.jpg,116020.83,2023-03-24 12:31:49.298791,pending
107,982,credit_card,https://storage.shop.com/receipts/sa_982_9763.jpg,149501.61,2023-10-23 16:31:49.298791,verified
108,983,cash,https://storage.shop.com/receipts/sa_983_2663.jpg,121079.52,2025-01-04 12:31:49.298791,verified
109,984,e_wallet,https://storage.shop.com/receipts/sa_984_7178.jpg,48388.11,2023-03-17 02:31:49.298791,verified
110,985,e_wallet,https://storage.shop.com/receipts/sa_985_9121.jpg,118975.42,2023-08-25 03:31:49.298791,verified
111,986,e_wallet,https://storage.shop.com/receipts/sa_986_7640.jpg,64613.10,2023-12-15 16:31:49.298791,verified
112,987,e_wallet,,69036.48,2024-01-14 02:31:49.298791,verified
113,988,cheque,https://storage.shop.com/receipts/sa_988_8170.jpg,71122.65,2023-06-14 05:31:49.298791,pending
114,989,e_wallet,,108701.49,2023-07-24 16:31:49.298791,pending
115,990,cheque,https://storage.shop.com/receipts/sa_990_9191.jpg,85781.86,2024-08-20 15:31:49.298791,pending
116,991,bank_transfer,https://storage.shop.com/receipts/sa_991_6836.jpg,106411.30,2025-09-27 16:31:49.298791,verified
117,992,bank_transfer,,54265.31,2025-01-13 06:31:49.298791,verified
118,993,cheque,https://storage.shop.com/receipts/sa_993_8725.jpg,69032.09,2023-06-08 09:31:49.298791,verified
119,994,credit_card,https://storage.shop.com/receipts/sa_994_2780.jpg,73005.16,2024-02-13 04:31:49.298791,pending
120,995,cheque,https://storage.shop.com/receipts/sa_995_2983.jpg,142564.58,2025-11-30 03:31:49.298791,pending
121,996,bank_transfer,https://storage.shop.com/receipts/sa_996_8285.jpg,103718.56,2026-01-27 04:31:49.298791,verified
122,997,cash,https://storage.shop.com/receipts/sa_997_2811.jpg,57900.51,2024-01-16 16:31:49.298791,verified
123,998,cash,https://storage.shop.com/receipts/sa_998_7022.jpg,143527.62,2025-08-06 14:31:49.298791,verified
124,999,cash,https://storage.shop.com/receipts/sa_999_3352.jpg,107130.34,2023-03-12 21:31:49.298791,verified
125,1000,credit_card,https://storage.shop.com/receipts/sa_1000_4179.jpg,91617.83,2023-08-16 09:31:49.298791,verified
126,1001,cheque,https://storage.shop.com/receipts/sa_1001_9750.jpg,123237.36,2023-03-03 15:31:49.298791,verified
127,1002,cheque,https://storage.shop.com/receipts/sa_1002_791.jpg,73227.25,2023-11-03 00:31:49.298791,pending
128,1003,credit_card,,135663.99,2023-05-24 21:31:49.298791,verified
129,1004,bank_transfer,https://storage.shop.com/receipts/sa_1004_9549.jpg,118848.37,2025-06-01 20:31:49.298791,verified
130,1005,cheque,,55756.33,2025-11-20 05:31:49.298791,verified
131,1006,e_wallet,https://storage.shop.com/receipts/sa_1006_3116.jpg,75428.48,2023-12-23 12:31:49.298791,verified
132,1007,e_wallet,https://storage.shop.com/receipts/sa_1007_5059.jpg,133398.42,2025-07-08 00:31:49.298791,verified
133,1008,cash,https://storage.shop.com/receipts/sa_1008_1965.jpg,141444.36,2025-05-02 11:31:49.298791,verified
134,1009,credit_card,https://storage.shop.com/receipts/sa_1009_8353.jpg,54234.43,2025-08-02 23:31:49.298791,verified
135,1010,cheque,,45144.11,2025-11-02 10:31:49.298791,verified
136,1011,cash,https://storage.shop.com/receipts/sa_1011_4749.jpg,127953.26,2026-01-13 08:31:49.298791,verified
137,1012,bank_transfer,,132062.11,2023-12-21 20:31:49.298791,verified
138,1013,credit_card,,140999.11,2024-01-15 04:31:49.298791,verified
139,1014,cash,https://storage.shop.com/receipts/sa_1014_2184.jpg,119877.98,2025-03-03 11:31:49.298791,verified
140,1015,e_wallet,https://storage.shop.com/receipts/sa_1015_3402.jpg,106948.66,2024-06-15 15:31:49.298791,pending
141,1016,e_wallet,https://storage.shop.com/receipts/sa_1016_4798.jpg,49798.71,2024-04-09 19:31:49.298791,verified
142,1017,cash,https://storage.shop.com/receipts/sa_1017_2365.jpg,52540.12,2023-12-05 13:31:49.298791,pending
143,1018,bank_transfer,,87048.93,2023-02-12 03:31:49.298791,verified
144,1019,e_wallet,https://storage.shop.com/receipts/sa_1019_8337.jpg,125963.32,2023-05-06 12:31:49.298791,verified
145,1020,e_wallet,https://storage.shop.com/receipts/sa_1020_1321.jpg,46331.52,2023-12-27 09:31:49.298791,verified
146,1021,cash,https://storage.shop.com/receipts/sa_1021_7620.jpg,105508.40,2023-09-04 08:31:49.298791,verified
147,1022,credit_card,https://storage.shop.com/receipts/sa_1022_47.jpg,78569.23,2024-03-02 07:31:49.298791,verified
148,1023,e_wallet,https://storage.shop.com/receipts/sa_1023_1614.jpg,139767.70,2023-08-18 20:31:49.298791,verified
149,1024,e_wallet,https://storage.shop.com/receipts/sa_1024_2574.jpg,80208.99,2024-11-20 07:31:49.298791,verified
150,1025,cheque,https://storage.shop.com/receipts/sa_1025_8120.jpg,60163.33,2024-09-14 01:31:49.298791,verified
151,1026,credit_card,https://storage.shop.com/receipts/sa_1026_278.jpg,124823.28,2024-02-29 17:31:49.298791,verified
152,1027,cheque,https://storage.shop.com/receipts/sa_1027_3996.jpg,73887.13,2024-12-25 03:31:49.298791,verified
153,1028,credit_card,https://storage.shop.com/receipts/sa_1028_1704.jpg,105228.39,2024-11-15 10:31:49.298791,verified
154,1029,cheque,https://storage.shop.com/receipts/sa_1029_1985.jpg,30296.64,2024-09-01 23:31:49.298791,pending
155,1030,e_wallet,https://storage.shop.com/receipts/sa_1030_4244.jpg,81660.41,2025-06-20 05:31:49.298791,verified
156,1031,bank_transfer,,71465.38,2025-06-03 04:31:49.298791,verified
157,1032,e_wallet,https://storage.shop.com/receipts/sa_1032_8170.jpg,102551.95,2024-03-15 01:31:49.298791,verified
756,1645,debit_card,,22.00,2026-05-20 19:19:49.486015,verified
158,1033,credit_card,https://storage.shop.com/receipts/sa_1033_4499.jpg,116812.84,2023-05-03 15:31:49.298791,verified
159,1034,bank_transfer,https://storage.shop.com/receipts/sa_1034_5104.jpg,81865.24,2025-11-03 06:31:49.298791,verified
160,1035,cash,,40912.64,2024-01-29 10:31:49.298791,verified
161,1036,cheque,https://storage.shop.com/receipts/sa_1036_4467.jpg,50586.83,2024-07-08 19:31:49.298791,verified
162,1037,cheque,https://storage.shop.com/receipts/sa_1037_2221.jpg,88565.66,2024-07-22 17:31:49.298791,verified
163,1038,bank_transfer,https://storage.shop.com/receipts/sa_1038_7439.jpg,67810.52,2023-08-13 04:31:49.298791,verified
164,1039,cash,https://storage.shop.com/receipts/sa_1039_2114.jpg,88453.11,2024-12-06 14:31:49.298791,verified
165,1040,credit_card,,71323.38,2025-01-07 23:31:49.298791,verified
166,1041,e_wallet,,86078.51,2024-07-28 02:31:49.298791,verified
167,1042,bank_transfer,,65959.00,2023-03-03 03:31:49.298791,verified
168,1043,credit_card,https://storage.shop.com/receipts/sa_1043_166.jpg,44403.60,2023-09-28 03:31:49.298791,verified
169,1044,bank_transfer,,144161.15,2024-03-15 18:31:49.298791,verified
170,1045,cash,,100368.22,2023-10-09 06:31:49.298791,verified
171,1046,e_wallet,,67735.26,2025-01-16 18:31:49.298791,verified
172,1047,e_wallet,,77823.86,2023-04-08 21:31:49.298791,verified
173,1048,e_wallet,,54295.56,2025-06-09 08:31:49.298791,verified
174,1049,credit_card,https://storage.shop.com/receipts/sa_1049_7234.jpg,32617.35,2025-04-03 17:31:49.298791,verified
175,1050,bank_transfer,,74400.80,2023-03-25 09:31:49.298791,verified
176,1051,bank_transfer,https://storage.shop.com/receipts/sa_1051_573.jpg,142656.90,2023-12-31 00:31:49.298791,verified
177,1052,credit_card,https://storage.shop.com/receipts/sa_1052_460.jpg,84480.84,2023-11-08 11:31:49.298791,verified
178,1053,cheque,,109848.02,2023-08-16 04:31:49.298791,verified
179,1054,bank_transfer,https://storage.shop.com/receipts/sa_1054_6122.jpg,45478.44,2025-10-01 07:31:49.298791,verified
180,1055,bank_transfer,https://storage.shop.com/receipts/sa_1055_459.jpg,71456.14,2023-05-10 10:31:49.298791,verified
181,1056,cash,https://storage.shop.com/receipts/sa_1056_1069.jpg,142753.47,2025-08-31 22:31:49.298791,verified
182,1057,cheque,https://storage.shop.com/receipts/sa_1057_234.jpg,90215.24,2023-09-05 16:31:49.298791,verified
183,1058,bank_transfer,https://storage.shop.com/receipts/sa_1058_6396.jpg,68849.47,2024-04-29 21:31:49.298791,verified
184,1059,cheque,,40522.48,2023-11-27 02:31:49.298791,verified
185,1060,bank_transfer,https://storage.shop.com/receipts/sa_1060_5891.jpg,63936.33,2024-12-05 13:31:49.298791,verified
186,1061,cash,https://storage.shop.com/receipts/sa_1061_5197.jpg,51293.62,2024-10-29 16:31:49.298791,verified
187,1062,bank_transfer,,69033.97,2024-04-13 17:31:49.298791,verified
188,1063,bank_transfer,https://storage.shop.com/receipts/sa_1063_6568.jpg,100839.56,2024-10-19 00:31:49.298791,verified
189,1064,cheque,https://storage.shop.com/receipts/sa_1064_5927.jpg,140744.67,2024-07-01 11:31:49.298791,verified
190,1065,credit_card,https://storage.shop.com/receipts/sa_1065_7399.jpg,70893.68,2024-11-24 05:31:49.298791,verified
191,1066,credit_card,https://storage.shop.com/receipts/sa_1066_8193.jpg,73762.21,2023-03-05 07:31:49.298791,pending
192,1067,e_wallet,https://storage.shop.com/receipts/sa_1067_1263.jpg,97509.85,2023-03-06 18:31:49.298791,verified
193,1068,bank_transfer,,88311.62,2024-12-20 01:31:49.298791,verified
194,1069,cheque,https://storage.shop.com/receipts/sa_1069_7593.jpg,30023.06,2026-01-16 21:31:49.298791,verified
195,1070,credit_card,https://storage.shop.com/receipts/sa_1070_9893.jpg,68783.68,2024-03-17 11:31:49.298791,verified
196,1071,cheque,https://storage.shop.com/receipts/sa_1071_5441.jpg,42515.45,2024-12-16 12:31:49.298791,verified
197,1072,e_wallet,https://storage.shop.com/receipts/sa_1072_8142.jpg,85270.42,2025-10-15 18:31:49.298791,verified
198,1073,credit_card,https://storage.shop.com/receipts/sa_1073_5219.jpg,103490.71,2023-12-06 11:31:49.298791,verified
199,1074,credit_card,https://storage.shop.com/receipts/sa_1074_8927.jpg,106018.32,2023-03-12 22:31:49.298791,verified
200,1075,e_wallet,https://storage.shop.com/receipts/sa_1075_7359.jpg,42031.34,2023-12-17 11:31:49.298791,verified
201,1076,e_wallet,,107249.88,2024-12-09 05:31:49.298791,pending
202,1077,credit_card,https://storage.shop.com/receipts/sa_1077_4423.jpg,91843.88,2023-06-03 17:31:49.298791,pending
203,1078,e_wallet,https://storage.shop.com/receipts/sa_1078_1578.jpg,61035.77,2025-06-27 19:31:49.298791,verified
204,1079,credit_card,,114621.57,2024-12-17 11:31:49.298791,verified
205,1080,credit_card,https://storage.shop.com/receipts/sa_1080_2832.jpg,70236.31,2024-11-01 06:31:49.298791,verified
206,1081,credit_card,,53565.26,2025-01-10 10:31:49.298791,verified
207,1082,cheque,https://storage.shop.com/receipts/sa_1082_7503.jpg,98516.28,2025-04-18 07:31:49.298791,verified
208,1083,credit_card,https://storage.shop.com/receipts/sa_1083_9818.jpg,65840.66,2023-07-07 22:31:49.298791,verified
209,1084,e_wallet,https://storage.shop.com/receipts/sa_1084_3361.jpg,59957.77,2023-07-16 09:31:49.298791,verified
210,1085,credit_card,,113888.72,2023-11-19 00:31:49.298791,verified
211,1086,cheque,https://storage.shop.com/receipts/sa_1086_4493.jpg,51490.93,2023-08-03 16:31:49.298791,pending
212,1087,cash,https://storage.shop.com/receipts/sa_1087_1661.jpg,109293.44,2024-02-03 21:31:49.298791,verified
213,1088,e_wallet,,143807.56,2024-03-12 08:31:49.298791,verified
214,1089,bank_transfer,,121920.97,2023-10-31 09:31:49.298791,pending
215,1090,e_wallet,https://storage.shop.com/receipts/sa_1090_4104.jpg,120606.77,2023-06-30 14:31:49.298791,pending
216,1091,cheque,,40806.06,2024-03-24 22:31:49.298791,verified
217,1092,cheque,,52950.57,2024-03-05 22:31:49.298791,verified
218,1093,cash,https://storage.shop.com/receipts/sa_1093_1009.jpg,32119.68,2024-09-26 00:31:49.298791,verified
219,1094,cheque,,105084.15,2024-06-29 23:31:49.298791,verified
220,1095,cash,,66160.15,2025-11-30 11:31:49.298791,verified
221,1096,credit_card,https://storage.shop.com/receipts/sa_1096_5768.jpg,34790.88,2025-04-06 07:31:49.298791,verified
222,1097,e_wallet,https://storage.shop.com/receipts/sa_1097_329.jpg,81080.42,2023-11-15 03:31:49.298791,verified
223,1098,cash,,131526.01,2023-09-30 23:31:49.298791,verified
224,1099,cash,https://storage.shop.com/receipts/sa_1099_533.jpg,34051.48,2023-02-14 13:31:49.298791,verified
225,1100,cheque,https://storage.shop.com/receipts/sa_1100_9080.jpg,101093.22,2025-03-14 16:31:49.298791,verified
226,1101,credit_card,https://storage.shop.com/receipts/sa_1101_7155.jpg,137668.33,2026-01-16 13:31:49.298791,pending
227,1102,bank_transfer,https://storage.shop.com/receipts/sa_1102_8499.jpg,44478.36,2025-11-15 19:31:49.298791,verified
228,1103,cash,https://storage.shop.com/receipts/sa_1103_8664.jpg,46178.41,2025-08-16 01:31:49.298791,verified
229,1104,bank_transfer,,96586.94,2024-06-20 06:31:49.298791,verified
230,1105,cash,https://storage.shop.com/receipts/sa_1105_1887.jpg,80648.89,2023-08-22 21:31:49.298791,verified
231,1106,cash,,74957.95,2023-10-08 08:31:49.298791,verified
232,1107,cheque,https://storage.shop.com/receipts/sa_1107_5095.jpg,103598.38,2025-08-09 04:31:49.298791,verified
233,1108,bank_transfer,,93453.80,2023-04-04 08:31:49.298791,verified
234,1109,cash,https://storage.shop.com/receipts/sa_1109_4782.jpg,105255.96,2023-06-26 07:31:49.298791,verified
235,1110,credit_card,,127064.42,2025-03-03 08:31:49.298791,verified
236,1111,bank_transfer,,70998.64,2025-03-26 06:31:49.298791,verified
237,1112,cheque,https://storage.shop.com/receipts/sa_1112_9612.jpg,124605.42,2024-12-26 01:31:49.298791,verified
238,1113,credit_card,https://storage.shop.com/receipts/sa_1113_5314.jpg,85563.40,2024-09-02 17:31:49.298791,verified
239,1114,cash,https://storage.shop.com/receipts/sa_1114_8233.jpg,34865.32,2025-08-09 13:31:49.298791,verified
757,1646,debit_card,,56.50,2026-06-17 18:21:49.486015,verified
240,1115,cheque,https://storage.shop.com/receipts/sa_1115_7981.jpg,119662.37,2023-03-22 04:31:49.298791,verified
241,1116,credit_card,https://storage.shop.com/receipts/sa_1116_6002.jpg,54408.42,2024-11-20 22:31:49.298791,verified
242,1117,e_wallet,https://storage.shop.com/receipts/sa_1117_3101.jpg,107246.67,2025-08-07 09:31:49.298791,verified
243,1118,cheque,https://storage.shop.com/receipts/sa_1118_7280.jpg,30242.31,2024-06-18 06:31:49.298791,verified
244,1119,bank_transfer,,109750.05,2025-04-27 20:31:49.298791,verified
245,1120,bank_transfer,https://storage.shop.com/receipts/sa_1120_1572.jpg,61362.09,2024-10-02 21:31:49.298791,verified
246,1121,credit_card,https://storage.shop.com/receipts/sa_1121_2533.jpg,93644.78,2025-11-03 01:31:49.298791,verified
247,1122,cheque,,111796.14,2023-12-17 12:31:49.298791,verified
248,1123,credit_card,https://storage.shop.com/receipts/sa_1123_9331.jpg,129502.23,2023-05-04 08:31:49.298791,pending
249,1124,cheque,https://storage.shop.com/receipts/sa_1124_4973.jpg,47533.85,2024-02-28 01:31:49.298791,verified
250,1125,cash,,85443.61,2024-05-09 17:31:49.298791,pending
251,1126,cheque,https://storage.shop.com/receipts/sa_1126_3852.jpg,101216.85,2024-05-24 21:31:49.298791,verified
252,1127,e_wallet,,115890.18,2025-11-24 03:31:49.298791,verified
253,1128,credit_card,https://storage.shop.com/receipts/sa_1128_3878.jpg,61587.92,2024-01-13 23:31:49.298791,verified
254,1129,bank_transfer,https://storage.shop.com/receipts/sa_1129_7631.jpg,37117.97,2024-06-15 00:31:49.298791,verified
255,1130,e_wallet,https://storage.shop.com/receipts/sa_1130_4202.jpg,77583.43,2024-07-22 09:31:49.298791,verified
256,1131,cheque,,104949.17,2023-04-18 12:31:49.298791,verified
257,1132,cash,https://storage.shop.com/receipts/sa_1132_3213.jpg,106097.43,2024-10-06 00:31:49.298791,pending
258,1133,credit_card,https://storage.shop.com/receipts/sa_1133_3713.jpg,116141.31,2024-07-22 07:31:49.298791,verified
259,1134,cash,https://storage.shop.com/receipts/sa_1134_1494.jpg,91569.90,2024-01-26 21:31:49.298791,verified
260,1135,credit_card,,131169.03,2024-04-05 23:31:49.298791,verified
261,1136,cash,https://storage.shop.com/receipts/sa_1136_2011.jpg,78315.18,2023-03-14 18:31:49.298791,verified
262,1137,cash,,55590.94,2024-05-01 07:31:49.298791,verified
263,1138,cash,,115947.78,2024-01-13 14:31:49.298791,verified
264,1139,cash,https://storage.shop.com/receipts/sa_1139_4009.jpg,62393.08,2024-10-16 14:31:49.298791,verified
265,1140,e_wallet,https://storage.shop.com/receipts/sa_1140_6057.jpg,72655.20,2025-09-09 13:31:49.298791,verified
266,1141,cheque,https://storage.shop.com/receipts/sa_1141_6896.jpg,42469.70,2025-12-09 17:31:49.298791,verified
267,1142,cheque,https://storage.shop.com/receipts/sa_1142_3528.jpg,79434.98,2024-06-16 23:31:49.298791,verified
268,1143,cash,https://storage.shop.com/receipts/sa_1143_8721.jpg,43598.52,2024-06-06 09:31:49.298791,verified
269,1144,cash,https://storage.shop.com/receipts/sa_1144_4669.jpg,118845.17,2025-01-13 07:31:49.298791,verified
270,1145,cash,,134926.33,2025-06-22 17:31:49.298791,verified
271,1146,cash,https://storage.shop.com/receipts/sa_1146_1028.jpg,71909.87,2023-10-08 20:31:49.298791,verified
272,1147,cheque,https://storage.shop.com/receipts/sa_1147_6070.jpg,121864.83,2024-11-18 08:31:49.298791,verified
273,1148,cheque,,50713.64,2023-10-01 03:31:49.298791,verified
274,1149,cash,https://storage.shop.com/receipts/sa_1149_702.jpg,73519.81,2024-04-05 22:31:49.298791,verified
275,1150,bank_transfer,https://storage.shop.com/receipts/sa_1150_2353.jpg,109324.32,2025-10-22 12:31:49.298791,pending
276,1151,e_wallet,,42859.43,2023-08-19 15:31:49.298791,pending
277,1152,cash,https://storage.shop.com/receipts/sa_1152_8804.jpg,112927.14,2024-06-20 21:31:49.298791,verified
278,1153,cash,,86517.56,2025-05-10 09:31:49.298791,verified
279,1154,e_wallet,https://storage.shop.com/receipts/sa_1154_2624.jpg,114768.19,2023-06-02 06:31:49.298791,verified
280,1155,cheque,https://storage.shop.com/receipts/sa_1155_515.jpg,43292.37,2024-01-20 16:31:49.298791,verified
281,1156,credit_card,,38740.87,2023-08-06 23:31:49.298791,verified
282,1157,e_wallet,https://storage.shop.com/receipts/sa_1157_8227.jpg,77420.11,2026-01-11 13:31:49.298791,verified
283,1158,bank_transfer,https://storage.shop.com/receipts/sa_1158_6194.jpg,93111.21,2024-11-04 03:31:49.298791,verified
284,1159,credit_card,https://storage.shop.com/receipts/sa_1159_1732.jpg,119738.96,2023-03-03 13:31:49.298791,verified
285,1160,e_wallet,,35411.88,2023-10-10 23:31:49.298791,verified
286,1161,bank_transfer,https://storage.shop.com/receipts/sa_1161_8708.jpg,38904.30,2023-07-24 17:31:49.298791,verified
287,1162,cheque,https://storage.shop.com/receipts/sa_1162_1596.jpg,113390.92,2025-05-01 22:31:49.298791,pending
288,1163,e_wallet,https://storage.shop.com/receipts/sa_1163_8603.jpg,58016.75,2025-09-27 19:31:49.298791,verified
289,1164,credit_card,https://storage.shop.com/receipts/sa_1164_8093.jpg,76271.56,2023-09-07 11:31:49.298791,pending
290,1165,e_wallet,,108823.11,2024-06-29 16:31:49.298791,verified
291,1166,e_wallet,https://storage.shop.com/receipts/sa_1166_2376.jpg,135361.82,2023-09-14 11:31:49.298791,verified
292,1167,e_wallet,,125766.98,2023-02-28 12:31:49.298791,verified
293,1168,e_wallet,https://storage.shop.com/receipts/sa_1168_6573.jpg,43842.74,2024-12-24 12:31:49.298791,pending
294,1169,cash,https://storage.shop.com/receipts/sa_1169_5960.jpg,86503.86,2023-11-18 09:31:49.298791,verified
295,1170,cheque,https://storage.shop.com/receipts/sa_1170_8322.jpg,44376.05,2025-03-15 04:31:49.298791,verified
296,1171,cash,,70162.47,2025-12-08 13:31:49.298791,verified
297,1172,credit_card,https://storage.shop.com/receipts/sa_1172_1200.jpg,114962.98,2025-10-03 14:31:49.298791,verified
298,1173,e_wallet,https://storage.shop.com/receipts/sa_1173_9923.jpg,59613.55,2026-01-17 15:31:49.298791,verified
299,1174,cash,https://storage.shop.com/receipts/sa_1174_7798.jpg,49030.75,2025-08-28 21:31:49.298791,verified
300,1175,bank_transfer,https://storage.shop.com/receipts/sa_1175_1785.jpg,129569.34,2023-07-03 16:31:49.298791,verified
301,1176,credit_card,,127882.89,2026-01-16 12:31:49.298791,verified
302,1177,cash,https://storage.shop.com/receipts/sa_1177_5861.jpg,76687.03,2025-11-14 12:31:49.298791,verified
303,1178,cash,https://storage.shop.com/receipts/sa_1178_7678.jpg,59809.77,2023-06-07 10:31:49.298791,verified
304,1179,e_wallet,https://storage.shop.com/receipts/sa_1179_5264.jpg,89651.95,2026-01-25 05:31:49.298791,verified
305,1180,cash,https://storage.shop.com/receipts/sa_1180_3055.jpg,66776.75,2023-05-30 14:31:49.298791,verified
306,1181,cheque,,128750.86,2024-06-16 03:31:49.298791,verified
307,1182,cash,,68853.28,2024-01-09 18:31:49.298791,verified
308,1183,credit_card,https://storage.shop.com/receipts/sa_1183_8375.jpg,33414.73,2025-03-18 06:31:49.298791,verified
309,1184,bank_transfer,https://storage.shop.com/receipts/sa_1184_5688.jpg,130985.53,2023-10-07 09:31:49.298791,pending
310,1185,credit_card,https://storage.shop.com/receipts/sa_1185_9739.jpg,142422.06,2025-10-09 22:31:49.298791,verified
311,1186,cheque,https://storage.shop.com/receipts/sa_1186_3148.jpg,63147.96,2023-09-29 15:31:49.298791,pending
312,1187,cash,,115395.36,2025-05-11 12:31:49.298791,verified
313,1188,cheque,https://storage.shop.com/receipts/sa_1188_7170.jpg,60560.86,2024-07-20 15:31:49.298791,verified
314,1189,bank_transfer,https://storage.shop.com/receipts/sa_1189_2474.jpg,111680.02,2024-02-12 20:31:49.298791,pending
315,1190,cash,,83370.59,2025-07-27 02:31:49.298791,verified
316,1191,bank_transfer,https://storage.shop.com/receipts/sa_1191_7074.jpg,59442.46,2025-03-01 22:31:49.298791,pending
317,1192,credit_card,https://storage.shop.com/receipts/sa_1192_128.jpg,102140.81,2024-02-13 01:31:49.298791,verified
318,1193,cheque,https://storage.shop.com/receipts/sa_1193_2023.jpg,129737.72,2023-06-17 00:31:49.298791,pending
319,1194,cheque,https://storage.shop.com/receipts/sa_1194_7569.jpg,142397.83,2025-07-15 02:31:49.298791,verified
320,1195,e_wallet,https://storage.shop.com/receipts/sa_1195_1885.jpg,133961.38,2023-06-23 23:31:49.298791,verified
321,1196,e_wallet,https://storage.shop.com/receipts/sa_1196_3452.jpg,50585.50,2024-06-21 04:31:49.298791,verified
322,1197,credit_card,https://storage.shop.com/receipts/sa_1197_6494.jpg,120929.30,2025-12-22 20:31:49.298791,verified
323,1198,bank_transfer,,99026.67,2025-04-14 04:31:49.298791,verified
324,1199,cheque,https://storage.shop.com/receipts/sa_1199_8294.jpg,66275.44,2025-02-06 01:31:49.298791,verified
325,1200,cash,,60471.65,2023-03-27 22:31:49.298791,verified
326,1201,credit_card,https://storage.shop.com/receipts/sa_1201_3250.jpg,64649.75,2023-12-07 02:31:49.298791,verified
327,1202,e_wallet,,60732.13,2023-02-09 18:31:49.298791,verified
328,1203,credit_card,https://storage.shop.com/receipts/sa_1203_8471.jpg,52123.24,2025-09-10 00:31:49.298791,verified
329,1204,cheque,https://storage.shop.com/receipts/sa_1204_6063.jpg,39843.02,2023-05-03 16:31:49.298791,pending
330,1205,cash,,53963.06,2024-11-22 01:31:49.298791,verified
331,1206,cheque,https://storage.shop.com/receipts/sa_1206_3323.jpg,48635.10,2023-09-05 15:31:49.298791,verified
332,1207,bank_transfer,,135128.51,2025-06-05 02:31:49.298791,verified
333,1208,cash,https://storage.shop.com/receipts/sa_1208_2567.jpg,76815.09,2025-09-15 17:31:49.298791,verified
334,1209,bank_transfer,https://storage.shop.com/receipts/sa_1209_381.jpg,138066.14,2024-08-30 04:31:49.298791,verified
335,1210,e_wallet,https://storage.shop.com/receipts/sa_1210_5471.jpg,30509.35,2025-06-02 04:31:49.298791,verified
336,1211,cheque,https://storage.shop.com/receipts/sa_1211_6942.jpg,64044.23,2024-07-03 22:31:49.298791,verified
337,1212,credit_card,,109465.07,2025-05-16 16:31:49.298791,verified
338,1213,e_wallet,https://storage.shop.com/receipts/sa_1213_3302.jpg,54398.66,2023-08-20 21:31:49.298791,pending
339,1214,cheque,https://storage.shop.com/receipts/sa_1214_2662.jpg,60662.18,2025-10-10 10:31:49.298791,verified
340,1215,e_wallet,https://storage.shop.com/receipts/sa_1215_6401.jpg,116057.01,2025-03-17 08:31:49.298791,verified
341,1216,credit_card,https://storage.shop.com/receipts/sa_1216_1428.jpg,134126.58,2023-05-20 09:31:49.298791,verified
342,1217,bank_transfer,,31070.71,2023-08-12 08:31:49.298791,verified
343,1218,credit_card,https://storage.shop.com/receipts/sa_1218_7362.jpg,42759.80,2023-12-25 13:31:49.298791,verified
344,1219,credit_card,https://storage.shop.com/receipts/sa_1219_5582.jpg,49276.69,2023-06-04 06:31:49.298791,verified
345,1220,e_wallet,https://storage.shop.com/receipts/sa_1220_302.jpg,47297.18,2023-09-01 02:31:49.298791,verified
346,1221,cheque,https://storage.shop.com/receipts/sa_1221_5087.jpg,77459.89,2025-03-17 22:31:49.298791,verified
347,1222,e_wallet,https://storage.shop.com/receipts/sa_1222_1601.jpg,43123.30,2024-07-13 12:31:49.298791,verified
348,1223,cheque,https://storage.shop.com/receipts/sa_1223_7835.jpg,95261.02,2024-05-26 18:31:49.298791,pending
349,1224,cash,https://storage.shop.com/receipts/sa_1224_3040.jpg,52948.56,2025-06-12 02:31:49.298791,verified
350,1225,e_wallet,https://storage.shop.com/receipts/sa_1225_6631.jpg,47063.03,2024-02-24 19:31:49.298791,verified
351,1226,cash,https://storage.shop.com/receipts/sa_1226_5624.jpg,39686.54,2026-01-02 18:31:49.298791,verified
352,1227,cheque,https://storage.shop.com/receipts/sa_1227_1915.jpg,93051.91,2023-06-15 20:31:49.298791,verified
353,1228,credit_card,https://storage.shop.com/receipts/sa_1228_4809.jpg,129531.45,2024-10-04 11:31:49.298791,verified
354,1229,e_wallet,https://storage.shop.com/receipts/sa_1229_4212.jpg,111089.04,2025-08-24 14:31:49.298791,verified
355,1230,cash,https://storage.shop.com/receipts/sa_1230_1160.jpg,41261.79,2023-08-08 15:31:49.298791,verified
356,1231,credit_card,https://storage.shop.com/receipts/sa_1231_6157.jpg,107376.20,2025-08-16 19:31:49.298791,verified
357,1232,cash,https://storage.shop.com/receipts/sa_1232_8822.jpg,72882.27,2025-06-10 16:31:49.298791,verified
358,1233,credit_card,https://storage.shop.com/receipts/sa_1233_1793.jpg,103503.71,2025-03-02 18:31:49.298791,verified
359,1234,credit_card,,73483.59,2024-09-08 22:31:49.298791,verified
360,1235,e_wallet,https://storage.shop.com/receipts/sa_1235_5151.jpg,110007.23,2023-12-17 02:31:49.298791,verified
361,1236,e_wallet,https://storage.shop.com/receipts/sa_1236_1554.jpg,85232.00,2023-10-13 05:31:49.298791,verified
362,1237,cheque,,38839.98,2025-07-04 22:31:49.298791,pending
363,1238,cheque,,61246.74,2023-12-27 22:31:49.298791,verified
364,1239,cheque,,83715.38,2023-04-23 23:31:49.298791,verified
365,1240,bank_transfer,https://storage.shop.com/receipts/sa_1240_8222.jpg,121881.24,2025-09-11 13:31:49.298791,verified
366,1241,e_wallet,,53356.42,2025-07-09 10:31:49.298791,verified
367,1242,e_wallet,https://storage.shop.com/receipts/sa_1242_1912.jpg,43690.61,2024-08-01 18:31:49.298791,verified
368,1243,cheque,,88011.45,2025-04-05 09:31:49.298791,verified
369,1244,credit_card,https://storage.shop.com/receipts/sa_1244_5218.jpg,148012.99,2025-04-01 00:31:49.298791,pending
370,1245,e_wallet,https://storage.shop.com/receipts/sa_1245_1487.jpg,41134.39,2023-04-26 12:31:49.298791,verified
371,1246,credit_card,https://storage.shop.com/receipts/sa_1246_8600.jpg,64749.60,2025-07-27 10:31:49.298791,verified
372,1247,e_wallet,https://storage.shop.com/receipts/sa_1247_3389.jpg,113150.34,2023-06-09 23:31:49.298791,verified
373,1248,cash,,145514.03,2024-03-16 02:31:49.298791,verified
374,1249,cash,https://storage.shop.com/receipts/sa_1249_9900.jpg,139625.26,2025-09-11 05:31:49.298791,verified
375,1250,e_wallet,https://storage.shop.com/receipts/sa_1250_44.jpg,105159.21,2024-09-16 22:31:49.298791,verified
376,1251,bank_transfer,https://storage.shop.com/receipts/sa_1251_7790.jpg,32058.42,2023-07-02 05:31:49.298791,verified
377,1252,bank_transfer,https://storage.shop.com/receipts/sa_1252_6151.jpg,63374.44,2024-05-23 14:31:49.298791,verified
378,1253,credit_card,https://storage.shop.com/receipts/sa_1253_4752.jpg,70377.75,2024-03-08 19:31:49.298791,pending
379,1254,credit_card,https://storage.shop.com/receipts/sa_1254_3083.jpg,117698.84,2023-12-02 19:31:49.298791,verified
380,1255,e_wallet,https://storage.shop.com/receipts/sa_1255_4981.jpg,59259.22,2025-03-11 06:31:49.298791,verified
381,1256,cash,,55618.07,2024-10-10 09:31:49.298791,pending
382,1257,cash,,92460.71,2023-08-08 21:31:49.298791,pending
383,1258,bank_transfer,https://storage.shop.com/receipts/sa_1258_3123.jpg,144317.28,2023-03-17 16:31:49.298791,verified
384,1259,e_wallet,,82641.16,2025-10-27 01:31:49.298791,verified
385,1260,e_wallet,https://storage.shop.com/receipts/sa_1260_9453.jpg,106603.79,2025-01-26 06:31:49.298791,verified
386,1261,bank_transfer,https://storage.shop.com/receipts/sa_1261_1987.jpg,61358.16,2025-10-12 17:31:49.298791,pending
387,1262,cash,https://storage.shop.com/receipts/sa_1262_1899.jpg,141282.28,2025-11-18 22:31:49.298791,pending
388,1263,credit_card,https://storage.shop.com/receipts/sa_1263_109.jpg,118777.97,2023-06-14 22:31:49.298791,verified
389,1264,credit_card,https://storage.shop.com/receipts/sa_1264_6696.jpg,40346.53,2023-02-14 01:31:49.298791,verified
390,1265,cheque,,31572.18,2025-04-23 13:31:49.298791,pending
391,1266,cash,https://storage.shop.com/receipts/sa_1266_7135.jpg,40675.37,2024-12-29 15:31:49.298791,pending
392,1267,credit_card,https://storage.shop.com/receipts/sa_1267_1179.jpg,36489.95,2024-08-20 08:31:49.298791,verified
393,1268,credit_card,,41648.27,2024-01-15 08:31:49.298791,verified
394,1269,cheque,,56651.30,2024-09-17 06:31:49.298791,verified
395,1270,e_wallet,,114940.69,2023-06-14 08:31:49.298791,pending
396,1271,cheque,,47619.81,2025-03-11 02:31:49.298791,verified
397,1272,bank_transfer,,48265.66,2024-08-14 16:31:49.298791,pending
758,1647,cash,,33.53,2026-07-15 17:48:49.486015,verified
398,1273,cheque,https://storage.shop.com/receipts/sa_1273_6752.jpg,116048.78,2025-10-07 01:31:49.298791,verified
399,1274,cheque,https://storage.shop.com/receipts/sa_1274_7.jpg,85786.87,2025-05-20 04:31:49.298791,verified
400,1275,cash,https://storage.shop.com/receipts/sa_1275_9777.jpg,63491.23,2023-05-14 11:31:49.298791,verified
401,1276,credit_card,https://storage.shop.com/receipts/sa_1276_1733.jpg,60914.56,2026-01-24 14:31:49.298791,verified
402,1277,cash,,55411.12,2023-07-14 18:31:49.298791,verified
403,1278,e_wallet,https://storage.shop.com/receipts/sa_1278_5838.jpg,41828.53,2025-01-30 21:31:49.298791,verified
404,1279,e_wallet,,70847.54,2024-12-01 08:31:49.298791,verified
405,1280,cash,https://storage.shop.com/receipts/sa_1280_5294.jpg,129651.80,2023-03-25 16:31:49.298791,verified
406,1281,bank_transfer,,114586.13,2025-11-20 18:31:49.298791,verified
407,1282,e_wallet,https://storage.shop.com/receipts/sa_1282_3494.jpg,60604.68,2024-10-15 05:31:49.298791,verified
408,1283,cheque,,63607.76,2024-04-08 02:31:49.298791,verified
409,1284,credit_card,https://storage.shop.com/receipts/sa_1284_685.jpg,79236.90,2025-12-14 08:31:49.298791,pending
410,1285,credit_card,https://storage.shop.com/receipts/sa_1285_3954.jpg,137122.23,2026-01-20 20:31:49.298791,verified
411,1286,cash,https://storage.shop.com/receipts/sa_1286_4910.jpg,91170.68,2024-12-18 14:31:49.298791,pending
412,1287,cash,https://storage.shop.com/receipts/sa_1287_237.jpg,73683.55,2025-06-11 04:31:49.298791,verified
413,1288,cheque,https://storage.shop.com/receipts/sa_1288_9681.jpg,146364.04,2024-03-03 06:31:49.298791,verified
414,1289,cheque,,66755.40,2025-04-13 10:31:49.298791,verified
415,1290,cash,,79809.08,2023-04-17 10:31:49.298791,pending
416,1291,cash,,138357.77,2024-03-20 21:31:49.298791,verified
417,1292,cash,https://storage.shop.com/receipts/sa_1292_4491.jpg,123662.95,2024-09-10 13:31:49.298791,verified
418,1293,cash,,138066.37,2025-09-29 01:31:49.298791,verified
419,1294,bank_transfer,https://storage.shop.com/receipts/sa_1294_407.jpg,132102.62,2025-12-02 21:31:49.298791,verified
420,1295,cash,https://storage.shop.com/receipts/sa_1295_6984.jpg,118325.88,2024-10-17 19:31:49.298791,verified
421,1296,e_wallet,,106803.91,2025-06-12 00:31:49.298791,verified
422,1297,bank_transfer,,49130.01,2024-11-26 10:31:49.298791,verified
423,1298,bank_transfer,https://storage.shop.com/receipts/sa_1298_4301.jpg,61310.88,2025-06-04 04:31:49.298791,verified
424,1299,bank_transfer,https://storage.shop.com/receipts/sa_1299_1641.jpg,148860.38,2024-03-03 22:31:49.298791,verified
425,1300,credit_card,,68427.17,2025-02-13 06:31:49.298791,verified
426,1301,bank_transfer,https://storage.shop.com/receipts/sa_1301_3444.jpg,103573.66,2023-07-31 15:31:49.298791,pending
427,1302,e_wallet,https://storage.shop.com/receipts/sa_1302_3102.jpg,53798.53,2024-06-01 22:31:49.298791,verified
428,1303,bank_transfer,https://storage.shop.com/receipts/sa_1303_284.jpg,98993.39,2025-05-13 20:31:49.298791,verified
429,1304,credit_card,https://storage.shop.com/receipts/sa_1304_7283.jpg,38720.53,2025-10-27 03:31:49.298791,verified
430,1305,credit_card,https://storage.shop.com/receipts/sa_1305_5335.jpg,59346.25,2024-01-08 14:31:49.298791,verified
431,1306,credit_card,,142883.31,2023-08-25 07:31:49.298791,verified
432,1307,cash,https://storage.shop.com/receipts/sa_1307_900.jpg,73646.36,2025-10-12 17:31:49.298791,verified
433,1308,bank_transfer,,75996.32,2025-10-18 16:31:49.298791,verified
434,1309,bank_transfer,https://storage.shop.com/receipts/sa_1309_4476.jpg,69198.33,2025-08-02 06:31:49.298791,verified
435,1310,bank_transfer,https://storage.shop.com/receipts/sa_1310_6430.jpg,120295.02,2024-03-19 15:31:49.298791,verified
436,1311,cash,,64079.80,2024-12-28 18:31:49.298791,pending
437,1312,e_wallet,https://storage.shop.com/receipts/sa_1312_6135.jpg,33094.67,2023-10-22 08:31:49.298791,verified
438,1313,cheque,https://storage.shop.com/receipts/sa_1313_3002.jpg,119352.32,2023-10-08 07:31:49.298791,verified
439,1314,credit_card,https://storage.shop.com/receipts/sa_1314_1579.jpg,118539.53,2025-11-29 01:31:49.298791,pending
440,1315,cash,https://storage.shop.com/receipts/sa_1315_9450.jpg,60928.23,2023-06-23 00:31:49.298791,verified
441,1316,bank_transfer,https://storage.shop.com/receipts/sa_1316_226.jpg,60907.90,2023-02-08 18:31:49.298791,verified
442,1317,cheque,https://storage.shop.com/receipts/sa_1317_7057.jpg,56927.44,2023-05-17 23:31:49.298791,verified
443,1318,bank_transfer,https://storage.shop.com/receipts/sa_1318_2938.jpg,92193.71,2025-06-15 20:31:49.298791,pending
444,1319,e_wallet,https://storage.shop.com/receipts/sa_1319_9045.jpg,64488.10,2023-07-18 14:31:49.298791,verified
445,1320,cheque,https://storage.shop.com/receipts/sa_1320_5070.jpg,106833.62,2024-03-12 08:31:49.298791,verified
446,1321,cash,,35213.26,2024-07-12 10:31:49.298791,verified
447,1322,cheque,https://storage.shop.com/receipts/sa_1322_5101.jpg,43871.50,2024-12-28 08:31:49.298791,pending
448,1323,cheque,https://storage.shop.com/receipts/sa_1323_9000.jpg,148002.46,2025-08-07 07:31:49.298791,verified
449,1324,cash,,121613.24,2024-02-22 11:31:49.298791,verified
450,1325,cash,https://storage.shop.com/receipts/sa_1325_9223.jpg,57203.97,2023-09-06 07:31:49.298791,verified
451,1326,bank_transfer,https://storage.shop.com/receipts/sa_1326_3285.jpg,96445.47,2025-04-10 21:31:49.298791,verified
452,1327,cash,,32498.77,2024-04-19 22:31:49.298791,verified
453,1328,credit_card,https://storage.shop.com/receipts/sa_1328_5554.jpg,79460.35,2025-04-06 11:31:49.298791,verified
454,1329,cheque,https://storage.shop.com/receipts/sa_1329_8580.jpg,63466.05,2024-08-20 11:31:49.298791,verified
455,1330,credit_card,,105343.80,2023-04-07 08:31:49.298791,verified
456,1331,e_wallet,https://storage.shop.com/receipts/sa_1331_7561.jpg,117932.17,2025-05-25 13:31:49.298791,pending
457,1332,e_wallet,https://storage.shop.com/receipts/sa_1332_2871.jpg,69549.74,2024-07-13 22:31:49.298791,verified
458,1333,cash,https://storage.shop.com/receipts/sa_1333_908.jpg,147249.28,2023-11-18 01:31:49.298791,verified
459,1334,bank_transfer,https://storage.shop.com/receipts/sa_1334_9114.jpg,121532.24,2025-06-06 11:31:49.298791,verified
460,1335,cash,https://storage.shop.com/receipts/sa_1335_6611.jpg,62396.62,2023-02-12 06:31:49.298791,verified
461,1336,cheque,https://storage.shop.com/receipts/sa_1336_4224.jpg,35297.51,2024-06-08 13:31:49.298791,verified
462,1337,e_wallet,https://storage.shop.com/receipts/sa_1337_7346.jpg,43725.53,2024-07-13 02:31:49.298791,verified
463,1338,cheque,https://storage.shop.com/receipts/sa_1338_8238.jpg,120098.36,2025-08-26 22:31:49.298791,verified
464,1339,cheque,,60091.76,2025-03-04 05:31:49.298791,verified
465,1340,bank_transfer,https://storage.shop.com/receipts/sa_1340_5580.jpg,49118.22,2024-08-11 00:31:49.298791,verified
466,1341,e_wallet,https://storage.shop.com/receipts/sa_1341_7499.jpg,117311.86,2023-07-29 15:31:49.298791,verified
467,1342,cash,https://storage.shop.com/receipts/sa_1342_1642.jpg,79684.49,2025-12-03 23:31:49.298791,verified
468,1343,e_wallet,,73569.88,2024-06-29 13:31:49.298791,pending
469,1344,cash,https://storage.shop.com/receipts/sa_1344_246.jpg,55043.63,2025-10-28 00:31:49.298791,verified
470,1345,bank_transfer,https://storage.shop.com/receipts/sa_1345_6498.jpg,106160.50,2025-09-01 06:31:49.298791,verified
471,1346,cheque,https://storage.shop.com/receipts/sa_1346_3446.jpg,44902.44,2024-05-09 10:31:49.298791,verified
472,1347,credit_card,https://storage.shop.com/receipts/sa_1347_4653.jpg,103769.94,2024-11-14 00:31:49.298791,verified
473,1348,e_wallet,https://storage.shop.com/receipts/sa_1348_6309.jpg,63891.01,2024-04-03 02:31:49.298791,pending
474,1349,cash,https://storage.shop.com/receipts/sa_1349_5034.jpg,137861.66,2024-08-29 08:31:49.298791,verified
475,1350,bank_transfer,https://storage.shop.com/receipts/sa_1350_1140.jpg,105676.82,2023-08-17 00:31:49.298791,verified
476,1351,cheque,,95873.37,2024-02-18 22:31:49.298791,verified
477,1352,cash,https://storage.shop.com/receipts/sa_1352_2832.jpg,72966.97,2024-09-11 01:31:49.298791,pending
478,1353,cash,,67797.27,2023-12-08 13:31:49.298791,verified
479,1354,e_wallet,https://storage.shop.com/receipts/sa_1354_7274.jpg,116707.78,2024-03-19 04:31:49.298791,pending
480,1355,e_wallet,https://storage.shop.com/receipts/sa_1355_4629.jpg,63034.57,2025-01-08 14:31:49.298791,verified
481,1356,cheque,,77333.89,2025-06-23 20:31:49.298791,verified
482,1357,e_wallet,https://storage.shop.com/receipts/sa_1357_5498.jpg,122305.19,2024-08-22 08:31:49.298791,pending
483,1358,bank_transfer,,72475.68,2023-06-05 04:31:49.298791,verified
484,1359,bank_transfer,https://storage.shop.com/receipts/sa_1359_5530.jpg,43457.34,2023-09-29 19:31:49.298791,verified
485,1360,cash,,135087.21,2024-07-07 21:31:49.298791,verified
486,1361,cheque,https://storage.shop.com/receipts/sa_1361_9600.jpg,74819.38,2023-06-18 16:31:49.298791,pending
487,1362,cash,,66810.61,2024-12-23 17:31:49.298791,verified
488,1363,cash,,79557.03,2025-04-24 17:31:49.298791,verified
489,1364,e_wallet,https://storage.shop.com/receipts/sa_1364_54.jpg,83704.79,2023-07-28 15:31:49.298791,pending
490,1365,credit_card,https://storage.shop.com/receipts/sa_1365_6236.jpg,36212.63,2025-05-11 23:31:49.298791,verified
491,1366,cash,,53874.63,2024-07-30 01:31:49.298791,rejected
492,1367,bank_transfer,https://storage.shop.com/receipts/sa_1367_9549.jpg,120280.62,2023-11-29 18:31:49.298791,verified
493,1368,bank_transfer,https://storage.shop.com/receipts/sa_1368_6961.jpg,74420.76,2024-07-22 00:31:49.298791,verified
494,1369,credit_card,https://storage.shop.com/receipts/sa_1369_6035.jpg,82370.91,2025-05-14 12:31:49.298791,verified
495,1370,cheque,https://storage.shop.com/receipts/sa_1370_7087.jpg,42109.22,2023-07-25 16:31:49.298791,pending
496,1371,cheque,,54324.21,2024-09-23 04:31:49.298791,verified
497,1372,cash,,143994.05,2026-02-05 16:31:49.298791,pending
498,1373,cheque,,74599.11,2023-11-21 08:31:49.298791,verified
499,1374,bank_transfer,https://storage.shop.com/receipts/sa_1374_4356.jpg,63936.34,2023-05-28 20:31:49.298791,verified
500,1375,credit_card,,76931.68,2023-07-17 20:31:49.298791,verified
501,1376,e_wallet,,31.94,2026-06-30 18:27:49.486015,verified
502,1377,cash,https://storage.shop.com/receipts/sb_1377_5408.jpg,24.10,2026-05-25 18:25:49.486015,verified
503,1378,e_wallet,https://storage.shop.com/receipts/sb_1378_5110.jpg,11.51,2026-06-07 16:52:49.486015,verified
504,1379,debit_card,,20.12,2026-06-26 16:34:49.486015,verified
505,1380,cash,,49.71,2026-05-21 18:58:49.486015,verified
506,1381,cash,,56.85,2026-06-08 19:55:49.486015,verified
507,1382,cash,,41.21,2026-05-25 17:36:49.486015,verified
508,1383,cash,,13.38,2026-05-09 20:00:49.486015,verified
509,1384,cash,,47.88,2026-06-23 17:55:49.486015,verified
510,1385,cash,,29.34,2026-06-04 16:38:49.486015,verified
511,1386,cash,,27.17,2026-08-04 18:28:49.486015,verified
512,1387,e_wallet,,61.83,2026-05-08 17:29:49.486015,verified
513,1388,e_wallet,https://storage.shop.com/receipts/sb_1388_7319.jpg,66.31,2026-03-05 16:47:49.486015,verified
514,1389,cash,https://storage.shop.com/receipts/sb_1389_4563.jpg,27.92,2026-07-06 17:48:49.486015,verified
515,1390,cash,https://storage.shop.com/receipts/sb_1390_3619.jpg,15.39,2026-02-08 17:26:49.486015,verified
516,1391,cash,https://storage.shop.com/receipts/sb_1391_3821.jpg,17.48,2026-06-05 19:28:49.486015,verified
517,1392,cash,,93.49,2024-04-16 16:49:49.486015,verified
518,1393,cash,,58.99,2026-06-01 20:19:49.486015,verified
519,1394,cash,https://storage.shop.com/receipts/sb_1394_4966.jpg,36.97,2026-03-26 17:23:49.486015,verified
520,1395,e_wallet,https://storage.shop.com/receipts/sb_1395_7462.jpg,13.85,2026-06-15 16:50:49.486015,verified
521,1396,e_wallet,,63.20,2026-05-19 19:17:49.486015,verified
522,1397,cash,https://storage.shop.com/receipts/sb_1397_40.jpg,79.07,2026-06-16 17:03:49.486015,verified
523,1398,cash,,83.29,2026-07-16 18:25:49.486015,verified
524,1399,cash,,32.26,2026-06-11 17:35:49.486015,verified
525,1400,debit_card,,49.27,2026-04-26 19:02:49.486015,verified
526,1401,cash,,93.21,2026-07-26 19:54:49.486015,pending
527,1402,cash,https://storage.shop.com/receipts/sb_1402_1906.jpg,56.57,2026-08-02 17:13:49.486015,pending
528,1403,cash,,35.55,2026-07-27 18:42:49.486015,pending
529,1404,debit_card,,20.55,2024-02-07 18:01:49.486015,verified
530,1405,cash,,38.36,2025-04-23 20:31:49.486015,verified
531,1406,cash,,44.82,2026-07-03 18:46:49.486015,verified
532,1407,e_wallet,,45.18,2026-06-12 18:09:49.486015,verified
533,1408,cash,,87.03,2026-06-23 19:20:49.486015,verified
534,1409,cash,,30.33,2026-03-21 19:46:49.486015,verified
535,1410,cash,,54.92,2026-07-09 17:16:49.486015,verified
536,1411,debit_card,,48.48,2026-05-24 19:49:49.486015,verified
537,1412,e_wallet,https://storage.shop.com/receipts/sb_1412_9044.jpg,31.09,2026-03-20 19:44:49.486015,verified
538,1413,debit_card,https://storage.shop.com/receipts/sb_1413_6661.jpg,29.88,2026-06-07 18:37:49.486015,verified
539,1414,cash,https://storage.shop.com/receipts/sb_1414_9753.jpg,62.42,2026-06-09 18:28:49.486015,verified
540,1415,cash,https://storage.shop.com/receipts/sb_1415_5282.jpg,44.49,2026-05-29 19:45:49.486015,verified
541,1417,cash,https://storage.shop.com/receipts/sb_1417_5916.jpg,21.70,2026-07-09 18:17:49.486015,verified
542,1418,cash,https://storage.shop.com/receipts/sb_1418_6681.jpg,62.55,2026-04-13 18:42:49.486015,verified
543,1419,cash,https://storage.shop.com/receipts/sb_1419_9534.jpg,53.77,2026-06-18 16:59:49.486015,verified
544,1420,cash,,97.01,2026-06-22 18:46:49.486015,verified
545,1421,e_wallet,https://storage.shop.com/receipts/sb_1421_750.jpg,56.77,2026-06-16 20:13:49.486015,verified
546,1423,cash,,64.68,2024-05-08 17:04:49.486015,verified
547,1424,cash,https://storage.shop.com/receipts/sb_1424_4010.jpg,6.21,2026-05-08 20:29:49.486015,verified
548,1425,cash,,15.02,2026-08-03 16:57:49.486015,verified
549,1426,cash,,49.54,2026-06-06 19:42:49.486015,verified
550,1427,debit_card,https://storage.shop.com/receipts/sb_1427_81.jpg,24.62,2026-08-03 17:41:49.486015,verified
551,1429,debit_card,,34.22,2026-05-08 20:16:49.486015,verified
552,1430,debit_card,https://storage.shop.com/receipts/sb_1430_95.jpg,29.95,2026-07-24 16:32:49.486015,verified
553,1431,cash,,67.20,2026-07-02 17:53:49.486015,verified
554,1432,e_wallet,,48.11,2026-05-10 17:21:49.486015,verified
555,1433,cash,https://storage.shop.com/receipts/sb_1433_3287.jpg,25.74,2024-05-29 18:46:49.486015,verified
556,1434,cash,,93.53,2026-06-29 16:49:49.486015,verified
557,1435,debit_card,https://storage.shop.com/receipts/sb_1435_1117.jpg,82.61,2026-03-22 20:30:49.486015,verified
558,1436,e_wallet,https://storage.shop.com/receipts/sb_1436_4870.jpg,92.29,2026-07-06 17:37:49.486015,verified
559,1437,cash,,94.34,2026-06-14 19:23:49.486015,verified
560,1438,cash,,63.30,2026-06-08 18:08:49.486015,verified
561,1439,cash,,59.80,2026-06-03 17:41:49.486015,verified
562,1440,cash,,31.16,2026-07-16 17:11:49.486015,verified
563,1441,cash,,14.35,2026-06-06 16:55:49.486015,pending
564,1442,cash,,29.41,2026-06-07 20:25:49.486015,verified
565,1443,cash,,40.94,2026-07-03 19:00:49.486015,verified
566,1444,cash,,39.50,2025-12-30 19:56:49.486015,verified
567,1445,debit_card,,99.55,2025-07-22 18:52:49.486015,verified
568,1446,cash,,37.48,2026-05-28 16:44:49.486015,verified
569,1447,cash,,91.72,2026-04-17 19:44:49.486015,verified
570,1448,cash,https://storage.shop.com/receipts/sb_1448_7348.jpg,9.88,2026-06-23 18:57:49.486015,verified
571,1449,cash,,95.88,2026-03-20 18:05:49.486015,verified
572,1450,cash,,13.24,2026-06-25 19:30:49.486015,pending
573,1451,cash,https://storage.shop.com/receipts/sb_1451_947.jpg,60.42,2026-06-15 20:24:49.486015,verified
574,1452,debit_card,https://storage.shop.com/receipts/sb_1452_220.jpg,84.25,2026-04-27 17:42:49.486015,verified
575,1453,cash,https://storage.shop.com/receipts/sb_1453_5433.jpg,18.59,2024-06-07 17:29:49.486015,verified
576,1454,cash,,19.37,2026-07-04 19:08:49.486015,verified
577,1455,cash,,32.48,2026-07-29 20:23:49.486015,verified
578,1456,cash,,75.53,2026-07-02 18:10:49.486015,verified
579,1457,cash,https://storage.shop.com/receipts/sb_1457_4811.jpg,37.60,2026-06-21 20:29:49.486015,verified
580,1458,cash,,81.56,2026-07-21 19:45:49.486015,verified
581,1459,cash,,43.43,2026-06-20 19:26:49.486015,verified
582,1460,cash,,11.29,2026-07-13 18:30:49.486015,verified
583,1461,e_wallet,,25.63,2026-06-15 17:33:49.486015,verified
584,1462,debit_card,https://storage.shop.com/receipts/sb_1462_4093.jpg,35.12,2026-06-26 16:57:49.486015,verified
585,1463,debit_card,,84.77,2026-05-24 19:59:49.486015,verified
586,1464,cash,,45.62,2025-01-31 20:28:49.486015,verified
587,1465,debit_card,https://storage.shop.com/receipts/sb_1465_2864.jpg,59.61,2026-07-04 19:57:49.486015,pending
588,1467,debit_card,,17.91,2026-07-27 16:40:49.486015,verified
589,1468,cash,,34.97,2026-06-24 20:01:49.486015,verified
590,1469,cash,,24.95,2025-05-26 19:05:49.486015,verified
591,1470,cash,,39.63,2026-04-21 19:56:49.486015,verified
592,1471,cash,,46.26,2026-06-19 18:54:49.486015,pending
593,1472,e_wallet,https://storage.shop.com/receipts/sb_1472_2931.jpg,86.82,2026-07-20 20:17:49.486015,verified
594,1473,debit_card,https://storage.shop.com/receipts/sb_1473_2346.jpg,83.54,2026-06-11 19:30:49.486015,verified
595,1474,cash,,72.34,2026-06-06 19:01:49.486015,verified
596,1475,cash,,63.76,2026-06-19 20:20:49.486015,pending
597,1476,cash,https://storage.shop.com/receipts/sb_1476_4685.jpg,91.24,2026-06-08 18:30:49.486015,verified
598,1477,debit_card,https://storage.shop.com/receipts/sb_1477_8071.jpg,39.28,2026-05-15 18:52:49.486015,verified
599,1478,cash,,90.84,2026-05-20 18:23:49.486015,verified
600,1479,cash,,49.04,2026-06-10 17:27:49.486015,verified
601,1480,cash,,67.56,2026-07-13 17:34:49.486015,verified
602,1481,cash,,62.59,2026-07-21 18:49:49.486015,verified
603,1482,cash,https://storage.shop.com/receipts/sb_1482_1797.jpg,17.13,2026-05-11 19:11:49.486015,verified
604,1483,debit_card,https://storage.shop.com/receipts/sb_1483_1757.jpg,83.71,2026-06-21 18:24:49.486015,verified
605,1484,debit_card,https://storage.shop.com/receipts/sb_1484_5211.jpg,69.50,2026-03-28 17:23:49.486015,verified
606,1485,cash,,30.98,2026-07-23 20:21:49.486015,verified
607,1486,e_wallet,https://storage.shop.com/receipts/sb_1486_2154.jpg,19.30,2026-06-09 16:35:49.486015,verified
608,1487,cash,https://storage.shop.com/receipts/sb_1487_8249.jpg,91.90,2026-04-30 18:19:49.486015,pending
609,1488,cash,https://storage.shop.com/receipts/sb_1488_8876.jpg,5.68,2025-12-21 18:29:49.486015,verified
610,1489,cash,https://storage.shop.com/receipts/sb_1489_6224.jpg,62.98,2026-06-13 17:20:49.486015,verified
611,1490,cash,https://storage.shop.com/receipts/sb_1490_6816.jpg,91.01,2026-07-22 19:25:49.486015,verified
612,1491,cash,https://storage.shop.com/receipts/sb_1491_1843.jpg,27.63,2026-02-14 16:49:49.486015,verified
613,1492,cash,,95.89,2026-07-11 18:02:49.486015,verified
614,1493,cash,,90.54,2026-06-20 20:19:49.486015,verified
615,1494,cash,https://storage.shop.com/receipts/sb_1494_1387.jpg,60.19,2026-06-17 19:05:49.486015,verified
616,1495,e_wallet,https://storage.shop.com/receipts/sb_1495_5341.jpg,45.82,2026-04-08 16:32:49.486015,verified
617,1496,cash,,58.09,2024-05-16 19:59:49.486015,verified
618,1497,e_wallet,,23.27,2026-08-04 20:17:49.486015,verified
619,1498,cash,https://storage.shop.com/receipts/sb_1498_8092.jpg,81.23,2026-06-06 17:53:49.486015,verified
620,1499,cash,https://storage.shop.com/receipts/sb_1499_6847.jpg,38.90,2026-07-14 19:25:49.486015,verified
621,1500,cash,https://storage.shop.com/receipts/sb_1500_7132.jpg,9.74,2026-07-17 19:18:49.486015,verified
622,1501,cash,,62.79,2026-04-08 18:54:49.486015,verified
623,1502,debit_card,,39.42,2026-05-12 17:13:49.486015,verified
624,1505,e_wallet,https://storage.shop.com/receipts/sb_1505_8093.jpg,97.88,2026-07-09 20:24:49.486015,verified
625,1506,cash,,17.73,2026-02-24 18:06:49.486015,verified
626,1507,debit_card,https://storage.shop.com/receipts/sb_1507_9605.jpg,55.68,2026-05-21 18:10:49.486015,verified
627,1508,cash,,69.20,2026-07-13 16:36:49.486015,verified
628,1509,cash,,39.35,2026-06-10 17:23:49.486015,pending
629,1510,cash,,47.73,2026-06-04 17:12:49.486015,verified
630,1511,cash,,29.59,2026-07-13 20:18:49.486015,verified
631,1512,cash,https://storage.shop.com/receipts/sb_1512_8249.jpg,18.10,2026-07-25 17:59:49.486015,verified
632,1515,cash,,64.13,2026-06-05 20:07:49.486015,verified
633,1516,cash,,66.46,2026-06-07 16:55:49.486015,verified
634,1517,cash,,27.50,2026-07-01 19:06:49.486015,verified
635,1518,debit_card,,76.12,2026-05-25 19:28:49.486015,verified
636,1520,debit_card,https://storage.shop.com/receipts/sb_1520_9660.jpg,80.27,2026-06-18 20:05:49.486015,verified
637,1522,cash,https://storage.shop.com/receipts/sb_1522_7709.jpg,62.55,2026-08-03 18:16:49.486015,verified
638,1523,cash,,10.48,2026-05-11 20:05:49.486015,verified
639,1524,e_wallet,,59.93,2026-06-15 16:59:49.486015,verified
640,1525,cash,,14.44,2026-07-31 16:46:49.486015,verified
641,1526,cash,,15.30,2026-07-07 18:06:49.486015,verified
642,1527,cash,,48.75,2026-07-11 16:59:49.486015,verified
643,1528,cash,,90.45,2026-06-30 16:50:49.486015,verified
644,1529,debit_card,https://storage.shop.com/receipts/sb_1529_5964.jpg,45.59,2026-04-14 19:03:49.486015,verified
645,1530,cash,https://storage.shop.com/receipts/sb_1530_6969.jpg,23.59,2026-05-03 19:32:49.486015,verified
646,1531,debit_card,,93.18,2026-06-30 19:04:49.486015,verified
647,1532,e_wallet,https://storage.shop.com/receipts/sb_1532_3625.jpg,6.65,2026-07-12 19:35:49.486015,verified
648,1533,cash,,19.35,2024-08-16 19:28:49.486015,verified
649,1534,debit_card,https://storage.shop.com/receipts/sb_1534_5117.jpg,59.12,2026-07-13 18:25:49.486015,verified
650,1535,e_wallet,,41.43,2026-06-21 17:53:49.486015,pending
651,1536,e_wallet,https://storage.shop.com/receipts/sb_1536_7145.jpg,33.69,2026-04-21 20:13:49.486015,verified
652,1537,cash,,92.21,2026-05-24 17:49:49.486015,verified
653,1538,debit_card,https://storage.shop.com/receipts/sb_1538_5612.jpg,99.69,2026-05-31 16:57:49.486015,verified
654,1539,cash,,12.94,2026-07-21 16:46:49.486015,verified
655,1540,cash,https://storage.shop.com/receipts/sb_1540_9948.jpg,18.09,2026-06-27 18:11:49.486015,verified
656,1541,e_wallet,,13.75,2026-06-22 17:56:49.486015,verified
657,1542,e_wallet,,57.22,2026-04-01 19:10:49.486015,verified
658,1543,cash,,95.26,2024-03-13 19:56:49.486015,verified
659,1544,debit_card,,65.46,2026-04-28 16:45:49.486015,verified
660,1545,cash,,65.21,2026-07-04 16:37:49.486015,verified
661,1546,debit_card,https://storage.shop.com/receipts/sb_1546_3768.jpg,54.38,2026-06-22 16:53:49.486015,verified
662,1547,e_wallet,https://storage.shop.com/receipts/sb_1547_6517.jpg,36.99,2026-08-02 16:50:49.486015,verified
663,1548,debit_card,,14.43,2026-07-22 20:24:49.486015,verified
664,1549,debit_card,https://storage.shop.com/receipts/sb_1549_5143.jpg,43.46,2026-06-04 16:44:49.486015,verified
665,1550,cash,,82.25,2024-12-12 17:33:49.486015,verified
666,1551,debit_card,,78.85,2026-06-10 18:03:49.486015,verified
667,1552,cash,,52.30,2026-03-02 19:54:49.486015,verified
668,1553,cash,,86.19,2026-01-23 17:09:49.486015,verified
669,1554,cash,,89.64,2026-06-19 17:31:49.486015,verified
670,1555,debit_card,,29.60,2026-05-11 19:41:49.486015,verified
671,1556,cash,https://storage.shop.com/receipts/sb_1556_6479.jpg,40.59,2026-04-08 19:48:49.486015,verified
672,1557,cash,,28.70,2024-08-20 19:24:49.486015,verified
673,1558,e_wallet,,17.25,2026-02-09 18:23:49.486015,verified
674,1559,cash,https://storage.shop.com/receipts/sb_1559_7541.jpg,21.53,2026-02-26 19:01:49.486015,verified
675,1560,e_wallet,,37.12,2026-04-14 17:58:49.486015,verified
676,1561,e_wallet,,20.52,2026-05-20 16:47:49.486015,verified
677,1562,debit_card,,15.19,2026-07-19 18:51:49.486015,verified
678,1563,cash,,10.74,2026-07-21 18:39:49.486015,verified
679,1564,e_wallet,,86.89,2025-02-19 17:16:49.486015,verified
680,1565,debit_card,,43.18,2026-06-19 19:14:49.486015,verified
681,1566,debit_card,,97.17,2026-07-02 20:16:49.486015,verified
682,1567,debit_card,,52.89,2026-07-10 18:39:49.486015,verified
683,1568,cash,,48.71,2026-04-25 18:37:49.486015,verified
684,1569,cash,,42.23,2026-06-25 19:32:49.486015,verified
685,1570,cash,https://storage.shop.com/receipts/sb_1570_4902.jpg,83.56,2026-08-02 17:34:49.486015,verified
686,1571,e_wallet,,52.33,2026-06-24 18:36:49.486015,verified
687,1572,cash,https://storage.shop.com/receipts/sb_1572_4530.jpg,79.06,2026-07-26 17:10:49.486015,verified
688,1573,cash,https://storage.shop.com/receipts/sb_1573_5534.jpg,16.73,2026-05-17 18:04:49.486015,verified
689,1574,e_wallet,https://storage.shop.com/receipts/sb_1574_1943.jpg,43.99,2026-07-06 18:26:49.486015,verified
690,1576,e_wallet,https://storage.shop.com/receipts/sb_1576_2967.jpg,68.26,2026-05-16 18:14:49.486015,verified
691,1577,cash,,81.30,2026-05-25 16:51:49.486015,verified
692,1578,cash,,42.41,2026-07-16 16:41:49.486015,verified
693,1579,cash,https://storage.shop.com/receipts/sb_1579_6436.jpg,71.49,2026-07-26 19:04:49.486015,verified
694,1580,debit_card,https://storage.shop.com/receipts/sb_1580_814.jpg,19.61,2026-04-03 17:32:49.486015,verified
695,1581,debit_card,,30.95,2026-05-20 18:22:49.486015,verified
696,1582,cash,,90.48,2026-05-06 19:48:49.486015,verified
697,1583,cash,,51.66,2026-06-07 19:43:49.486015,verified
698,1584,cash,,82.70,2026-05-30 18:35:49.486015,verified
699,1585,e_wallet,https://storage.shop.com/receipts/sb_1585_3471.jpg,56.15,2026-07-27 17:30:49.486015,verified
700,1586,cash,,14.83,2026-05-10 19:59:49.486015,verified
701,1587,cash,,50.77,2026-06-18 19:59:49.486015,verified
702,1588,cash,https://storage.shop.com/receipts/sb_1588_9933.jpg,87.84,2026-03-28 18:08:49.486015,verified
703,1589,e_wallet,https://storage.shop.com/receipts/sb_1589_3721.jpg,70.62,2024-06-06 16:40:49.486015,verified
704,1590,cash,https://storage.shop.com/receipts/sb_1590_7273.jpg,20.57,2026-07-22 17:12:49.486015,verified
705,1591,cash,https://storage.shop.com/receipts/sb_1591_2569.jpg,38.48,2026-06-05 17:56:49.486015,verified
706,1592,cash,https://storage.shop.com/receipts/sb_1592_8780.jpg,61.12,2026-05-31 19:49:49.486015,verified
707,1593,e_wallet,https://storage.shop.com/receipts/sb_1593_9379.jpg,60.01,2026-03-03 20:23:49.486015,verified
708,1594,e_wallet,https://storage.shop.com/receipts/sb_1594_4974.jpg,73.25,2026-07-18 19:32:49.486015,verified
709,1595,cash,,62.33,2026-04-20 16:43:49.486015,verified
710,1596,e_wallet,,32.69,2026-07-24 17:10:49.486015,verified
711,1598,cash,https://storage.shop.com/receipts/sb_1598_1838.jpg,9.85,2026-06-15 18:40:49.486015,verified
712,1599,debit_card,https://storage.shop.com/receipts/sb_1599_3087.jpg,77.69,2025-12-04 18:06:49.486015,verified
713,1600,debit_card,,38.99,2026-02-09 18:05:49.486015,verified
714,1601,debit_card,,50.54,2026-07-28 19:50:49.486015,verified
715,1602,e_wallet,,97.46,2026-06-01 18:18:49.486015,verified
716,1603,cash,,15.45,2026-07-07 17:09:49.486015,verified
717,1604,e_wallet,,68.31,2026-07-29 18:58:49.486015,verified
718,1605,cash,,21.62,2026-05-22 17:23:49.486015,verified
719,1606,cash,,10.26,2026-05-31 19:48:49.486015,verified
720,1607,e_wallet,,33.58,2026-07-06 16:44:49.486015,verified
721,1608,cash,,88.74,2026-03-03 19:58:49.486015,verified
722,1610,cash,https://storage.shop.com/receipts/sb_1610_4666.jpg,36.32,2026-06-13 18:56:49.486015,verified
723,1611,cash,https://storage.shop.com/receipts/sb_1611_5101.jpg,82.86,2026-06-29 20:31:49.486015,verified
724,1612,cash,,99.15,2026-04-04 16:41:49.486015,verified
725,1613,cash,https://storage.shop.com/receipts/sb_1613_6027.jpg,24.66,2026-05-24 18:40:49.486015,verified
726,1614,cash,,16.15,2026-02-26 18:00:49.486015,verified
727,1615,debit_card,https://storage.shop.com/receipts/sb_1615_8809.jpg,38.86,2026-05-13 17:56:49.486015,verified
728,1616,cash,,16.86,2026-05-13 16:48:49.486015,verified
729,1617,e_wallet,,60.71,2026-04-02 16:55:49.486015,verified
730,1618,cash,,66.12,2026-07-29 16:51:49.486015,verified
731,1619,e_wallet,,77.33,2026-05-11 18:28:49.486015,verified
732,1620,cash,https://storage.shop.com/receipts/sb_1620_6419.jpg,18.81,2026-03-27 19:20:49.486015,pending
733,1621,cash,,17.12,2026-03-02 19:15:49.486015,verified
734,1622,debit_card,https://storage.shop.com/receipts/sb_1622_8487.jpg,5.94,2026-07-05 17:11:49.486015,verified
735,1623,cash,,51.05,2026-06-17 18:48:49.486015,verified
736,1624,debit_card,https://storage.shop.com/receipts/sb_1624_44.jpg,63.00,2026-06-05 19:00:49.486015,verified
737,1625,cash,https://storage.shop.com/receipts/sb_1625_4428.jpg,26.93,2026-06-10 16:38:49.486015,verified
738,1626,cash,https://storage.shop.com/receipts/sb_1626_63.jpg,64.88,2026-06-28 18:02:49.486015,verified
739,1627,debit_card,https://storage.shop.com/receipts/sb_1627_362.jpg,77.43,2026-08-03 17:40:49.486015,verified
740,1628,debit_card,https://storage.shop.com/receipts/sb_1628_5559.jpg,48.80,2026-05-11 18:40:49.486015,pending
741,1629,debit_card,,21.12,2026-05-23 16:32:49.486015,verified
742,1631,e_wallet,,18.39,2026-05-19 19:52:49.486015,verified
743,1632,cash,https://storage.shop.com/receipts/sb_1632_1191.jpg,52.86,2024-04-24 16:33:49.486015,verified
744,1633,cash,https://storage.shop.com/receipts/sb_1633_7639.jpg,36.66,2026-04-16 17:30:49.486015,verified
745,1634,cash,,41.50,2026-05-26 17:34:49.486015,verified
746,1635,e_wallet,https://storage.shop.com/receipts/sb_1635_9082.jpg,90.45,2026-03-15 20:22:49.486015,verified
747,1636,cash,,27.43,2026-05-18 17:30:49.486015,verified
748,1637,cash,https://storage.shop.com/receipts/sb_1637_9265.jpg,68.49,2026-06-09 17:19:49.486015,verified
749,1638,cash,,34.34,2026-06-01 19:11:49.486015,verified
750,1639,cash,https://storage.shop.com/receipts/sb_1639_9728.jpg,37.21,2026-06-26 17:30:49.486015,verified
751,1640,e_wallet,,26.45,2026-03-07 19:29:49.486015,verified
752,1641,cash,https://storage.shop.com/receipts/sb_1641_5008.jpg,11.68,2026-03-07 17:30:49.486015,verified
753,1642,debit_card,,40.45,2026-07-01 16:54:49.486015,verified
754,1643,cash,,80.60,2026-07-20 19:11:49.486015,verified
759,1648,debit_card,https://storage.shop.com/receipts/sb_1648_716.jpg,13.78,2026-06-27 17:54:49.486015,verified
760,1649,cash,,55.95,2026-06-28 20:00:49.486015,verified
761,1650,debit_card,https://storage.shop.com/receipts/sb_1650_6848.jpg,69.40,2026-07-17 19:55:49.486015,verified
762,1651,cash,,97.08,2026-06-05 19:13:49.486015,verified
763,1652,cash,,45.54,2025-09-11 19:40:49.486015,verified
764,1653,cash,,56.22,2026-06-01 20:02:49.486015,verified
765,1654,cash,,27.50,2026-06-01 19:43:49.486015,verified
766,1655,e_wallet,,66.74,2026-03-12 19:49:49.486015,verified
767,1656,cash,,30.68,2026-05-17 19:41:49.486015,verified
768,1657,debit_card,,37.02,2026-05-06 20:05:49.486015,pending
769,1658,cash,https://storage.shop.com/receipts/sb_1658_7732.jpg,65.51,2026-03-22 16:39:49.486015,verified
770,1659,cash,https://storage.shop.com/receipts/sb_1659_6364.jpg,40.54,2026-02-26 20:22:49.486015,verified
771,1660,debit_card,,82.25,2026-07-11 17:36:49.486015,verified
772,1661,cash,,96.52,2026-06-16 19:57:49.486015,verified
773,1663,cash,,73.66,2026-04-11 19:50:49.486015,verified
774,1664,cash,,37.27,2025-10-24 20:13:49.486015,verified
775,1665,debit_card,,99.61,2026-04-21 19:39:49.486015,verified
776,1666,cash,https://storage.shop.com/receipts/sb_1666_6296.jpg,97.25,2026-03-02 17:25:49.486015,verified
777,1667,debit_card,,60.93,2026-05-11 19:29:49.486015,verified
778,1668,cash,,7.17,2026-07-09 17:31:49.486015,verified
779,1669,cash,,66.63,2026-07-07 16:38:49.486015,verified
780,1670,cash,https://storage.shop.com/receipts/sb_1670_6791.jpg,57.69,2026-07-21 19:19:49.486015,verified
781,1671,e_wallet,,94.27,2026-03-12 19:16:49.486015,verified
782,1672,cash,https://storage.shop.com/receipts/sb_1672_6124.jpg,82.88,2026-06-28 20:04:49.486015,verified
783,1673,cash,https://storage.shop.com/receipts/sb_1673_6852.jpg,57.06,2026-05-11 17:17:49.486015,pending
784,1674,cash,,46.17,2026-05-09 19:33:49.486015,verified
785,1675,e_wallet,,21.89,2026-04-15 16:44:49.486015,verified
786,1676,debit_card,,21.39,2026-04-23 16:32:49.486015,verified
787,1677,cash,,49.77,2025-08-13 20:20:49.486015,verified
788,1678,e_wallet,,7.78,2026-05-04 17:30:49.486015,verified
789,1679,debit_card,https://storage.shop.com/receipts/sb_1679_3036.jpg,47.54,2026-05-26 20:08:49.486015,verified
790,1680,e_wallet,https://storage.shop.com/receipts/sb_1680_8830.jpg,54.05,2026-05-22 17:15:49.486015,pending
791,1681,e_wallet,,10.48,2026-05-28 16:57:49.486015,verified
792,1682,e_wallet,https://storage.shop.com/receipts/sb_1682_4591.jpg,65.02,2026-07-25 17:17:49.486015,verified
793,1683,cash,,43.57,2026-06-30 18:51:49.486015,verified
794,1684,e_wallet,,15.49,2026-05-16 20:02:49.486015,verified
795,1685,cash,,76.93,2026-06-10 18:25:49.486015,verified
796,1688,cash,,53.52,2026-07-20 19:38:49.486015,verified
797,1689,cash,,68.85,2026-06-05 17:23:49.486015,verified
798,1690,cash,,91.53,2024-06-03 17:16:49.486015,verified
799,1691,cash,,58.81,2026-07-16 20:22:49.486015,verified
800,1692,cash,,97.55,2026-07-03 16:59:49.486015,verified
801,1693,cash,https://storage.shop.com/receipts/sb_1693_9447.jpg,88.32,2026-07-09 16:35:49.486015,verified
802,1694,cash,,55.79,2026-06-25 19:02:49.486015,verified
803,1695,cash,https://storage.shop.com/receipts/sb_1695_464.jpg,11.77,2026-05-28 18:53:49.486015,verified
804,1697,cash,https://storage.shop.com/receipts/sb_1697_2715.jpg,35.11,2026-07-22 18:54:49.486015,verified
805,1698,e_wallet,https://storage.shop.com/receipts/sb_1698_5640.jpg,80.15,2026-06-29 18:37:49.486015,verified
806,1700,cash,,98.32,2026-01-08 17:26:49.486015,verified
807,1701,debit_card,,77.53,2025-03-31 16:46:49.486015,verified
808,1702,cash,https://storage.shop.com/receipts/sb_1702_4193.jpg,28.26,2025-05-11 18:23:49.486015,verified
809,1703,cash,,72.79,2026-07-20 19:52:49.486015,verified
810,1704,cash,,60.94,2025-06-23 19:36:49.486015,verified
811,1705,cash,,55.68,2026-06-10 19:07:49.486015,verified
812,1706,cash,,15.97,2026-06-15 20:28:49.486015,verified
813,1707,debit_card,https://storage.shop.com/receipts/sb_1707_9833.jpg,32.39,2026-07-20 17:02:49.486015,verified
814,1709,cash,https://storage.shop.com/receipts/sb_1709_1221.jpg,33.50,2025-01-08 20:24:49.486015,verified
815,1710,cash,https://storage.shop.com/receipts/sb_1710_4797.jpg,69.48,2026-07-08 17:54:49.486015,verified
816,1711,cash,,83.95,2026-06-01 16:41:49.486015,verified
817,1713,cash,,32.78,2026-05-12 17:17:49.486015,verified
818,1715,e_wallet,,44.99,2026-06-06 18:50:49.486015,verified
819,1716,cash,,50.99,2026-06-17 19:22:49.486015,verified
820,1717,cash,,28.56,2026-05-06 18:55:49.486015,verified
821,1718,cash,https://storage.shop.com/receipts/sb_1718_4767.jpg,73.29,2026-06-04 18:17:49.486015,verified
822,1719,e_wallet,,7.62,2026-07-15 17:16:49.486015,verified
823,1720,cash,https://storage.shop.com/receipts/sb_1720_3346.jpg,21.84,2026-04-18 17:15:49.486015,verified
824,1721,cash,,30.84,2026-08-04 18:53:49.486015,verified
825,1722,cash,,10.95,2026-05-12 17:43:49.486015,verified
826,1723,cash,,85.61,2026-06-13 19:26:49.486015,verified
827,1724,cash,,46.80,2026-05-10 18:52:49.486015,verified
828,1725,cash,,50.71,2026-07-10 18:57:49.486015,verified
829,1726,cash,,78.33,2026-05-13 19:53:49.486015,verified
830,1727,cash,https://storage.shop.com/receipts/sb_1727_526.jpg,19.56,2026-07-12 20:21:49.486015,verified
831,1728,cash,,72.06,2026-06-08 17:12:49.486015,verified
832,1729,debit_card,https://storage.shop.com/receipts/sb_1729_9983.jpg,19.28,2024-11-08 17:01:49.486015,verified
833,1730,debit_card,,29.33,2024-10-18 17:00:49.486015,pending
834,1731,cash,,54.95,2026-05-12 20:06:49.486015,verified
835,1732,cash,https://storage.shop.com/receipts/sb_1732_4304.jpg,30.64,2026-05-17 17:21:49.486015,pending
836,1733,cash,https://storage.shop.com/receipts/sb_1733_5350.jpg,6.52,2026-06-04 18:04:49.486015,verified
837,1734,cash,,29.06,2026-06-20 18:43:49.486015,verified
838,1735,e_wallet,,12.94,2026-05-08 20:09:49.486015,verified
839,1736,cash,https://storage.shop.com/receipts/sb_1736_8029.jpg,93.71,2026-05-18 19:09:49.486015,verified
840,1737,cash,,24.43,2026-05-09 16:47:49.486015,verified
841,1738,debit_card,,31.62,2026-07-17 20:30:49.486015,verified
842,1739,cash,,38.46,2026-04-12 18:23:49.486015,verified
843,1740,cash,https://storage.shop.com/receipts/sb_1740_9314.jpg,51.61,2026-06-03 17:41:49.486015,verified
844,1741,debit_card,,24.74,2026-07-13 19:00:49.486015,verified
845,1742,cash,,35.64,2026-04-28 17:34:49.486015,verified
846,1743,cash,https://storage.shop.com/receipts/sb_1743_5009.jpg,14.44,2026-07-04 17:08:49.486015,verified
847,1744,cash,,45.98,2026-07-28 18:48:49.486015,verified
848,1745,e_wallet,,45.05,2026-07-17 19:34:49.486015,verified
849,1746,cash,,69.14,2026-07-20 17:07:49.486015,verified
850,1747,e_wallet,,42.60,2026-05-30 17:56:49.486015,verified
851,1748,cash,https://storage.shop.com/receipts/sb_1748_108.jpg,46.69,2026-05-15 17:42:49.486015,verified
852,1749,e_wallet,,44.69,2026-06-22 18:44:49.486015,verified
853,1752,cash,,45.16,2026-06-01 19:57:49.486015,verified
854,1753,cash,https://storage.shop.com/receipts/sb_1753_4956.jpg,83.77,2026-05-17 17:43:49.486015,pending
855,1754,cash,,71.07,2026-02-10 19:56:49.486015,pending
856,1755,e_wallet,https://storage.shop.com/receipts/sb_1755_3423.jpg,73.30,2026-07-07 16:52:49.486015,verified
857,1756,cash,https://storage.shop.com/receipts/sb_1756_626.jpg,13.88,2025-10-29 16:35:49.486015,verified
858,1757,debit_card,,89.80,2024-07-22 19:45:49.486015,verified
859,1758,e_wallet,https://storage.shop.com/receipts/sb_1758_5526.jpg,23.17,2026-06-15 20:04:49.486015,verified
860,1759,cash,,73.42,2024-04-29 17:38:49.486015,verified
861,1760,e_wallet,,90.51,2026-05-14 18:25:49.486015,verified
862,1761,e_wallet,,89.33,2026-03-12 16:51:49.486015,verified
863,1762,e_wallet,https://storage.shop.com/receipts/sb_1762_9620.jpg,84.02,2026-03-24 18:10:49.486015,verified
864,1763,cash,,62.89,2026-05-25 17:16:49.486015,verified
865,1764,e_wallet,https://storage.shop.com/receipts/sb_1764_1867.jpg,46.25,2026-06-03 18:14:49.486015,verified
866,1765,cash,https://storage.shop.com/receipts/sb_1765_4149.jpg,41.76,2024-02-16 16:49:49.486015,verified
867,1766,debit_card,,55.73,2026-08-03 17:45:49.486015,verified
868,1767,cash,,65.55,2024-02-14 18:55:49.486015,verified
869,1768,cash,,44.07,2026-05-15 20:03:49.486015,verified
870,1769,cash,,95.77,2026-02-27 19:39:49.486015,verified
871,1770,cash,,46.59,2026-06-09 18:00:49.486015,verified
872,1771,cash,,85.70,2026-06-20 17:54:49.486015,verified
873,1772,cash,,54.07,2026-06-23 17:47:49.486015,verified
874,1773,cash,https://storage.shop.com/receipts/sb_1773_7128.jpg,23.59,2026-06-23 20:18:49.486015,verified
875,1774,cash,https://storage.shop.com/receipts/sb_1774_6082.jpg,59.26,2026-07-24 19:55:49.486015,verified
876,1775,debit_card,https://storage.shop.com/receipts/sb_1775_7006.jpg,30.59,2024-04-22 18:23:49.486015,verified
877,1776,cash,,73.27,2026-04-05 20:08:49.486015,verified
878,1777,e_wallet,,57.27,2026-06-17 18:55:49.486015,verified
879,1778,cash,https://storage.shop.com/receipts/sb_1778_2115.jpg,21.25,2026-02-10 16:34:49.486015,verified
880,1779,e_wallet,,58.39,2026-06-23 19:42:49.486015,verified
881,1780,e_wallet,https://storage.shop.com/receipts/sb_1780_9566.jpg,89.97,2024-10-04 18:52:49.486015,verified
882,1781,debit_card,,9.37,2026-06-15 19:02:49.486015,verified
883,1782,e_wallet,,89.39,2026-07-20 20:15:49.486015,verified
884,1783,cash,,21.41,2026-05-21 19:14:49.486015,verified
885,1784,e_wallet,,17.68,2026-06-11 16:56:49.486015,verified
886,1785,debit_card,,55.71,2026-05-10 18:58:49.486015,verified
887,1786,e_wallet,,64.00,2026-06-22 18:37:49.486015,verified
888,1787,debit_card,,65.29,2026-07-06 20:03:49.486015,verified
889,1788,cash,https://storage.shop.com/receipts/sb_1788_957.jpg,53.79,2026-07-07 20:29:49.486015,verified
890,1789,cash,,60.00,2026-07-31 16:38:49.486015,verified
891,1790,cash,,66.93,2026-05-22 16:32:49.486015,verified
892,1791,debit_card,https://storage.shop.com/receipts/sb_1791_1122.jpg,15.85,2026-03-17 17:48:49.486015,verified
893,1792,cash,https://storage.shop.com/receipts/sb_1792_5979.jpg,47.11,2026-05-14 17:10:49.486015,verified
894,1793,cash,,51.86,2026-07-31 19:26:49.486015,verified
895,1794,cash,,15.54,2026-07-29 18:44:49.486015,verified
896,1795,debit_card,https://storage.shop.com/receipts/sb_1795_2328.jpg,43.16,2026-05-19 18:07:49.486015,verified
897,1796,cash,,63.35,2026-08-01 18:18:49.486015,verified
898,1797,cash,,46.68,2026-06-05 17:28:49.486015,verified
899,1798,e_wallet,https://storage.shop.com/receipts/sb_1798_6526.jpg,88.53,2026-06-20 18:50:49.486015,verified
900,1799,cash,https://storage.shop.com/receipts/sb_1799_1401.jpg,55.64,2026-07-09 20:23:49.486015,verified
901,1800,cash,https://storage.shop.com/receipts/sb_1800_1085.jpg,77.44,2026-07-26 16:41:49.486015,verified
902,1801,cash,https://storage.shop.com/receipts/sb_1801_6349.jpg,51.25,2026-06-28 17:18:49.486015,verified
903,1802,cash,,65.87,2026-05-30 19:27:49.486015,verified
904,1803,cash,https://storage.shop.com/receipts/sb_1803_5461.jpg,24.19,2026-05-12 16:43:49.486015,verified
905,1805,debit_card,,88.99,2024-05-12 16:53:49.486015,verified
906,1806,cash,,38.59,2026-05-03 19:09:49.486015,verified
907,1807,cash,https://storage.shop.com/receipts/sb_1807_6210.jpg,9.36,2024-12-15 19:24:49.486015,verified
908,1808,debit_card,,39.01,2026-05-14 17:35:49.486015,verified
909,1809,cash,,22.77,2026-05-19 19:46:49.486015,verified
910,1810,cash,,91.95,2026-06-12 18:57:49.486015,verified
911,1811,e_wallet,,66.88,2025-04-15 18:38:49.486015,verified
912,1812,cash,,43.72,2026-06-04 18:32:49.486015,verified
913,1814,e_wallet,https://storage.shop.com/receipts/sb_1814_9467.jpg,20.49,2026-02-22 18:03:49.486015,verified
914,1815,cash,https://storage.shop.com/receipts/sb_1815_3338.jpg,22.87,2026-06-03 16:49:49.486015,verified
915,1816,cash,,50.18,2024-10-28 20:19:49.486015,pending
916,1817,cash,https://storage.shop.com/receipts/sb_1817_5494.jpg,17.19,2026-07-26 17:00:49.486015,pending
917,1818,cash,,96.26,2026-04-16 17:29:49.486015,verified
918,1819,cash,https://storage.shop.com/receipts/sb_1819_5082.jpg,34.04,2026-05-16 19:15:49.486015,verified
919,1820,cash,,15.22,2026-07-18 19:32:49.486015,verified
920,1821,cash,,9.40,2026-07-27 16:41:49.486015,verified
921,1822,debit_card,,98.71,2026-07-31 18:01:49.486015,verified
922,1823,cash,https://storage.shop.com/receipts/sb_1823_3280.jpg,23.33,2026-03-02 20:18:49.486015,verified
923,1824,cash,https://storage.shop.com/receipts/sb_1824_1426.jpg,62.47,2026-06-09 20:05:49.486015,verified
924,1825,debit_card,,95.86,2026-07-30 17:36:49.486015,verified
925,1826,e_wallet,https://storage.shop.com/receipts/sb_1826_837.jpg,18.33,2026-03-06 19:31:49.486015,verified
926,1827,debit_card,https://storage.shop.com/receipts/sb_1827_5218.jpg,50.97,2026-02-21 18:20:49.486015,verified
927,1828,debit_card,,11.43,2026-07-16 17:40:49.486015,verified
928,1829,cash,https://storage.shop.com/receipts/sb_1829_745.jpg,26.76,2026-06-21 18:17:49.486015,verified
929,1830,cash,,64.17,2026-07-21 17:59:49.486015,verified
930,1831,cash,https://storage.shop.com/receipts/sb_1831_5665.jpg,75.16,2026-06-27 18:09:49.486015,verified
931,1832,cash,,94.12,2026-06-09 18:08:49.486015,verified
932,1833,cash,,31.00,2026-07-15 17:04:49.486015,verified
933,1834,cash,https://storage.shop.com/receipts/sb_1834_6240.jpg,86.60,2026-05-21 18:08:49.486015,verified
934,1835,cash,https://storage.shop.com/receipts/sb_1835_8493.jpg,16.55,2026-06-19 19:16:49.486015,verified
935,1836,cash,https://storage.shop.com/receipts/sb_1836_4230.jpg,7.28,2026-05-16 19:42:49.486015,verified
936,1837,e_wallet,,84.96,2026-05-28 19:28:49.486015,verified
937,1838,cash,,92.54,2026-05-02 20:11:49.486015,verified
938,1839,cash,,9.80,2026-07-31 19:53:49.486015,verified
939,1840,e_wallet,,62.42,2026-06-03 18:01:49.486015,verified
940,1841,e_wallet,https://storage.shop.com/receipts/sb_1841_2360.jpg,47.93,2026-07-10 19:48:49.486015,verified
941,1842,cash,,42.85,2026-02-27 20:07:49.486015,verified
942,1843,cash,https://storage.shop.com/receipts/sb_1843_1488.jpg,7.66,2026-04-08 16:53:49.486015,verified
943,1844,cash,https://storage.shop.com/receipts/sb_1844_5393.jpg,98.59,2026-05-05 18:36:49.486015,verified
944,1845,debit_card,,67.28,2026-07-05 18:54:49.486015,verified
945,1846,cash,,18.61,2026-05-16 18:32:49.486015,verified
946,1847,cash,,76.08,2026-05-31 18:41:49.486015,verified
947,1848,cash,https://storage.shop.com/receipts/sb_1848_9537.jpg,80.05,2026-05-11 18:23:49.486015,verified
948,1849,cash,,12.45,2026-06-23 18:24:49.486015,verified
949,1850,cash,,14.63,2024-10-19 20:02:49.486015,verified
950,1851,cash,,81.92,2026-05-19 19:07:49.486015,verified
951,1852,cash,https://storage.shop.com/receipts/sb_1852_3560.jpg,77.04,2026-06-01 19:45:49.486015,verified
952,1853,debit_card,,97.02,2026-05-15 17:17:49.486015,verified
953,1854,e_wallet,https://storage.shop.com/receipts/sb_1854_4706.jpg,54.69,2026-07-14 16:39:49.486015,verified
954,1855,debit_card,https://storage.shop.com/receipts/sb_1855_3973.jpg,91.02,2026-06-06 17:51:49.486015,verified
955,1856,debit_card,,52.57,2026-07-25 19:13:49.486015,verified
956,1857,cash,,6.85,2026-07-24 20:16:49.486015,verified
957,1858,cash,https://storage.shop.com/receipts/sb_1858_2214.jpg,87.21,2026-05-31 19:19:49.486015,verified
958,1859,debit_card,https://storage.shop.com/receipts/sb_1859_8915.jpg,38.33,2026-05-31 17:39:49.486015,verified
959,1860,debit_card,,77.93,2026-05-17 18:23:49.486015,verified
960,1861,debit_card,https://storage.shop.com/receipts/sb_1861_3588.jpg,90.45,2026-06-08 16:42:49.486015,verified
961,1862,debit_card,,31.61,2026-02-16 19:42:49.486015,verified
962,1863,cash,https://storage.shop.com/receipts/sb_1863_8543.jpg,39.75,2026-07-22 20:06:49.486015,verified
963,1864,e_wallet,,79.18,2026-07-18 19:25:49.486015,pending
964,1865,cash,https://storage.shop.com/receipts/sb_1865_6682.jpg,74.62,2026-06-27 17:56:49.486015,verified
965,1866,cash,,47.59,2026-06-20 20:24:49.486015,verified
966,1867,debit_card,https://storage.shop.com/receipts/sb_1867_8163.jpg,74.06,2026-05-27 17:02:49.486015,verified
967,1868,debit_card,https://storage.shop.com/receipts/sb_1868_5033.jpg,70.37,2026-07-27 17:41:49.486015,verified
968,1869,cash,https://storage.shop.com/receipts/sb_1869_3155.jpg,57.90,2024-03-18 16:59:49.486015,verified
969,1870,debit_card,,74.33,2026-07-26 19:54:49.486015,verified
970,1871,e_wallet,,63.08,2026-06-03 19:06:49.486015,verified
971,1872,cash,https://storage.shop.com/receipts/sb_1872_6434.jpg,69.38,2026-03-30 17:14:49.486015,verified
972,1873,cash,https://storage.shop.com/receipts/sb_1873_7096.jpg,95.74,2024-10-10 17:22:49.486015,verified
973,1874,debit_card,https://storage.shop.com/receipts/sb_1874_64.jpg,30.40,2026-06-05 17:37:49.486015,verified
974,1875,cash,,14.97,2026-07-22 18:36:49.486015,verified
