id,session_id,sender_type,sender_id,message_text,sent_at,is_read_by_customer,is_read_by_admin
1,44,customer,87,customer_m3,2025-06-04 17:35:41.312132,False,True
2,44,admin,396,admin_m3,2025-06-05 01:35:41.312132,False,False
3,44,customer,87,customer_m2,2025-06-04 15:35:41.312132,False,False
4,44,bot,,bot_m5,2025-06-04 17:35:41.312132,False,False
5,44,bot,,bot_m2,2025-06-04 21:35:41.312132,True,False
6,44,customer,87,customer_m5,2025-06-04 20:35:41.312132,False,False
7,44,bot,,bot_m5,2025-06-04 14:35:41.312132,True,True
8,44,customer,87,customer_m1,2025-06-04 11:35:41.312132,False,True
9,44,customer,87,customer_m3,2025-06-04 03:35:41.312132,False,True
10,44,customer,87,customer_m3,2025-06-04 15:35:41.312132,False,False
11,44,customer,87,customer_m3,2025-06-04 15:35:41.312132,False,True
12,44,admin,396,admin_m2,2025-06-04 07:35:41.312132,False,False
13,44,bot,,bot_m4,2025-06-04 10:35:41.312132,False,True
14,44,bot,,bot_m5,2025-06-04 04:35:41.312132,True,False
15,44,customer,87,customer_m1,2025-06-04 23:35:41.312132,False,False
16,44,customer,87,customer_m5,2025-06-04 06:35:41.312132,False,False
17,44,admin,396,admin_m2,2025-06-04 20:35:41.312132,True,False
18,44,customer,87,customer_m3,2025-06-04 19:35:41.312132,False,False
19,44,bot,,bot_m2,2025-06-04 09:35:41.312132,True,True
20,44,bot,,bot_m1,2025-06-04 20:35:41.312132,True,False
21,44,admin,396,admin_m5,2025-06-05 00:35:41.312132,True,False
22,44,bot,,bot_m1,2025-06-04 14:35:41.312132,False,True
23,44,admin,396,admin_m2,2025-06-04 07:35:41.312132,True,False
24,44,customer,87,customer_m5,2025-06-04 15:35:41.312132,False,False
25,44,admin,396,admin_m3,2025-06-05 01:35:41.312132,False,False
26,44,bot,,bot_m3,2025-06-04 20:35:41.312132,True,True
27,44,bot,,bot_m3,2025-06-04 12:35:41.312132,True,True
28,44,customer,87,customer_m3,2025-06-04 22:35:41.312132,False,False
29,44,customer,87,customer_m5,2025-06-05 02:35:41.312132,False,False
30,44,admin,396,admin_m5,2025-06-04 23:35:41.312132,False,False
31,44,admin,396,admin_m5,2025-06-04 15:35:41.312132,True,False
32,44,admin,396,admin_m5,2025-06-04 07:35:41.312132,False,False
33,44,admin,396,admin_m4,2025-06-04 12:35:41.312132,True,False
34,44,customer,87,customer_m2,2025-06-04 17:35:41.312132,False,False
35,44,admin,396,admin_m5,2025-06-04 17:35:41.312132,False,False
36,44,customer,87,customer_m1,2025-06-04 20:35:41.312132,False,False
37,44,bot,,bot_m5,2025-06-04 04:35:41.312132,True,False
38,44,admin,396,admin_m4,2025-06-05 00:35:41.312132,False,False
39,44,bot,,bot_m2,2025-06-04 23:35:41.312132,True,False
40,44,bot,,bot_m5,2025-06-04 22:35:41.312132,False,False
41,44,admin,396,admin_m5,2025-06-05 00:35:41.312132,True,False
42,44,customer,87,customer_m2,2025-06-05 02:35:41.312132,False,False
43,44,customer,87,customer_m2,2025-06-04 09:35:41.312132,False,True
44,44,bot,,bot_m4,2025-06-05 00:35:41.312132,True,True
45,44,customer,87,customer_m3,2025-06-04 12:35:41.312132,False,True
46,44,bot,,bot_m1,2025-06-04 16:35:41.312132,True,True
47,44,bot,,bot_m1,2025-06-04 15:35:41.312132,True,True
48,44,bot,,bot_m4,2025-06-04 19:35:41.312132,False,False
49,44,bot,,bot_m4,2025-06-04 22:35:41.312132,False,False
50,44,customer,87,customer_m2,2025-06-04 05:35:41.312132,False,False
51,44,customer,87,customer_m3,2025-06-04 20:35:41.312132,False,False
52,44,customer,87,customer_m1,2025-06-04 10:35:41.312132,False,True
53,44,customer,87,customer_m1,2025-06-04 06:35:41.312132,False,False
54,44,bot,,bot_m1,2025-06-04 06:35:41.312132,True,True
55,44,admin,396,admin_m5,2025-06-04 14:35:41.312132,True,False
56,44,admin,396,admin_m3,2025-06-04 22:35:41.312132,True,False
57,44,customer,87,customer_m1,2025-06-04 14:35:41.312132,False,True
58,44,bot,,bot_m3,2025-06-04 23:35:41.312132,True,False
59,44,customer,87,customer_m2,2025-06-04 15:35:41.312132,False,True
60,44,bot,,bot_m1,2025-06-04 22:35:41.312132,False,True
61,44,bot,,bot_m4,2025-06-04 19:35:41.312132,False,True
62,44,bot,,bot_m5,2025-06-04 18:35:41.312132,True,True
63,44,admin,396,admin_m3,2025-06-04 04:35:41.312132,True,False
64,44,customer,87,customer_m4,2025-06-04 23:35:41.312132,False,True
65,44,admin,396,admin_m5,2025-06-04 18:35:41.312132,False,False
66,44,bot,,bot_m3,2025-06-04 20:35:41.312132,False,True
67,44,bot,,bot_m5,2025-06-04 15:35:41.312132,True,False
68,44,bot,,bot_m2,2025-06-04 23:35:41.312132,True,False
69,44,admin,396,admin_m4,2025-06-04 03:35:41.312132,True,False
70,44,bot,,bot_m3,2025-06-04 05:35:41.312132,True,True
71,44,customer,87,customer_m4,2025-06-04 20:35:41.312132,False,False
72,44,customer,87,customer_m4,2025-06-04 19:35:41.312132,False,True
73,44,customer,87,customer_m4,2025-06-05 01:35:41.312132,False,False
74,44,bot,,bot_m1,2025-06-04 21:35:41.312132,True,False
75,44,admin,396,admin_m2,2025-06-04 18:35:41.312132,True,False
76,44,customer,87,customer_m1,2025-06-04 13:35:41.312132,False,False
77,44,bot,,bot_m5,2025-06-04 06:35:41.312132,False,True
78,44,admin,396,admin_m1,2025-06-04 16:35:41.312132,True,False
79,44,admin,396,admin_m5,2025-06-04 16:35:41.312132,True,False
80,44,customer,87,customer_m1,2025-06-04 14:35:41.312132,False,True
81,44,admin,396,admin_m3,2025-06-04 14:35:41.312132,True,False
82,44,customer,87,customer_m1,2025-06-04 09:35:41.312132,False,False
83,44,bot,,bot_m4,2025-06-04 04:35:41.312132,True,True
84,44,admin,396,admin_m3,2025-06-04 13:35:41.312132,True,False
85,44,admin,396,admin_m4,2025-06-04 03:35:41.312132,True,False
86,44,admin,396,admin_m1,2025-06-04 17:35:41.312132,False,False
87,44,bot,,bot_m4,2025-06-04 22:35:41.312132,True,False
88,44,customer,87,customer_m3,2025-06-04 20:35:41.312132,False,False
89,44,admin,396,admin_m3,2025-06-04 05:35:41.312132,True,False
90,44,bot,,bot_m3,2025-06-04 23:35:41.312132,False,False
91,44,admin,396,admin_m2,2025-06-05 01:35:41.312132,True,False
92,44,admin,396,admin_m5,2025-06-04 08:35:41.312132,True,False
93,44,bot,,bot_m3,2025-06-04 21:35:41.312132,True,False
94,44,admin,396,admin_m4,2025-06-04 08:35:41.312132,False,False
95,44,admin,396,admin_m3,2025-06-05 01:35:41.312132,True,False
96,44,bot,,bot_m3,2025-06-04 22:35:41.312132,False,False
97,44,bot,,bot_m1,2025-06-04 16:35:41.312132,False,False
98,44,customer,87,customer_m4,2025-06-04 21:35:41.312132,False,False
99,44,admin,396,admin_m4,2025-06-04 11:35:41.312132,True,False
100,44,customer,87,customer_m1,2025-06-04 03:35:41.312132,False,True
101,44,admin,396,admin_m4,2025-06-04 05:35:41.312132,False,False
102,44,customer,87,customer_m4,2025-06-04 04:35:41.312132,False,False
103,44,customer,87,customer_m3,2025-06-04 11:35:41.312132,False,False
104,44,bot,,bot_m4,2025-06-04 17:35:41.312132,True,False
105,44,bot,,bot_m3,2025-06-04 14:35:41.312132,False,True
106,44,admin,396,admin_m4,2025-06-04 22:35:41.312132,True,False
107,44,customer,87,customer_m1,2025-06-04 20:35:41.312132,False,False
108,44,bot,,bot_m1,2025-06-04 03:35:41.312132,False,False
109,44,customer,87,customer_m5,2025-06-04 13:35:41.312132,False,False
110,44,bot,,bot_m1,2025-06-05 00:35:41.312132,True,True
111,44,customer,87,customer_m5,2025-06-04 10:35:41.312132,False,True
112,44,admin,396,admin_m4,2025-06-04 10:35:41.312132,True,False
113,44,customer,87,customer_m1,2025-06-05 00:35:41.312132,False,True
114,44,bot,,bot_m5,2025-06-04 04:35:41.312132,False,False
115,44,bot,,bot_m1,2025-06-04 06:35:41.312132,False,True
116,44,bot,,bot_m5,2025-06-04 05:35:41.312132,True,False
117,44,customer,87,customer_m5,2025-06-04 14:35:41.312132,False,False
118,44,admin,396,admin_m1,2025-06-04 21:35:41.312132,True,False
119,44,bot,,bot_m2,2025-06-04 16:35:41.312132,False,True
120,44,bot,,bot_m3,2025-06-04 17:35:41.312132,True,False
121,44,admin,396,admin_m2,2025-06-04 03:35:41.312132,True,False
122,44,bot,,bot_m2,2025-06-04 05:35:41.312132,False,False
123,44,bot,,bot_m3,2025-06-04 14:35:41.312132,True,False
124,44,admin,396,admin_m4,2025-06-04 14:35:41.312132,True,False
125,44,bot,,bot_m5,2025-06-04 17:35:41.312132,True,True
126,44,admin,396,admin_m2,2025-06-04 11:35:41.312132,False,False
127,44,customer,87,customer_m1,2025-06-04 17:35:41.312132,False,False
128,44,bot,,bot_m4,2025-06-04 03:35:41.312132,True,True
129,44,bot,,bot_m1,2025-06-04 05:35:41.312132,False,False
130,44,admin,396,admin_m3,2025-06-04 10:35:41.312132,True,False
131,44,bot,,bot_m1,2025-06-04 20:35:41.312132,True,False
132,44,bot,,bot_m4,2025-06-05 01:35:41.312132,True,False
133,44,bot,,bot_m1,2025-06-04 14:35:41.312132,False,True
134,44,admin,396,admin_m1,2025-06-04 10:35:41.312132,True,False
135,44,bot,,bot_m3,2025-06-05 02:35:41.312132,True,True
136,44,customer,87,customer_m2,2025-06-04 06:35:41.312132,False,True
137,44,customer,87,customer_m3,2025-06-05 02:35:41.312132,False,False
138,44,admin,396,admin_m4,2025-06-05 02:35:41.312132,True,False
139,44,customer,87,customer_m2,2025-06-04 13:35:41.312132,False,False
140,44,bot,,bot_m5,2025-06-05 02:35:41.312132,True,False
141,44,bot,,bot_m3,2025-06-04 04:35:41.312132,False,False
142,44,admin,396,admin_m3,2025-06-04 12:35:41.312132,False,False
143,44,bot,,bot_m1,2025-06-04 21:35:41.312132,False,True
144,44,admin,396,admin_m4,2025-06-04 18:35:41.312132,False,False
145,44,bot,,bot_m1,2025-06-04 17:35:41.312132,True,True
146,44,bot,,bot_m1,2025-06-05 01:35:41.312132,True,False
147,44,bot,,bot_m3,2025-06-04 15:35:41.312132,False,False
148,44,customer,87,customer_m5,2025-06-04 21:35:41.312132,False,True
149,44,customer,87,customer_m2,2025-06-04 06:35:41.312132,False,False
150,44,bot,,bot_m4,2025-06-04 14:35:41.312132,False,True
151,44,bot,,bot_m3,2025-06-04 23:35:41.312132,True,False
152,44,customer,87,customer_m4,2025-06-04 22:35:41.312132,False,False
153,44,customer,87,customer_m1,2025-06-04 05:35:41.312132,False,False
154,44,admin,396,admin_m2,2025-06-04 05:35:41.312132,False,False
155,44,customer,87,customer_m1,2025-06-04 07:35:41.312132,False,True
156,44,admin,396,admin_m4,2025-06-04 23:35:41.312132,False,False
157,44,admin,396,admin_m1,2025-06-04 10:35:41.312132,False,False
158,44,customer,87,customer_m4,2025-06-04 03:35:41.312132,False,True
159,44,bot,,bot_m3,2025-06-04 05:35:41.312132,True,False
160,44,bot,,bot_m1,2025-06-04 10:35:41.312132,True,False
161,44,bot,,bot_m3,2025-06-04 03:35:41.312132,False,True
162,44,bot,,bot_m5,2025-06-04 10:35:41.312132,False,True
163,44,admin,396,admin_m1,2025-06-04 06:35:41.312132,False,False
164,44,bot,,bot_m1,2025-06-04 20:35:41.312132,False,False
165,44,customer,87,customer_m3,2025-06-04 17:35:41.312132,False,False
166,44,bot,,bot_m3,2025-06-04 04:35:41.312132,True,True
167,44,admin,396,admin_m3,2025-06-04 05:35:41.312132,False,False
168,44,admin,396,admin_m5,2025-06-04 22:35:41.312132,False,False
169,44,bot,,bot_m3,2025-06-04 08:35:41.312132,True,False
170,44,customer,87,customer_m2,2025-06-04 17:35:41.312132,False,True
171,44,customer,87,customer_m4,2025-06-04 18:35:41.312132,False,True
172,44,admin,396,admin_m1,2025-06-04 09:35:41.312132,True,False
173,44,customer,87,customer_m2,2025-06-05 02:35:41.312132,False,False
174,44,bot,,bot_m3,2025-06-04 17:35:41.312132,True,False
175,44,bot,,bot_m1,2025-06-04 05:35:41.312132,True,True
176,44,bot,,bot_m1,2025-06-04 20:35:41.312132,True,True
177,44,customer,87,customer_m4,2025-06-04 21:35:41.312132,False,True
178,44,customer,87,customer_m4,2025-06-04 07:35:41.312132,False,False
179,44,admin,396,admin_m1,2025-06-04 07:35:41.312132,False,False
180,44,customer,87,customer_m1,2025-06-05 02:35:41.312132,False,False
181,44,customer,87,customer_m1,2025-06-04 16:35:41.312132,False,False
182,44,admin,396,admin_m2,2025-06-04 22:35:41.312132,True,False
183,44,admin,396,admin_m2,2025-06-04 19:35:41.312132,False,False
184,44,customer,87,customer_m3,2025-06-04 06:35:41.312132,False,False
185,44,admin,396,admin_m2,2025-06-04 14:35:41.312132,True,False
186,44,admin,396,admin_m4,2025-06-04 12:35:41.312132,True,False
187,44,customer,87,customer_m5,2025-06-04 06:35:41.312132,False,True
188,44,bot,,bot_m5,2025-06-04 04:35:41.312132,False,False
189,44,admin,396,admin_m4,2025-06-04 11:35:41.312132,True,False
190,44,customer,87,customer_m5,2025-06-04 22:35:41.312132,False,False
191,44,admin,396,admin_m2,2025-06-05 02:35:41.312132,False,False
192,44,bot,,bot_m3,2025-06-04 18:35:41.312132,True,False
193,44,customer,87,customer_m3,2025-06-04 07:35:41.312132,False,True
194,44,bot,,bot_m3,2025-06-04 19:35:41.312132,True,True
195,44,customer,87,customer_m2,2025-06-04 18:35:41.312132,False,False
196,44,customer,87,customer_m3,2025-06-04 04:35:41.312132,False,True
197,44,admin,396,admin_m1,2025-06-04 10:35:41.312132,False,False
198,44,customer,87,customer_m5,2025-06-04 12:35:41.312132,False,True
199,44,bot,,bot_m2,2025-06-04 18:35:41.312132,True,False
200,44,customer,87,customer_m3,2025-06-05 00:35:41.312132,False,False
201,44,customer,87,customer_m1,2025-06-04 03:35:41.312132,False,True
202,44,customer,87,customer_m4,2025-06-04 20:35:41.312132,False,False
203,44,admin,396,admin_m5,2025-06-04 09:35:41.312132,False,False
204,44,bot,,bot_m1,2025-06-04 10:35:41.312132,True,False
205,44,admin,396,admin_m5,2025-06-04 13:35:41.312132,True,False
206,44,customer,87,customer_m5,2025-06-05 01:35:41.312132,False,True
207,44,customer,87,customer_m4,2025-06-05 02:35:41.312132,False,False
208,44,customer,87,customer_m4,2025-06-04 09:35:41.312132,False,False
209,44,bot,,bot_m3,2025-06-04 10:35:41.312132,False,True
210,44,admin,396,admin_m3,2025-06-04 18:35:41.312132,True,False
211,44,bot,,bot_m1,2025-06-04 10:35:41.312132,False,False
212,44,bot,,bot_m4,2025-06-04 09:35:41.312132,True,False
213,44,bot,,bot_m3,2025-06-04 12:35:41.312132,True,False
214,44,admin,396,admin_m3,2025-06-04 07:35:41.312132,True,False
215,44,bot,,bot_m1,2025-06-04 14:35:41.312132,False,False
216,44,bot,,bot_m2,2025-06-04 11:35:41.312132,True,True
217,44,admin,396,admin_m2,2025-06-04 19:35:41.312132,True,False
218,44,customer,87,customer_m2,2025-06-04 12:35:41.312132,False,False
219,44,admin,396,admin_m3,2025-06-04 07:35:41.312132,True,False
220,44,admin,396,admin_m5,2025-06-04 06:35:41.312132,True,False
221,44,customer,87,customer_m4,2025-06-05 02:35:41.312132,False,True
222,44,bot,,bot_m1,2025-06-04 15:35:41.312132,True,False
223,44,admin,396,admin_m5,2025-06-05 00:35:41.312132,False,False
224,44,customer,87,customer_m2,2025-06-04 04:35:41.312132,False,False
225,44,admin,396,admin_m3,2025-06-04 20:35:41.312132,False,False
226,44,customer,87,customer_m3,2025-06-04 09:35:41.312132,False,False
227,44,customer,87,customer_m3,2025-06-04 10:35:41.312132,False,False
228,44,bot,,bot_m1,2025-06-04 14:35:41.312132,True,True
229,44,admin,396,admin_m5,2025-06-04 04:35:41.312132,True,False
230,44,bot,,bot_m3,2025-06-05 00:35:41.312132,True,False
231,44,admin,396,admin_m4,2025-06-04 06:35:41.312132,False,False
232,44,customer,87,customer_m4,2025-06-04 11:35:41.312132,False,False
233,44,bot,,bot_m1,2025-06-04 04:35:41.312132,True,False
234,44,admin,396,admin_m3,2025-06-04 17:35:41.312132,True,False
235,44,bot,,bot_m2,2025-06-04 17:35:41.312132,True,False
236,44,customer,87,customer_m5,2025-06-04 12:35:41.312132,False,True
237,44,admin,396,admin_m4,2025-06-04 05:35:41.312132,True,False
238,44,customer,87,customer_m2,2025-06-04 07:35:41.312132,False,True
239,44,customer,87,customer_m3,2025-06-04 06:35:41.312132,False,False
240,44,admin,396,admin_m3,2025-06-04 13:35:41.312132,False,False
241,44,admin,396,admin_m1,2025-06-04 19:35:41.312132,True,False
242,44,admin,396,admin_m4,2025-06-05 01:35:41.312132,True,False
243,44,customer,87,customer_m4,2025-06-04 15:35:41.312132,False,False
244,44,admin,396,admin_m3,2025-06-04 10:35:41.312132,False,False
245,44,admin,396,admin_m2,2025-06-05 01:35:41.312132,True,False
246,44,bot,,bot_m4,2025-06-04 10:35:41.312132,False,True
247,44,admin,396,admin_m2,2025-06-04 16:35:41.312132,True,False
248,44,bot,,bot_m2,2025-06-04 09:35:41.312132,True,True
249,44,customer,87,customer_m3,2025-06-04 23:35:41.312132,False,False
250,44,admin,396,admin_m5,2025-06-04 05:35:41.312132,False,False
251,44,admin,396,admin_m3,2025-06-04 19:35:41.312132,False,False
252,44,bot,,bot_m2,2025-06-04 05:35:41.312132,True,False
253,44,admin,396,admin_m5,2025-06-04 22:35:41.312132,True,False
254,44,bot,,bot_m3,2025-06-04 04:35:41.312132,True,False
255,44,customer,87,customer_m5,2025-06-04 16:35:41.312132,False,True
256,44,admin,396,admin_m1,2025-06-05 02:35:41.312132,False,False
257,44,customer,87,customer_m5,2025-06-04 20:35:41.312132,False,False
258,44,bot,,bot_m1,2025-06-04 11:35:41.312132,True,True
259,44,customer,87,customer_m3,2025-06-04 06:35:41.312132,False,True
260,44,bot,,bot_m5,2025-06-04 03:35:41.312132,False,True
261,44,admin,396,admin_m3,2025-06-04 11:35:41.312132,True,False
262,44,bot,,bot_m3,2025-06-04 10:35:41.312132,False,False
263,44,customer,87,customer_m3,2025-06-04 21:35:41.312132,False,False
264,44,bot,,bot_m2,2025-06-04 22:35:41.312132,False,False
265,44,bot,,bot_m1,2025-06-04 14:35:41.312132,False,False
266,44,bot,,bot_m5,2025-06-04 18:35:41.312132,True,True
267,44,bot,,bot_m3,2025-06-04 16:35:41.312132,True,True
268,44,admin,396,admin_m2,2025-06-04 19:35:41.312132,True,False
269,44,admin,396,admin_m1,2025-06-04 14:35:41.312132,False,False
270,44,admin,396,admin_m4,2025-06-05 02:35:41.312132,True,False
271,44,customer,87,customer_m1,2025-06-04 03:35:41.312132,False,False
272,44,customer,87,customer_m1,2025-06-04 22:35:41.312132,False,False
273,44,admin,396,admin_m2,2025-06-04 12:35:41.312132,True,False
274,44,customer,87,customer_m4,2025-06-04 20:35:41.312132,False,False
275,44,customer,87,customer_m2,2025-06-04 06:35:41.312132,False,True
276,44,bot,,bot_m2,2025-06-04 16:35:41.312132,False,True
277,44,admin,396,admin_m4,2025-06-04 18:35:41.312132,True,False
278,44,customer,87,customer_m5,2025-06-04 06:35:41.312132,False,False
279,44,customer,87,customer_m4,2025-06-04 19:35:41.312132,False,False
280,44,admin,396,admin_m4,2025-06-04 22:35:41.312132,False,False
281,44,bot,,bot_m3,2025-06-04 14:35:41.312132,False,True
282,44,bot,,bot_m5,2025-06-04 15:35:41.312132,True,True
283,44,bot,,bot_m3,2025-06-04 14:35:41.312132,True,False
284,44,customer,87,customer_m2,2025-06-04 04:35:41.312132,False,True
285,44,admin,396,admin_m3,2025-06-04 18:35:41.312132,True,False
286,44,bot,,bot_m5,2025-06-04 14:35:41.312132,True,True
287,44,admin,396,admin_m5,2025-06-05 00:35:41.312132,True,False
288,44,bot,,bot_m5,2025-06-04 12:35:41.312132,True,False
289,44,customer,87,customer_m1,2025-06-04 12:35:41.312132,False,False
290,44,admin,396,admin_m2,2025-06-05 02:35:41.312132,True,False
291,44,customer,87,customer_m5,2025-06-04 17:35:41.312132,False,False
292,44,bot,,bot_m5,2025-06-04 23:35:41.312132,False,True
293,44,bot,,bot_m5,2025-06-05 02:35:41.312132,True,False
294,44,customer,87,customer_m1,2025-06-04 20:35:41.312132,False,False
295,44,customer,87,customer_m1,2025-06-04 14:35:41.312132,False,False
296,44,admin,396,admin_m5,2025-06-05 01:35:41.312132,True,False
297,44,admin,396,admin_m2,2025-06-04 18:35:41.312132,True,False
298,44,customer,87,customer_m5,2025-06-04 03:35:41.312132,False,False
299,44,customer,87,customer_m1,2025-06-04 18:35:41.312132,False,False
300,44,admin,396,admin_m4,2025-06-04 18:35:41.312132,False,False
301,44,customer,87,customer_m1,2025-06-04 20:35:41.312132,False,True
302,44,bot,,bot_m1,2025-06-04 18:35:41.312132,True,True
303,44,admin,396,admin_m1,2025-06-04 12:35:41.312132,False,False
304,44,admin,396,admin_m1,2025-06-04 13:35:41.312132,True,False
305,44,admin,396,admin_m2,2025-06-04 03:35:41.312132,True,False
306,44,bot,,bot_m1,2025-06-04 19:35:41.312132,False,False
307,44,admin,396,admin_m2,2025-06-04 17:35:41.312132,False,False
308,44,customer,87,customer_m4,2025-06-04 23:35:41.312132,False,True
309,44,admin,396,admin_m2,2025-06-04 11:35:41.312132,True,False
310,44,bot,,bot_m1,2025-06-04 04:35:41.312132,True,False
311,44,admin,396,admin_m1,2025-06-04 03:35:41.312132,True,False
312,44,bot,,bot_m3,2025-06-04 09:35:41.312132,False,True
313,44,customer,87,customer_m5,2025-06-04 13:35:41.312132,False,False
314,44,bot,,bot_m2,2025-06-04 07:35:41.312132,False,True
315,44,admin,396,admin_m4,2025-06-04 15:35:41.312132,True,False
316,44,bot,,bot_m5,2025-06-04 08:35:41.312132,True,True
317,44,bot,,bot_m3,2025-06-04 12:35:41.312132,False,False
318,44,customer,87,customer_m5,2025-06-04 14:35:41.312132,False,False
319,44,bot,,bot_m3,2025-06-04 08:35:41.312132,True,True
320,44,customer,87,customer_m4,2025-06-04 11:35:41.312132,False,False
321,44,admin,396,admin_m4,2025-06-04 09:35:41.312132,False,False
322,44,customer,87,customer_m1,2025-06-04 04:35:41.312132,False,False
323,44,bot,,bot_m3,2025-06-04 23:35:41.312132,False,True
324,44,bot,,bot_m2,2025-06-04 10:35:41.312132,False,True
325,44,bot,,bot_m2,2025-06-04 11:35:41.312132,True,False
326,44,admin,396,admin_m1,2025-06-05 02:35:41.312132,True,False
327,44,customer,87,customer_m2,2025-06-04 20:35:41.312132,False,True
328,44,admin,396,admin_m2,2025-06-04 22:35:41.312132,True,False
329,44,admin,396,admin_m1,2025-06-05 01:35:41.312132,True,False
330,44,admin,396,admin_m3,2025-06-04 15:35:41.312132,False,False
331,44,admin,396,admin_m1,2025-06-04 04:35:41.312132,True,False
332,44,admin,396,admin_m5,2025-06-04 19:35:41.312132,True,False
333,44,bot,,bot_m2,2025-06-04 10:35:41.312132,True,False
334,44,customer,87,customer_m3,2025-06-05 00:35:41.312132,False,True
335,44,customer,87,customer_m2,2025-06-04 16:35:41.312132,False,False
336,44,admin,396,admin_m1,2025-06-04 05:35:41.312132,True,False
337,44,admin,396,admin_m2,2025-06-04 16:35:41.312132,False,False
338,44,bot,,bot_m5,2025-06-04 13:35:41.312132,True,False
339,44,bot,,bot_m3,2025-06-04 15:35:41.312132,False,False
340,44,admin,396,admin_m5,2025-06-04 03:35:41.312132,True,False
341,44,bot,,bot_m3,2025-06-04 04:35:41.312132,True,True
342,44,bot,,bot_m1,2025-06-04 13:35:41.312132,True,False
343,44,admin,396,admin_m3,2025-06-04 15:35:41.312132,False,False
344,44,bot,,bot_m4,2025-06-04 08:35:41.312132,False,False
345,44,customer,87,customer_m3,2025-06-04 07:35:41.312132,False,True
346,44,customer,87,customer_m2,2025-06-04 13:35:41.312132,False,True
347,44,bot,,bot_m4,2025-06-04 18:35:41.312132,True,True
348,44,admin,396,admin_m2,2025-06-04 03:35:41.312132,True,False
349,44,bot,,bot_m2,2025-06-04 15:35:41.312132,True,True
350,44,customer,87,customer_m3,2025-06-04 12:35:41.312132,False,True
351,44,bot,,bot_m4,2025-06-04 14:35:41.312132,False,False
352,44,customer,87,customer_m4,2025-06-04 17:35:41.312132,False,False
353,44,customer,87,customer_m4,2025-06-04 19:35:41.312132,False,True
354,44,customer,87,customer_m5,2025-06-04 19:35:41.312132,False,False
355,44,customer,87,customer_m1,2025-06-04 20:35:41.312132,False,True
356,44,bot,,bot_m3,2025-06-04 15:35:41.312132,True,False
357,44,admin,396,admin_m4,2025-06-04 22:35:41.312132,False,False
358,44,customer,87,customer_m4,2025-06-05 01:35:41.312132,False,True
359,44,admin,396,admin_m2,2025-06-05 02:35:41.312132,False,False
360,44,bot,,bot_m2,2025-06-04 04:35:41.312132,False,False
361,44,admin,396,admin_m2,2025-06-04 09:35:41.312132,False,False
362,44,admin,396,admin_m4,2025-06-04 12:35:41.312132,True,False
363,44,bot,,bot_m5,2025-06-05 01:35:41.312132,False,False
364,44,customer,87,customer_m2,2025-06-04 03:35:41.312132,False,True
365,44,admin,396,admin_m5,2025-06-04 20:35:41.312132,True,False
366,44,bot,,bot_m5,2025-06-04 22:35:41.312132,False,False
367,44,admin,396,admin_m1,2025-06-04 17:35:41.312132,False,False
368,44,admin,396,admin_m2,2025-06-04 23:35:41.312132,True,False
369,44,customer,87,customer_m2,2025-06-04 08:35:41.312132,False,False
370,44,admin,396,admin_m3,2025-06-04 13:35:41.312132,True,False
371,44,admin,396,admin_m1,2025-06-04 08:35:41.312132,True,False
372,44,admin,396,admin_m2,2025-06-04 22:35:41.312132,True,False
373,44,bot,,bot_m1,2025-06-04 09:35:41.312132,False,True
374,44,bot,,bot_m1,2025-06-04 13:35:41.312132,False,False
375,44,admin,396,admin_m1,2025-06-04 15:35:41.312132,False,False
376,44,bot,,bot_m3,2025-06-04 14:35:41.312132,False,False
377,44,admin,396,admin_m3,2025-06-05 00:35:41.312132,False,False
378,44,admin,396,admin_m2,2025-06-04 06:35:41.312132,False,False
379,44,customer,87,customer_m1,2025-06-04 04:35:41.312132,False,False
380,44,admin,396,admin_m5,2025-06-05 01:35:41.312132,False,False
381,44,customer,87,customer_m1,2025-06-04 19:35:41.312132,False,True
382,44,bot,,bot_m4,2025-06-04 03:35:41.312132,True,False
383,44,customer,87,customer_m5,2025-06-04 23:35:41.312132,False,True
384,44,admin,396,admin_m5,2025-06-04 13:35:41.312132,False,False
385,44,bot,,bot_m1,2025-06-04 05:35:41.312132,False,True
386,44,bot,,bot_m3,2025-06-04 19:35:41.312132,True,False
387,44,customer,87,customer_m5,2025-06-04 19:35:41.312132,False,True
388,44,admin,396,admin_m3,2025-06-04 19:35:41.312132,True,False
389,44,admin,396,admin_m3,2025-06-04 03:35:41.312132,False,False
390,44,bot,,bot_m3,2025-06-04 03:35:41.312132,True,False
391,44,admin,396,admin_m1,2025-06-04 11:35:41.312132,True,False
392,44,customer,87,customer_m3,2025-06-04 19:35:41.312132,False,False
393,44,admin,396,admin_m3,2025-06-04 03:35:41.312132,True,False
394,44,customer,87,customer_m4,2025-06-05 02:35:41.312132,False,True
395,44,bot,,bot_m3,2025-06-04 15:35:41.312132,True,True
396,44,bot,,bot_m4,2025-06-04 17:35:41.312132,True,True
397,44,customer,87,customer_m4,2025-06-04 17:35:41.312132,False,True
398,44,customer,87,customer_m3,2025-06-04 04:35:41.312132,False,True
399,44,customer,87,customer_m4,2025-06-04 17:35:41.312132,False,False
400,44,admin,396,admin_m5,2025-06-04 22:35:41.312132,True,False
401,44,bot,,bot_m4,2025-06-04 20:35:41.312132,True,True
402,44,customer,87,customer_m2,2025-06-05 00:35:41.312132,False,False
403,44,bot,,bot_m5,2025-06-04 14:35:41.312132,True,True
404,44,customer,87,customer_m4,2025-06-04 10:35:41.312132,False,False
405,44,customer,87,customer_m1,2025-06-04 14:35:41.312132,False,True
406,44,admin,396,admin_m5,2025-06-04 22:35:41.312132,False,False
407,44,bot,,bot_m5,2025-06-04 18:35:41.312132,True,False
408,44,admin,396,admin_m3,2025-06-04 09:35:41.312132,True,False
409,44,bot,,bot_m5,2025-06-04 04:35:41.312132,True,False
410,44,customer,87,customer_m1,2025-06-04 15:35:41.312132,False,False
411,44,bot,,bot_m4,2025-06-04 16:35:41.312132,True,False
412,44,bot,,bot_m2,2025-06-05 02:35:41.312132,True,True
413,44,customer,87,customer_m4,2025-06-04 11:35:41.312132,False,True
414,44,admin,396,admin_m1,2025-06-04 09:35:41.312132,False,False
415,44,bot,,bot_m3,2025-06-04 08:35:41.312132,False,True
416,44,bot,,bot_m4,2025-06-04 09:35:41.312132,True,True
417,44,customer,87,customer_m3,2025-06-05 02:35:41.312132,False,True
418,44,admin,396,admin_m2,2025-06-04 23:35:41.312132,True,False
419,44,customer,87,customer_m2,2025-06-04 03:35:41.312132,False,False
420,44,bot,,bot_m3,2025-06-04 18:35:41.312132,True,True
421,44,bot,,bot_m3,2025-06-05 02:35:41.312132,True,False
422,44,bot,,bot_m3,2025-06-04 18:35:41.312132,True,False
423,44,bot,,bot_m1,2025-06-05 00:35:41.312132,False,False
424,44,customer,87,customer_m1,2025-06-04 10:35:41.312132,False,True
425,44,bot,,bot_m2,2025-06-04 13:35:41.312132,True,False
426,44,bot,,bot_m2,2025-06-05 00:35:41.312132,False,True
427,44,admin,396,admin_m3,2025-06-04 12:35:41.312132,True,False
428,44,admin,396,admin_m1,2025-06-04 22:35:41.312132,True,False
429,44,bot,,bot_m5,2025-06-04 19:35:41.312132,False,False
430,44,admin,396,admin_m2,2025-06-04 07:35:41.312132,True,False
431,44,admin,396,admin_m5,2025-06-05 02:35:41.312132,True,False
432,44,admin,396,admin_m1,2025-06-04 07:35:41.312132,False,False
433,44,admin,396,admin_m3,2025-06-04 22:35:41.312132,False,False
434,44,customer,87,customer_m1,2025-06-04 23:35:41.312132,False,False
435,44,customer,87,customer_m4,2025-06-04 18:35:41.312132,False,True
436,44,customer,87,customer_m5,2025-06-04 20:35:41.312132,False,True
437,44,admin,396,admin_m1,2025-06-04 05:35:41.312132,True,False
438,44,customer,87,customer_m2,2025-06-04 18:35:41.312132,False,True
439,44,customer,87,customer_m1,2025-06-04 17:35:41.312132,False,False
440,44,admin,396,admin_m2,2025-06-04 13:35:41.312132,False,False
441,44,admin,396,admin_m4,2025-06-04 17:35:41.312132,False,False
442,44,bot,,bot_m2,2025-06-04 12:35:41.312132,True,False
443,44,customer,87,customer_m4,2025-06-04 16:35:41.312132,False,True
444,44,admin,396,admin_m3,2025-06-04 18:35:41.312132,True,False
445,44,bot,,bot_m4,2025-06-04 03:35:41.312132,True,True
446,44,customer,87,customer_m2,2025-06-05 01:35:41.312132,False,True
447,44,customer,87,customer_m3,2025-06-04 18:35:41.312132,False,False
448,44,customer,87,customer_m2,2025-06-04 14:35:41.312132,False,True
449,44,admin,396,admin_m5,2025-06-04 22:35:41.312132,True,False
450,44,bot,,bot_m2,2025-06-04 22:35:41.312132,False,True
451,44,admin,396,admin_m1,2025-06-05 01:35:41.312132,True,False
452,44,admin,396,admin_m4,2025-06-04 19:35:41.312132,True,False
453,44,admin,396,admin_m2,2025-06-04 08:35:41.312132,True,False
454,44,bot,,bot_m4,2025-06-04 04:35:41.312132,False,False
455,44,bot,,bot_m5,2025-06-04 14:35:41.312132,True,True
456,44,bot,,bot_m4,2025-06-04 15:35:41.312132,False,False
457,44,customer,87,customer_m4,2025-06-04 19:35:41.312132,False,True
458,44,admin,396,admin_m4,2025-06-04 06:35:41.312132,True,False
459,44,customer,87,customer_m1,2025-06-04 06:35:41.312132,False,False
460,44,bot,,bot_m5,2025-06-04 17:35:41.312132,False,True
461,44,customer,87,customer_m5,2025-06-05 01:35:41.312132,False,False
462,44,admin,396,admin_m1,2025-06-04 18:35:41.312132,True,False
463,44,admin,396,admin_m5,2025-06-04 04:35:41.312132,True,False
464,44,admin,396,admin_m1,2025-06-04 20:35:41.312132,True,False
465,44,customer,87,customer_m5,2025-06-04 21:35:41.312132,False,False
466,44,customer,87,customer_m3,2025-06-05 01:35:41.312132,False,False
467,44,admin,396,admin_m1,2025-06-05 01:35:41.312132,False,False
468,44,bot,,bot_m2,2025-06-04 14:35:41.312132,False,False
469,44,customer,87,customer_m3,2025-06-04 03:35:41.312132,False,False
470,44,admin,396,admin_m2,2025-06-04 04:35:41.312132,False,False
471,44,bot,,bot_m3,2025-06-05 01:35:41.312132,True,False
472,44,admin,396,admin_m3,2025-06-04 17:35:41.312132,True,False
473,44,bot,,bot_m5,2025-06-04 05:35:41.312132,True,False
474,44,customer,87,customer_m2,2025-06-04 15:35:41.312132,False,True
475,44,customer,87,customer_m5,2025-06-04 11:35:41.312132,False,True
476,44,bot,,bot_m3,2025-06-04 11:35:41.312132,True,True
477,44,admin,396,admin_m2,2025-06-04 16:35:41.312132,True,False
478,44,customer,87,customer_m3,2025-06-04 19:35:41.312132,False,False
479,44,admin,396,admin_m3,2025-06-04 23:35:41.312132,True,False
480,44,bot,,bot_m2,2025-06-05 02:35:41.312132,True,True
481,44,bot,,bot_m1,2025-06-04 06:35:41.312132,True,True
482,44,admin,396,admin_m3,2025-06-05 00:35:41.312132,False,False
483,44,customer,87,customer_m3,2025-06-04 23:35:41.312132,False,False
484,44,bot,,bot_m4,2025-06-04 04:35:41.312132,False,True
485,44,customer,87,customer_m1,2025-06-04 14:35:41.312132,False,False
486,44,customer,87,customer_m2,2025-06-04 07:35:41.312132,False,False
487,44,admin,396,admin_m5,2025-06-04 08:35:41.312132,False,False
488,44,customer,87,customer_m5,2025-06-04 23:35:41.312132,False,True
489,44,admin,396,admin_m1,2025-06-04 17:35:41.312132,True,False
490,44,bot,,bot_m3,2025-06-04 18:35:41.312132,False,True
491,44,admin,396,admin_m4,2025-06-04 17:35:41.312132,True,False
492,44,bot,,bot_m2,2025-06-04 16:35:41.312132,False,True
493,44,admin,396,admin_m1,2025-06-04 22:35:41.312132,True,False
494,44,customer,87,customer_m4,2025-06-04 10:35:41.312132,False,True
495,44,bot,,bot_m5,2025-06-04 04:35:41.312132,False,False
496,44,customer,87,customer_m1,2025-06-04 23:35:41.312132,False,False
497,44,admin,396,admin_m4,2025-06-04 17:35:41.312132,True,False
498,44,bot,,bot_m4,2025-06-04 23:35:41.312132,False,False
499,44,admin,396,admin_m1,2025-06-04 21:35:41.312132,False,False
500,44,customer,87,customer_m1,2025-06-04 18:35:41.312132,False,False
501,44,customer,87,customer_m2,2025-06-04 17:35:41.312132,False,False
502,44,admin,396,admin_m5,2025-06-04 03:35:41.312132,True,False
503,44,admin,396,admin_m4,2025-06-04 21:35:41.312132,False,False
504,44,admin,396,admin_m2,2025-06-04 15:35:41.312132,True,False
505,44,bot,,bot_m3,2025-06-04 05:35:41.312132,False,True
506,44,admin,396,admin_m4,2025-06-05 00:35:41.312132,True,False
507,44,bot,,bot_m3,2025-06-04 11:35:41.312132,False,False
508,44,bot,,bot_m1,2025-06-04 05:35:41.312132,False,True
509,44,bot,,bot_m4,2025-06-04 12:35:41.312132,True,True
510,44,admin,396,admin_m5,2025-06-04 07:35:41.312132,True,False
511,44,customer,87,customer_m4,2025-06-05 01:35:41.312132,False,True
512,44,customer,87,customer_m1,2025-06-04 15:35:41.312132,False,False
513,44,admin,396,admin_m1,2025-06-04 22:35:41.312132,True,False
514,44,bot,,bot_m5,2025-06-04 18:35:41.312132,True,True
515,44,bot,,bot_m2,2025-06-04 10:35:41.312132,False,True
516,44,customer,87,customer_m5,2025-06-04 22:35:41.312132,False,False
517,44,admin,396,admin_m5,2025-06-05 02:35:41.312132,False,False
518,44,bot,,bot_m1,2025-06-04 15:35:41.312132,True,False
519,44,admin,396,admin_m2,2025-06-04 15:35:41.312132,True,False
520,44,admin,396,admin_m5,2025-06-04 19:35:41.312132,False,False
521,44,admin,396,admin_m1,2025-06-04 18:35:41.312132,True,False
522,44,admin,396,admin_m4,2025-06-05 01:35:41.312132,False,False
523,44,admin,396,admin_m2,2025-06-04 03:35:41.312132,True,False
524,44,customer,87,customer_m4,2025-06-04 16:35:41.312132,False,False
525,44,admin,396,admin_m1,2025-06-04 17:35:41.312132,False,False
526,44,admin,396,admin_m3,2025-06-04 20:35:41.312132,False,False
527,44,bot,,bot_m4,2025-06-05 02:35:41.312132,False,False
528,44,admin,396,admin_m4,2025-06-05 01:35:41.312132,False,False
529,44,customer,87,customer_m3,2025-06-04 21:35:41.312132,False,True
530,44,admin,396,admin_m3,2025-06-04 17:35:41.312132,True,False
531,44,admin,396,admin_m3,2025-06-04 12:35:41.312132,True,False
532,44,admin,396,admin_m2,2025-06-04 09:35:41.312132,True,False
533,44,bot,,bot_m5,2025-06-04 13:35:41.312132,True,False
534,44,customer,87,customer_m5,2025-06-04 14:35:41.312132,False,False
535,44,customer,87,customer_m2,2025-06-04 16:35:41.312132,False,False
536,44,bot,,bot_m1,2025-06-04 14:35:41.312132,True,True
750,44,bot,,bot_m1,2025-06-04 13:35:41.312132,False,True
537,44,admin,396,admin_m4,2025-06-04 09:35:41.312132,True,False
538,44,bot,,bot_m1,2025-06-04 13:35:41.312132,True,False
539,44,customer,87,customer_m4,2025-06-05 00:35:41.312132,False,False
540,44,bot,,bot_m4,2025-06-04 11:35:41.312132,True,True
541,44,customer,87,customer_m1,2025-06-05 02:35:41.312132,False,True
542,44,customer,87,customer_m5,2025-06-04 20:35:41.312132,False,False
543,44,customer,87,customer_m4,2025-06-04 09:35:41.312132,False,True
544,44,customer,87,customer_m2,2025-06-04 10:35:41.312132,False,False
545,44,customer,87,customer_m4,2025-06-04 23:35:41.312132,False,True
546,44,admin,396,admin_m3,2025-06-04 19:35:41.312132,True,False
547,44,admin,396,admin_m1,2025-06-05 00:35:41.312132,False,False
548,44,customer,87,customer_m2,2025-06-04 20:35:41.312132,False,False
549,44,bot,,bot_m3,2025-06-04 19:35:41.312132,True,True
550,44,bot,,bot_m2,2025-06-04 17:35:41.312132,True,True
551,44,admin,396,admin_m2,2025-06-05 02:35:41.312132,True,False
552,44,admin,396,admin_m3,2025-06-05 02:35:41.312132,True,False
553,44,customer,87,customer_m5,2025-06-05 00:35:41.312132,False,False
554,44,customer,87,customer_m3,2025-06-04 23:35:41.312132,False,True
555,44,bot,,bot_m4,2025-06-04 23:35:41.312132,False,False
556,44,admin,396,admin_m1,2025-06-05 01:35:41.312132,True,False
557,44,customer,87,customer_m5,2025-06-04 03:35:41.312132,False,False
558,44,admin,396,admin_m2,2025-06-04 20:35:41.312132,False,False
559,44,customer,87,customer_m5,2025-06-04 05:35:41.312132,False,True
560,44,admin,396,admin_m3,2025-06-04 05:35:41.312132,False,False
561,44,admin,396,admin_m4,2025-06-05 02:35:41.312132,True,False
562,44,bot,,bot_m1,2025-06-04 14:35:41.312132,True,False
563,44,customer,87,customer_m2,2025-06-04 06:35:41.312132,False,True
564,44,admin,396,admin_m5,2025-06-04 17:35:41.312132,True,False
565,44,admin,396,admin_m2,2025-06-04 15:35:41.312132,False,False
566,44,admin,396,admin_m3,2025-06-05 02:35:41.312132,True,False
567,44,customer,87,customer_m5,2025-06-04 13:35:41.312132,False,False
568,44,admin,396,admin_m3,2025-06-04 15:35:41.312132,False,False
569,44,customer,87,customer_m1,2025-06-04 09:35:41.312132,False,False
570,44,bot,,bot_m3,2025-06-04 10:35:41.312132,False,True
571,44,bot,,bot_m3,2025-06-04 05:35:41.312132,True,False
572,44,admin,396,admin_m2,2025-06-04 17:35:41.312132,False,False
573,44,admin,396,admin_m2,2025-06-04 07:35:41.312132,True,False
574,44,bot,,bot_m2,2025-06-05 01:35:41.312132,True,True
575,44,admin,396,admin_m5,2025-06-05 01:35:41.312132,True,False
576,44,customer,87,customer_m3,2025-06-04 07:35:41.312132,False,False
577,44,bot,,bot_m4,2025-06-04 17:35:41.312132,True,False
578,44,customer,87,customer_m5,2025-06-04 16:35:41.312132,False,False
579,44,customer,87,customer_m3,2025-06-04 22:35:41.312132,False,False
580,44,bot,,bot_m1,2025-06-04 19:35:41.312132,False,True
581,44,customer,87,customer_m3,2025-06-04 18:35:41.312132,False,False
582,44,admin,396,admin_m1,2025-06-04 16:35:41.312132,False,False
583,44,admin,396,admin_m2,2025-06-04 16:35:41.312132,False,False
584,44,bot,,bot_m3,2025-06-04 12:35:41.312132,True,True
585,44,admin,396,admin_m1,2025-06-04 11:35:41.312132,False,False
586,44,bot,,bot_m1,2025-06-04 17:35:41.312132,True,False
587,44,customer,87,customer_m3,2025-06-05 01:35:41.312132,False,True
588,44,admin,396,admin_m1,2025-06-05 01:35:41.312132,True,False
589,44,bot,,bot_m3,2025-06-04 17:35:41.312132,False,False
590,44,customer,87,customer_m2,2025-06-04 13:35:41.312132,False,False
591,44,admin,396,admin_m3,2025-06-04 04:35:41.312132,True,False
592,44,bot,,bot_m2,2025-06-04 19:35:41.312132,False,True
593,44,customer,87,customer_m3,2025-06-04 23:35:41.312132,False,False
594,44,customer,87,customer_m4,2025-06-04 13:35:41.312132,False,True
595,44,customer,87,customer_m4,2025-06-04 04:35:41.312132,False,True
596,44,bot,,bot_m2,2025-06-04 13:35:41.312132,True,False
597,44,admin,396,admin_m5,2025-06-04 08:35:41.312132,True,False
598,44,bot,,bot_m5,2025-06-04 20:35:41.312132,True,True
599,44,bot,,bot_m4,2025-06-04 14:35:41.312132,True,False
600,44,customer,87,customer_m2,2025-06-04 07:35:41.312132,False,False
601,44,bot,,bot_m2,2025-06-04 12:35:41.312132,True,True
602,44,admin,396,admin_m4,2025-06-04 04:35:41.312132,True,False
603,44,bot,,bot_m3,2025-06-04 22:35:41.312132,True,False
604,44,customer,87,customer_m3,2025-06-04 04:35:41.312132,False,False
605,44,customer,87,customer_m3,2025-06-04 23:35:41.312132,False,True
606,44,bot,,bot_m1,2025-06-04 05:35:41.312132,True,True
607,44,bot,,bot_m1,2025-06-05 01:35:41.312132,False,False
608,44,customer,87,customer_m2,2025-06-05 02:35:41.312132,False,False
609,44,admin,396,admin_m3,2025-06-04 17:35:41.312132,False,False
610,44,customer,87,customer_m1,2025-06-04 12:35:41.312132,False,False
611,44,customer,87,customer_m3,2025-06-04 10:35:41.312132,False,True
612,44,admin,396,admin_m2,2025-06-04 21:35:41.312132,False,False
613,44,admin,396,admin_m3,2025-06-04 19:35:41.312132,False,False
614,44,admin,396,admin_m4,2025-06-04 13:35:41.312132,False,False
615,44,admin,396,admin_m3,2025-06-04 04:35:41.312132,True,False
616,44,customer,87,customer_m4,2025-06-04 08:35:41.312132,False,False
617,44,bot,,bot_m3,2025-06-04 16:35:41.312132,False,True
618,44,customer,87,customer_m2,2025-06-05 00:35:41.312132,False,True
619,44,bot,,bot_m5,2025-06-05 01:35:41.312132,True,False
620,44,customer,87,customer_m1,2025-06-04 10:35:41.312132,False,False
621,44,bot,,bot_m2,2025-06-04 05:35:41.312132,True,True
622,44,admin,396,admin_m4,2025-06-04 08:35:41.312132,False,False
623,44,customer,87,customer_m3,2025-06-04 19:35:41.312132,False,True
624,44,bot,,bot_m2,2025-06-04 23:35:41.312132,True,False
625,44,customer,87,customer_m3,2025-06-04 04:35:41.312132,False,False
626,44,customer,87,customer_m1,2025-06-04 15:35:41.312132,False,True
627,44,customer,87,customer_m1,2025-06-04 21:35:41.312132,False,True
628,44,customer,87,customer_m3,2025-06-04 03:35:41.312132,False,False
629,44,admin,396,admin_m1,2025-06-05 00:35:41.312132,True,False
630,44,admin,396,admin_m1,2025-06-04 22:35:41.312132,False,False
631,44,admin,396,admin_m4,2025-06-04 18:35:41.312132,True,False
632,44,admin,396,admin_m3,2025-06-04 04:35:41.312132,True,False
633,44,admin,396,admin_m1,2025-06-04 06:35:41.312132,True,False
634,44,bot,,bot_m3,2025-06-05 01:35:41.312132,False,False
635,44,bot,,bot_m1,2025-06-04 20:35:41.312132,True,True
636,44,customer,87,customer_m2,2025-06-04 15:35:41.312132,False,True
637,44,customer,87,customer_m3,2025-06-04 05:35:41.312132,False,True
638,44,bot,,bot_m3,2025-06-04 06:35:41.312132,True,False
639,44,admin,396,admin_m3,2025-06-04 07:35:41.312132,False,False
640,44,customer,87,customer_m3,2025-06-04 14:35:41.312132,False,False
641,44,customer,87,customer_m4,2025-06-04 18:35:41.312132,False,True
642,44,admin,396,admin_m4,2025-06-04 20:35:41.312132,True,False
643,44,admin,396,admin_m2,2025-06-04 18:35:41.312132,False,False
644,44,customer,87,customer_m3,2025-06-04 05:35:41.312132,False,False
645,44,admin,396,admin_m2,2025-06-04 17:35:41.312132,True,False
646,44,admin,396,admin_m2,2025-06-04 08:35:41.312132,False,False
647,44,admin,396,admin_m5,2025-06-04 21:35:41.312132,True,False
648,44,admin,396,admin_m3,2025-06-04 13:35:41.312132,True,False
649,44,admin,396,admin_m5,2025-06-04 20:35:41.312132,True,False
650,44,customer,87,customer_m1,2025-06-04 14:35:41.312132,False,True
651,44,admin,396,admin_m2,2025-06-04 19:35:41.312132,True,False
652,44,customer,87,customer_m3,2025-06-04 19:35:41.312132,False,True
653,44,customer,87,customer_m2,2025-06-04 23:35:41.312132,False,True
654,44,bot,,bot_m2,2025-06-04 23:35:41.312132,False,True
655,44,customer,87,customer_m5,2025-06-04 12:35:41.312132,False,True
656,44,customer,87,customer_m2,2025-06-04 10:35:41.312132,False,False
657,44,admin,396,admin_m3,2025-06-04 05:35:41.312132,False,False
658,44,admin,396,admin_m3,2025-06-04 22:35:41.312132,False,False
659,44,bot,,bot_m4,2025-06-04 03:35:41.312132,True,False
660,44,customer,87,customer_m4,2025-06-04 20:35:41.312132,False,True
661,44,customer,87,customer_m4,2025-06-04 11:35:41.312132,False,False
662,44,customer,87,customer_m1,2025-06-04 20:35:41.312132,False,True
663,44,bot,,bot_m5,2025-06-04 20:35:41.312132,True,False
664,44,customer,87,customer_m3,2025-06-04 21:35:41.312132,False,True
665,44,admin,396,admin_m1,2025-06-04 16:35:41.312132,True,False
666,44,customer,87,customer_m5,2025-06-04 21:35:41.312132,False,True
667,44,admin,396,admin_m4,2025-06-04 18:35:41.312132,True,False
668,44,admin,396,admin_m4,2025-06-04 08:35:41.312132,True,False
669,44,admin,396,admin_m1,2025-06-04 03:35:41.312132,False,False
670,44,customer,87,customer_m4,2025-06-04 15:35:41.312132,False,True
671,44,customer,87,customer_m3,2025-06-04 03:35:41.312132,False,True
672,44,admin,396,admin_m4,2025-06-04 21:35:41.312132,True,False
673,44,bot,,bot_m4,2025-06-04 04:35:41.312132,False,True
674,44,customer,87,customer_m5,2025-06-04 10:35:41.312132,False,False
675,44,bot,,bot_m5,2025-06-04 14:35:41.312132,True,True
676,44,admin,396,admin_m5,2025-06-04 13:35:41.312132,True,False
677,44,admin,396,admin_m5,2025-06-05 02:35:41.312132,True,False
678,44,admin,396,admin_m2,2025-06-04 03:35:41.312132,True,False
679,44,customer,87,customer_m3,2025-06-04 03:35:41.312132,False,True
680,44,admin,396,admin_m4,2025-06-05 00:35:41.312132,True,False
681,44,customer,87,customer_m5,2025-06-04 22:35:41.312132,False,True
682,44,bot,,bot_m5,2025-06-04 10:35:41.312132,True,False
683,44,admin,396,admin_m1,2025-06-04 18:35:41.312132,False,False
684,44,customer,87,customer_m5,2025-06-04 09:35:41.312132,False,True
685,44,admin,396,admin_m5,2025-06-04 05:35:41.312132,True,False
686,44,bot,,bot_m5,2025-06-04 07:35:41.312132,True,True
687,44,bot,,bot_m2,2025-06-04 20:35:41.312132,False,True
688,44,bot,,bot_m5,2025-06-05 02:35:41.312132,False,False
689,44,admin,396,admin_m5,2025-06-04 23:35:41.312132,False,False
690,44,admin,396,admin_m5,2025-06-05 02:35:41.312132,False,False
691,44,admin,396,admin_m2,2025-06-04 15:35:41.312132,True,False
692,44,bot,,bot_m2,2025-06-04 21:35:41.312132,False,False
693,44,bot,,bot_m5,2025-06-04 23:35:41.312132,True,False
694,44,admin,396,admin_m4,2025-06-05 00:35:41.312132,False,False
695,44,bot,,bot_m5,2025-06-05 02:35:41.312132,True,False
696,44,admin,396,admin_m5,2025-06-05 01:35:41.312132,True,False
697,44,customer,87,customer_m3,2025-06-04 11:35:41.312132,False,True
698,44,customer,87,customer_m5,2025-06-04 20:35:41.312132,False,True
699,44,admin,396,admin_m1,2025-06-04 03:35:41.312132,True,False
700,44,bot,,bot_m4,2025-06-04 10:35:41.312132,True,True
701,44,admin,396,admin_m5,2025-06-04 07:35:41.312132,True,False
702,44,admin,396,admin_m3,2025-06-04 23:35:41.312132,True,False
703,44,admin,396,admin_m5,2025-06-04 05:35:41.312132,True,False
704,44,customer,87,customer_m5,2025-06-04 13:35:41.312132,False,False
705,44,bot,,bot_m1,2025-06-04 05:35:41.312132,False,False
706,44,bot,,bot_m2,2025-06-04 22:35:41.312132,True,True
707,44,admin,396,admin_m4,2025-06-04 13:35:41.312132,True,False
708,44,customer,87,customer_m5,2025-06-05 02:35:41.312132,False,False
709,44,bot,,bot_m5,2025-06-05 02:35:41.312132,True,True
710,44,customer,87,customer_m2,2025-06-04 17:35:41.312132,False,True
711,44,bot,,bot_m2,2025-06-04 16:35:41.312132,False,True
712,44,admin,396,admin_m3,2025-06-04 13:35:41.312132,False,False
713,44,bot,,bot_m3,2025-06-05 01:35:41.312132,True,False
714,44,customer,87,customer_m1,2025-06-04 16:35:41.312132,False,False
715,44,bot,,bot_m4,2025-06-05 00:35:41.312132,True,True
716,44,admin,396,admin_m1,2025-06-04 23:35:41.312132,True,False
717,44,customer,87,customer_m3,2025-06-04 18:35:41.312132,False,True
718,44,bot,,bot_m4,2025-06-04 03:35:41.312132,True,True
719,44,customer,87,customer_m4,2025-06-04 04:35:41.312132,False,False
720,44,admin,396,admin_m1,2025-06-04 23:35:41.312132,True,False
721,44,admin,396,admin_m1,2025-06-04 22:35:41.312132,True,False
722,44,customer,87,customer_m4,2025-06-04 03:35:41.312132,False,True
723,44,customer,87,customer_m5,2025-06-04 08:35:41.312132,False,False
724,44,admin,396,admin_m1,2025-06-04 08:35:41.312132,False,False
725,44,bot,,bot_m4,2025-06-04 11:35:41.312132,False,True
726,44,customer,87,customer_m2,2025-06-04 10:35:41.312132,False,True
727,44,admin,396,admin_m3,2025-06-04 22:35:41.312132,False,False
728,44,bot,,bot_m1,2025-06-04 07:35:41.312132,False,True
729,44,admin,396,admin_m4,2025-06-04 23:35:41.312132,False,False
730,44,admin,396,admin_m3,2025-06-04 15:35:41.312132,False,False
731,44,admin,396,admin_m2,2025-06-04 10:35:41.312132,True,False
732,44,admin,396,admin_m1,2025-06-04 16:35:41.312132,True,False
733,44,customer,87,customer_m1,2025-06-04 15:35:41.312132,False,False
734,44,customer,87,customer_m2,2025-06-04 18:35:41.312132,False,True
735,44,admin,396,admin_m5,2025-06-04 15:35:41.312132,True,False
736,44,admin,396,admin_m2,2025-06-04 09:35:41.312132,True,False
737,44,customer,87,customer_m3,2025-06-04 22:35:41.312132,False,True
738,44,admin,396,admin_m2,2025-06-04 05:35:41.312132,True,False
739,44,bot,,bot_m3,2025-06-04 20:35:41.312132,True,True
740,44,customer,87,customer_m4,2025-06-04 15:35:41.312132,False,False
741,44,bot,,bot_m2,2025-06-04 08:35:41.312132,True,True
742,44,bot,,bot_m2,2025-06-05 02:35:41.312132,False,False
743,44,bot,,bot_m1,2025-06-04 17:35:41.312132,True,True
744,44,admin,396,admin_m4,2025-06-04 09:35:41.312132,True,False
745,44,customer,87,customer_m4,2025-06-04 03:35:41.312132,False,False
746,44,admin,396,admin_m4,2025-06-04 04:35:41.312132,False,False
747,44,bot,,bot_m3,2025-06-04 21:35:41.312132,True,False
748,44,bot,,bot_m1,2025-06-04 18:35:41.312132,False,True
749,44,bot,,bot_m2,2025-06-04 10:35:41.312132,False,True
751,44,bot,,bot_m3,2025-06-04 17:35:41.312132,True,False
752,44,customer,87,customer_m4,2025-06-04 14:35:41.312132,False,False
753,44,bot,,bot_m5,2025-06-04 16:35:41.312132,True,True
754,44,admin,396,admin_m1,2025-06-04 08:35:41.312132,False,False
755,44,bot,,bot_m5,2025-06-04 09:35:41.312132,True,False
756,44,bot,,bot_m2,2025-06-04 08:35:41.312132,True,True
757,44,admin,396,admin_m1,2025-06-05 01:35:41.312132,False,False
758,44,bot,,bot_m4,2025-06-04 14:35:41.312132,True,True
759,44,customer,87,customer_m3,2025-06-04 09:35:41.312132,False,True
760,44,admin,396,admin_m5,2025-06-04 16:35:41.312132,True,False
761,44,customer,87,customer_m1,2025-06-05 00:35:41.312132,False,False
762,44,admin,396,admin_m5,2025-06-04 13:35:41.312132,False,False
763,44,customer,87,customer_m4,2025-06-04 21:35:41.312132,False,True
764,44,bot,,bot_m4,2025-06-04 11:35:41.312132,True,True
765,44,bot,,bot_m2,2025-06-04 18:35:41.312132,True,True
766,44,customer,87,customer_m1,2025-06-04 20:35:41.312132,False,False
767,44,bot,,bot_m1,2025-06-04 22:35:41.312132,True,True
768,44,admin,396,admin_m1,2025-06-04 07:35:41.312132,False,False
769,44,customer,87,customer_m4,2025-06-04 04:35:41.312132,False,False
770,44,customer,87,customer_m2,2025-06-04 15:35:41.312132,False,True
771,44,bot,,bot_m1,2025-06-04 23:35:41.312132,False,False
772,44,customer,87,customer_m1,2025-06-04 18:35:41.312132,False,True
773,44,admin,396,admin_m4,2025-06-05 00:35:41.312132,False,False
774,44,bot,,bot_m4,2025-06-04 11:35:41.312132,True,False
775,44,admin,396,admin_m4,2025-06-04 12:35:41.312132,True,False
776,44,bot,,bot_m3,2025-06-04 20:35:41.312132,True,True
777,44,admin,396,admin_m4,2025-06-04 21:35:41.312132,False,False
778,44,admin,396,admin_m2,2025-06-05 01:35:41.312132,True,False
779,44,customer,87,customer_m2,2025-06-04 21:35:41.312132,False,True
780,44,bot,,bot_m5,2025-06-04 03:35:41.312132,False,True
781,44,admin,396,admin_m4,2025-06-04 18:35:41.312132,True,False
782,44,bot,,bot_m4,2025-06-04 17:35:41.312132,True,False
783,44,admin,396,admin_m3,2025-06-04 07:35:41.312132,True,False
784,44,bot,,bot_m2,2025-06-04 19:35:41.312132,False,True
785,44,admin,396,admin_m5,2025-06-04 12:35:41.312132,False,False
786,44,bot,,bot_m2,2025-06-04 04:35:41.312132,True,False
787,44,bot,,bot_m5,2025-06-04 21:35:41.312132,True,True
788,44,admin,396,admin_m5,2025-06-04 12:35:41.312132,True,False
789,44,bot,,bot_m3,2025-06-04 15:35:41.312132,True,True
790,44,customer,87,customer_m2,2025-06-04 10:35:41.312132,False,True
791,44,admin,396,admin_m3,2025-06-05 01:35:41.312132,True,False
792,44,bot,,bot_m4,2025-06-04 22:35:41.312132,False,True
793,44,bot,,bot_m5,2025-06-04 13:35:41.312132,True,False
794,44,bot,,bot_m3,2025-06-04 13:35:41.312132,False,False
795,44,admin,396,admin_m4,2025-06-05 02:35:41.312132,True,False
796,44,customer,87,customer_m2,2025-06-04 04:35:41.312132,False,False
797,44,bot,,bot_m1,2025-06-04 07:35:41.312132,True,True
798,44,bot,,bot_m3,2025-06-04 10:35:41.312132,True,True
799,44,customer,87,customer_m2,2025-06-04 13:35:41.312132,False,True
800,44,bot,,bot_m4,2025-06-04 09:35:41.312132,True,False
801,44,bot,,bot_m1,2025-06-04 17:35:41.312132,False,False
802,44,customer,87,customer_m4,2025-06-04 06:35:41.312132,False,False
803,44,admin,396,admin_m5,2025-06-04 12:35:41.312132,True,False
804,44,admin,396,admin_m2,2025-06-04 22:35:41.312132,False,False
805,44,bot,,bot_m4,2025-06-04 19:35:41.312132,True,True
806,44,customer,87,customer_m5,2025-06-05 02:35:41.312132,False,False
807,44,customer,87,customer_m2,2025-06-04 16:35:41.312132,False,True
808,44,customer,87,customer_m5,2025-06-05 00:35:41.312132,False,False
809,44,bot,,bot_m5,2025-06-05 02:35:41.312132,True,True
810,44,bot,,bot_m5,2025-06-04 18:35:41.312132,True,True
811,44,bot,,bot_m5,2025-06-04 21:35:41.312132,True,False
812,44,admin,396,admin_m3,2025-06-04 22:35:41.312132,True,False
813,44,admin,396,admin_m2,2025-06-04 13:35:41.312132,True,False
814,44,admin,396,admin_m1,2025-06-04 15:35:41.312132,True,False
815,44,bot,,bot_m3,2025-06-04 08:35:41.312132,False,False
816,44,customer,87,customer_m5,2025-06-04 05:35:41.312132,False,False
817,44,admin,396,admin_m1,2025-06-04 16:35:41.312132,True,False
818,44,customer,87,customer_m3,2025-06-04 07:35:41.312132,False,False
819,44,admin,396,admin_m3,2025-06-04 05:35:41.312132,True,False
820,44,bot,,bot_m3,2025-06-04 13:35:41.312132,True,True
821,44,bot,,bot_m1,2025-06-04 20:35:41.312132,False,True
822,44,admin,396,admin_m4,2025-06-04 16:35:41.312132,False,False
823,44,customer,87,customer_m1,2025-06-05 02:35:41.312132,False,False
824,44,customer,87,customer_m5,2025-06-04 12:35:41.312132,False,False
825,44,customer,87,customer_m3,2025-06-04 14:35:41.312132,False,False
826,44,bot,,bot_m3,2025-06-04 20:35:41.312132,False,True
827,44,bot,,bot_m5,2025-06-04 03:35:41.312132,True,True
828,44,bot,,bot_m3,2025-06-04 10:35:41.312132,True,False
829,44,admin,396,admin_m3,2025-06-04 04:35:41.312132,True,False
830,44,admin,396,admin_m3,2025-06-04 20:35:41.312132,True,False
831,44,customer,87,customer_m1,2025-06-04 03:35:41.312132,False,True
832,44,bot,,bot_m4,2025-06-04 07:35:41.312132,True,False
833,44,admin,396,admin_m3,2025-06-04 18:35:41.312132,True,False
834,44,bot,,bot_m3,2025-06-04 15:35:41.312132,True,True
835,44,customer,87,customer_m5,2025-06-04 05:35:41.312132,False,False
836,44,admin,396,admin_m5,2025-06-04 08:35:41.312132,False,False
837,44,admin,396,admin_m1,2025-06-04 05:35:41.312132,False,False
838,44,customer,87,customer_m2,2025-06-04 13:35:41.312132,False,False
839,44,bot,,bot_m2,2025-06-04 21:35:41.312132,False,False
840,44,customer,87,customer_m1,2025-06-04 20:35:41.312132,False,False
841,44,customer,87,customer_m3,2025-06-04 16:35:41.312132,False,False
842,44,customer,87,customer_m5,2025-06-04 06:35:41.312132,False,False
843,44,bot,,bot_m2,2025-06-04 12:35:41.312132,True,False
844,44,bot,,bot_m4,2025-06-04 04:35:41.312132,True,False
845,44,bot,,bot_m2,2025-06-04 05:35:41.312132,True,True
846,44,admin,396,admin_m3,2025-06-04 17:35:41.312132,False,False
847,44,admin,396,admin_m2,2025-06-04 14:35:41.312132,True,False
848,44,bot,,bot_m5,2025-06-04 07:35:41.312132,False,False
849,44,admin,396,admin_m3,2025-06-04 10:35:41.312132,True,False
850,44,bot,,bot_m1,2025-06-04 19:35:41.312132,True,True
851,44,admin,396,admin_m3,2025-06-04 14:35:41.312132,True,False
852,44,admin,396,admin_m4,2025-06-04 11:35:41.312132,False,False
853,44,customer,87,customer_m2,2025-06-04 19:35:41.312132,False,True
854,44,bot,,bot_m5,2025-06-04 20:35:41.312132,False,False
855,44,admin,396,admin_m2,2025-06-04 05:35:41.312132,False,False
856,44,admin,396,admin_m4,2025-06-05 00:35:41.312132,True,False
857,44,bot,,bot_m5,2025-06-04 03:35:41.312132,True,True
858,44,bot,,bot_m5,2025-06-04 19:35:41.312132,True,False
859,44,bot,,bot_m4,2025-06-04 21:35:41.312132,True,False
860,44,bot,,bot_m2,2025-06-04 21:35:41.312132,True,True
861,44,admin,396,admin_m4,2025-06-04 06:35:41.312132,True,False
862,44,admin,396,admin_m3,2025-06-05 00:35:41.312132,True,False
863,44,admin,396,admin_m2,2025-06-04 19:35:41.312132,False,False
864,44,customer,87,customer_m3,2025-06-04 05:35:41.312132,False,False
865,44,customer,87,customer_m4,2025-06-05 02:35:41.312132,False,False
866,44,admin,396,admin_m5,2025-06-04 06:35:41.312132,False,False
867,44,customer,87,customer_m1,2025-06-04 15:35:41.312132,False,False
868,44,bot,,bot_m4,2025-06-04 15:35:41.312132,False,True
869,44,admin,396,admin_m1,2025-06-04 20:35:41.312132,False,False
870,44,admin,396,admin_m1,2025-06-04 18:35:41.312132,True,False
871,44,bot,,bot_m4,2025-06-04 17:35:41.312132,True,False
872,44,customer,87,customer_m1,2025-06-05 00:35:41.312132,False,True
873,44,bot,,bot_m3,2025-06-04 16:35:41.312132,True,True
874,44,customer,87,customer_m5,2025-06-04 22:35:41.312132,False,True
875,44,admin,396,admin_m5,2025-06-04 15:35:41.312132,False,False
876,44,admin,396,admin_m1,2025-06-04 16:35:41.312132,True,False
877,44,customer,87,customer_m5,2025-06-04 21:35:41.312132,False,False
878,44,customer,87,customer_m2,2025-06-04 09:35:41.312132,False,True
879,44,bot,,bot_m1,2025-06-04 08:35:41.312132,True,True
880,44,admin,396,admin_m5,2025-06-04 04:35:41.312132,True,False
881,44,admin,396,admin_m4,2025-06-04 12:35:41.312132,False,False
882,44,bot,,bot_m4,2025-06-05 01:35:41.312132,True,False
883,44,bot,,bot_m1,2025-06-04 22:35:41.312132,False,False
884,44,admin,396,admin_m3,2025-06-04 19:35:41.312132,True,False
885,44,customer,87,customer_m3,2025-06-04 11:35:41.312132,False,True
886,44,admin,396,admin_m4,2025-06-04 10:35:41.312132,False,False
887,44,bot,,bot_m5,2025-06-05 02:35:41.312132,True,True
888,44,customer,87,customer_m5,2025-06-04 20:35:41.312132,False,False
889,44,admin,396,admin_m1,2025-06-04 07:35:41.312132,True,False
890,44,customer,87,customer_m5,2025-06-04 16:35:41.312132,False,True
891,44,admin,396,admin_m3,2025-06-04 10:35:41.312132,False,False
892,44,admin,396,admin_m3,2025-06-05 00:35:41.312132,True,False
893,44,bot,,bot_m1,2025-06-05 02:35:41.312132,False,False
894,44,bot,,bot_m1,2025-06-04 12:35:41.312132,True,True
895,44,customer,87,customer_m3,2025-06-04 14:35:41.312132,False,False
896,44,customer,87,customer_m2,2025-06-04 23:35:41.312132,False,False
897,44,admin,396,admin_m2,2025-06-04 20:35:41.312132,False,False
898,44,bot,,bot_m4,2025-06-04 18:35:41.312132,True,False
899,44,admin,396,admin_m1,2025-06-04 19:35:41.312132,False,False
900,44,admin,396,admin_m4,2025-06-05 01:35:41.312132,True,False
