id,user_id,vehicle_id,service_mode,home_service_address,customer_concern,ticket_status,request_date
1,153,786,walk_in,None,Need a routine maintenance check and oil change.,inspection_scheduled,2026-01-06 10:24:39.312132
2,343,292,home_service,"136 Luna St., Makati City",Transmission shifts roughly between 2nd and 3rd gear.,approved,2026-02-19 03:01:43.312132
3,296,74,home_service,"264 Luna St., Quezon City",Need a routine maintenance check and oil change.,queued,2026-01-08 23:38:15.312132
4,152,932,walk_in,None,Air conditioning is blowing warm air.,inspection_scheduled,2026-02-05 00:51:04.312132
5,466,962,home_service,"221 Bonifacio St., Taguig",Transmission shifts roughly between 2nd and 3rd gear.,inspection_scheduled,2025-09-24 03:16:19.312132
6,347,220,home_service,"860 Luna St., Pasig City",Engine makes a rattling noise on cold starts.,declined,2026-01-07 00:01:52.312132
7,137,610,walk_in,None,Transmission shifts roughly between 2nd and 3rd gear.,queued,2026-03-22 08:37:11.312132
8,66,318,home_service,"147 Mabini St., Manila",Need a routine maintenance check and oil change.,pending,2025-12-26 10:36:06.312132
9,240,238,walk_in,None,Air conditioning is blowing warm air.,approved,2026-05-18 18:58:41.312132
10,8,670,walk_in,None,Brakes are squeaking loudly when coming to a stop.,inspection_scheduled,2026-02-28 00:09:58.312132
11,155,946,walk_in,None,Engine makes a rattling noise on cold starts.,inspection_scheduled,2025-10-17 19:14:23.312132
12,463,146,walk_in,None,Need a routine maintenance check and oil change.,cancelled,2026-07-20 12:52:38.312132
13,207,376,walk_in,None,"Battery seems weak, it struggles to start in the morning.",inspection_scheduled,2026-05-11 01:57:34.312132
14,68,886,home_service,"911 Luna St., Taguig",Car pulls heavily to the right while driving.,inspection_scheduled,2026-03-15 21:36:02.312132
15,219,132,walk_in,None,Brakes are squeaking loudly when coming to a stop.,queued,2026-07-23 01:11:22.312132
16,233,47,walk_in,None,Transmission shifts roughly between 2nd and 3rd gear.,queued,2025-10-07 13:25:29.312132
17,137,410,walk_in,None,"Battery seems weak, it struggles to start in the morning.",cancelled,2026-01-18 00:42:50.312132
18,171,737,home_service,"193 Luna St., Manila","Battery seems weak, it struggles to start in the morning.",pending,2026-06-20 00:52:18.312132
19,27,243,walk_in,None,Car pulls heavily to the right while driving.,inspection_scheduled,2026-03-12 00:06:35.312132
20,219,917,walk_in,None,Check engine light has been on for two days.,approved,2026-03-20 01:36:06.312132
21,98,975,walk_in,None,Engine makes a rattling noise on cold starts.,cancelled,2025-08-22 18:14:34.312132
22,224,363,walk_in,None,Brakes are squeaking loudly when coming to a stop.,declined,2026-03-03 15:27:03.312132
23,290,463,walk_in,None,"Battery seems weak, it struggles to start in the morning.",approved,2025-10-08 19:05:15.312132
24,375,244,walk_in,None,Brakes are squeaking loudly when coming to a stop.,approved,2025-10-08 03:54:32.312132
25,338,141,walk_in,None,Engine makes a rattling noise on cold starts.,declined,2026-03-22 16:27:50.312132
26,424,814,home_service,"151 Luna St., Taguig",Engine makes a rattling noise on cold starts.,queued,2026-06-28 07:04:33.312132
27,285,37,walk_in,None,Transmission shifts roughly between 2nd and 3rd gear.,cancelled,2025-11-16 17:32:52.312132
28,25,664,home_service,"822 Mabini St., Pasig City",Need a routine maintenance check and oil change.,approved,2025-12-03 03:41:22.312132
29,424,678,walk_in,None,"Battery seems weak, it struggles to start in the morning.",queued,2025-10-19 15:59:54.312132
30,436,19,walk_in,None,Engine makes a rattling noise on cold starts.,pending,2026-04-15 09:24:14.312132
31,279,2,walk_in,None,Brakes are squeaking loudly when coming to a stop.,inspection_scheduled,2026-07-25 00:59:44.312132
32,208,85,walk_in,None,Need a routine maintenance check and oil change.,pending,2025-08-19 00:38:57.312132
33,493,609,walk_in,None,Transmission shifts roughly between 2nd and 3rd gear.,pending,2025-12-21 21:15:04.312132
34,134,777,home_service,"915 Bonifacio St., Makati City",Check engine light has been on for two days.,cancelled,2025-11-19 17:04:56.312132
35,156,108,home_service,"779 Rizal St., Quezon City",Need a routine maintenance check and oil change.,pending,2025-09-22 02:20:16.312132
36,80,295,home_service,"753 Bonifacio St., Quezon City",Air conditioning is blowing warm air.,inspection_scheduled,2026-04-11 11:52:29.312132
37,374,696,walk_in,None,Engine makes a rattling noise on cold starts.,cancelled,2026-02-24 12:39:03.312132
38,195,654,walk_in,None,"Battery seems weak, it struggles to start in the morning.",declined,2025-08-20 23:10:03.312132
39,478,730,home_service,"278 Mabini St., Taguig",Engine makes a rattling noise on cold starts.,cancelled,2025-09-16 11:34:46.312132
40,300,347,walk_in,None,Brakes are squeaking loudly when coming to a stop.,cancelled,2025-09-22 13:40:14.312132
41,264,651,walk_in,None,Need a routine maintenance check and oil change.,inspection_scheduled,2026-05-24 17:20:42.312132
42,357,345,walk_in,None,Brakes are squeaking loudly when coming to a stop.,queued,2026-07-31 12:59:26.312132
43,22,134,walk_in,None,Engine makes a rattling noise on cold starts.,approved,2026-07-18 12:32:24.312132
44,13,216,home_service,"338 Luna St., Pasig City",Car pulls heavily to the right while driving.,inspection_scheduled,2025-08-23 12:43:48.312132
45,11,894,walk_in,None,Brakes are squeaking loudly when coming to a stop.,cancelled,2025-09-05 08:53:05.312132
46,27,530,home_service,"645 Mabini St., Pasig City",Engine makes a rattling noise on cold starts.,approved,2026-07-17 18:31:07.312132
47,203,885,home_service,"571 Taft St., Taguig",Check engine light has been on for two days.,pending,2026-02-13 06:23:50.312132
48,1,191,walk_in,None,Brakes are squeaking loudly when coming to a stop.,inspection_scheduled,2026-01-04 13:47:30.312132
49,93,306,home_service,"769 Taft St., Makati City",Check engine light has been on for two days.,queued,2026-01-15 16:27:51.312132
50,172,978,walk_in,None,Car pulls heavily to the right while driving.,approved,2026-04-11 13:31:09.312132
51,282,116,walk_in,None,Car pulls heavily to the right while driving.,approved,2026-02-28 05:18:43.312132
52,280,745,walk_in,None,"Battery seems weak, it struggles to start in the morning.",approved,2025-11-15 10:13:36.312132
53,164,508,walk_in,None,Car pulls heavily to the right while driving.,cancelled,2025-12-31 13:39:31.312132
54,99,172,home_service,"523 Taft St., Makati City",Air conditioning is blowing warm air.,cancelled,2026-04-19 15:06:29.312132
55,466,843,home_service,"124 Mabini St., Taguig",Air conditioning is blowing warm air.,declined,2026-05-15 21:51:37.312132
56,147,543,home_service,"586 Luna St., Manila",Brakes are squeaking loudly when coming to a stop.,declined,2026-01-24 04:17:27.312132
57,304,386,home_service,"873 Rizal St., Makati City",Need a routine maintenance check and oil change.,inspection_scheduled,2026-05-01 19:49:37.312132
58,329,219,walk_in,None,Transmission shifts roughly between 2nd and 3rd gear.,declined,2025-11-04 07:55:31.312132
59,494,397,home_service,"174 Bonifacio St., Taguig",Need a routine maintenance check and oil change.,pending,2026-06-05 06:41:17.312132
60,442,173,home_service,"210 Mabini St., Quezon City","Battery seems weak, it struggles to start in the morning.",queued,2025-09-19 13:40:35.312132
61,188,713,home_service,"596 Taft St., Quezon City",Need a routine maintenance check and oil change.,inspection_scheduled,2026-07-21 00:56:50.312132
62,187,602,walk_in,None,Need a routine maintenance check and oil change.,cancelled,2025-10-23 04:12:29.312132
63,389,108,home_service,"758 Bonifacio St., Manila",Air conditioning is blowing warm air.,queued,2026-03-31 12:36:49.312132
64,218,464,walk_in,None,Check engine light has been on for two days.,inspection_scheduled,2026-03-15 07:06:15.312132
65,383,493,home_service,"547 Taft St., Manila",Air conditioning is blowing warm air.,declined,2026-02-05 20:43:13.312132
66,464,38,walk_in,None,"Battery seems weak, it struggles to start in the morning.",inspection_scheduled,2026-05-22 08:17:41.312132
67,1,740,walk_in,None,Engine makes a rattling noise on cold starts.,inspection_scheduled,2026-03-12 05:11:17.312132
68,10,234,home_service,"72 Mabini St., Manila",Check engine light has been on for two days.,cancelled,2026-02-02 02:36:02.312132
69,230,690,walk_in,None,Brakes are squeaking loudly when coming to a stop.,declined,2026-05-16 01:36:35.312132
70,226,874,home_service,"952 Mabini St., Makati City",Air conditioning is blowing warm air.,approved,2026-05-04 20:35:03.312132
71,85,711,walk_in,None,Car pulls heavily to the right while driving.,approved,2026-03-28 18:28:57.312132
72,68,425,walk_in,None,Brakes are squeaking loudly when coming to a stop.,inspection_scheduled,2026-01-14 11:31:41.312132
73,64,973,walk_in,None,Transmission shifts roughly between 2nd and 3rd gear.,queued,2025-10-28 06:03:54.312132
74,245,427,walk_in,None,Car pulls heavily to the right while driving.,declined,2025-10-16 21:34:30.312132
75,146,341,walk_in,None,Check engine light has been on for two days.,cancelled,2026-05-25 23:23:43.312132
76,176,826,walk_in,None,Air conditioning is blowing warm air.,approved,2026-02-09 21:40:29.312132
77,284,435,home_service,"332 Luna St., Taguig",Car pulls heavily to the right while driving.,declined,2025-12-11 19:16:21.312132
78,56,739,home_service,"519 Taft St., Makati City",Need a routine maintenance check and oil change.,cancelled,2026-04-05 18:42:31.312132
79,129,813,home_service,"65 Rizal St., Taguig",Car pulls heavily to the right while driving.,approved,2026-07-05 06:56:53.312132
80,213,587,walk_in,None,Need a routine maintenance check and oil change.,queued,2025-09-01 11:59:58.312132
81,44,477,walk_in,None,Check engine light has been on for two days.,queued,2026-03-17 08:36:13.312132
82,111,669,home_service,"796 Rizal St., Pasig City",Car pulls heavily to the right while driving.,pending,2025-10-04 21:17:07.312132
83,284,831,walk_in,None,Check engine light has been on for two days.,cancelled,2025-08-05 15:24:43.312132
84,162,289,home_service,"118 Mabini St., Makati City",Brakes are squeaking loudly when coming to a stop.,approved,2025-12-19 18:46:30.312132
85,78,666,home_service,"167 Mabini St., Makati City",Need a routine maintenance check and oil change.,approved,2026-01-20 18:26:30.312132
86,383,396,home_service,"134 Taft St., Pasig City","Battery seems weak, it struggles to start in the morning.",declined,2026-04-12 17:27:56.312132
87,474,479,walk_in,None,"Battery seems weak, it struggles to start in the morning.",approved,2025-09-28 07:04:29.312132
88,406,152,home_service,"10 Mabini St., Makati City",Car pulls heavily to the right while driving.,queued,2026-07-23 01:39:25.312132
89,368,328,walk_in,None,Transmission shifts roughly between 2nd and 3rd gear.,approved,2026-02-24 23:07:50.312132
90,59,672,home_service,"614 Luna St., Pasig City",Car pulls heavily to the right while driving.,cancelled,2026-02-24 22:38:37.312132
91,16,9,home_service,"272 Rizal St., Pasig City",Car pulls heavily to the right while driving.,pending,2026-01-28 20:07:42.312132
92,351,657,home_service,"80 Mabini St., Taguig",Brakes are squeaking loudly when coming to a stop.,declined,2026-06-18 10:32:58.312132
93,295,169,home_service,"159 Luna St., Quezon City",Check engine light has been on for two days.,inspection_scheduled,2026-06-05 09:08:13.312132
94,309,832,walk_in,None,Brakes are squeaking loudly when coming to a stop.,pending,2026-03-18 16:38:49.312132
95,328,467,home_service,"266 Mabini St., Pasig City",Check engine light has been on for two days.,inspection_scheduled,2025-08-15 22:18:43.312132
96,49,568,walk_in,None,Need a routine maintenance check and oil change.,declined,2026-06-17 23:13:21.312132
97,283,426,walk_in,None,Engine makes a rattling noise on cold starts.,approved,2025-08-20 16:43:18.312132
98,43,334,walk_in,None,Brakes are squeaking loudly when coming to a stop.,cancelled,2026-05-05 01:28:10.312132
99,68,5,home_service,"836 Rizal St., Pasig City",Check engine light has been on for two days.,declined,2026-04-10 08:36:19.312132
100,76,590,walk_in,None,Transmission shifts roughly between 2nd and 3rd gear.,queued,2025-10-22 15:50:43.312132
101,61,122,walk_in,None,Engine makes a rattling noise on cold starts.,approved,2025-09-30 23:42:15.312132
102,232,646,home_service,"680 Bonifacio St., Quezon City",Brakes are squeaking loudly when coming to a stop.,cancelled,2026-01-29 18:19:12.312132
103,66,159,home_service,"453 Luna St., Makati City","Battery seems weak, it struggles to start in the morning.",approved,2025-11-18 12:32:33.312132
104,399,808,walk_in,None,Car pulls heavily to the right while driving.,pending,2026-02-09 08:47:36.312132
105,34,323,home_service,"42 Bonifacio St., Taguig",Engine makes a rattling noise on cold starts.,cancelled,2026-02-28 20:17:02.312132
106,13,918,home_service,"431 Luna St., Taguig",Transmission shifts roughly between 2nd and 3rd gear.,approved,2026-01-29 19:40:40.312132
107,164,493,home_service,"270 Luna St., Manila","Battery seems weak, it struggles to start in the morning.",pending,2025-11-18 13:56:46.312132
108,310,263,walk_in,None,Brakes are squeaking loudly when coming to a stop.,approved,2025-10-23 07:52:53.312132
109,434,415,walk_in,None,"Battery seems weak, it struggles to start in the morning.",approved,2026-05-28 20:26:29.312132
110,177,328,home_service,"450 Luna St., Quezon City",Need a routine maintenance check and oil change.,declined,2025-12-21 08:27:40.312132
111,175,180,home_service,"659 Rizal St., Manila",Engine makes a rattling noise on cold starts.,declined,2026-07-07 16:24:49.312132
112,97,134,home_service,"156 Bonifacio St., Quezon City","Battery seems weak, it struggles to start in the morning.",approved,2025-10-30 01:52:40.312132
113,295,375,home_service,"376 Bonifacio St., Pasig City",Car pulls heavily to the right while driving.,approved,2025-11-29 22:49:01.312132
114,112,245,walk_in,None,Brakes are squeaking loudly when coming to a stop.,queued,2026-06-18 11:42:31.312132
115,382,337,walk_in,None,Check engine light has been on for two days.,inspection_scheduled,2025-11-14 05:49:13.312132
116,113,214,walk_in,None,Check engine light has been on for two days.,queued,2026-05-30 22:44:44.312132
117,98,11,home_service,"401 Rizal St., Pasig City",Car pulls heavily to the right while driving.,queued,2026-03-09 22:45:25.312132
118,21,195,home_service,"888 Luna St., Taguig",Transmission shifts roughly between 2nd and 3rd gear.,queued,2026-01-15 10:04:53.312132
119,123,935,home_service,"271 Mabini St., Taguig",Check engine light has been on for two days.,approved,2025-08-05 08:56:24.312132
120,182,482,home_service,"652 Luna St., Makati City","Battery seems weak, it struggles to start in the morning.",declined,2026-07-25 14:12:26.312132
121,359,630,home_service,"854 Luna St., Quezon City",Need a routine maintenance check and oil change.,cancelled,2025-09-05 02:19:54.312132
122,420,672,home_service,"367 Mabini St., Makati City",Brakes are squeaking loudly when coming to a stop.,cancelled,2025-11-20 17:44:15.312132
123,348,673,home_service,"634 Mabini St., Makati City",Check engine light has been on for two days.,pending,2025-09-04 13:54:31.312132
124,484,810,walk_in,None,Engine makes a rattling noise on cold starts.,inspection_scheduled,2026-06-15 17:28:28.312132
125,461,396,home_service,"67 Luna St., Quezon City",Engine makes a rattling noise on cold starts.,pending,2026-03-17 15:43:11.312132
126,294,816,home_service,"410 Taft St., Taguig",Air conditioning is blowing warm air.,cancelled,2026-01-25 17:04:06.312132
127,102,110,walk_in,None,Check engine light has been on for two days.,inspection_scheduled,2025-09-09 01:25:28.312132
128,18,951,walk_in,None,Need a routine maintenance check and oil change.,approved,2025-09-16 23:36:12.312132
129,46,472,home_service,"160 Luna St., Makati City","Battery seems weak, it struggles to start in the morning.",queued,2026-07-06 07:12:03.312132
130,129,94,walk_in,None,Engine makes a rattling noise on cold starts.,inspection_scheduled,2026-01-17 10:05:36.312132
131,430,624,home_service,"876 Luna St., Manila",Brakes are squeaking loudly when coming to a stop.,queued,2026-07-21 18:09:28.312132
132,360,688,walk_in,None,Need a routine maintenance check and oil change.,inspection_scheduled,2026-04-19 15:56:06.312132
199,461,319,walk_in,None,Brakes are squeaking loudly when coming to a stop.,inspection_scheduled,2025-12-24 06:00:59.312132
133,461,421,home_service,"514 Rizal St., Taguig","Battery seems weak, it struggles to start in the morning.",approved,2025-08-09 11:44:51.312132
134,357,964,home_service,"242 Luna St., Pasig City",Transmission shifts roughly between 2nd and 3rd gear.,pending,2026-01-24 16:03:55.312132
135,278,989,home_service,"772 Rizal St., Quezon City","Battery seems weak, it struggles to start in the morning.",approved,2026-02-14 11:02:45.312132
136,317,16,home_service,"785 Bonifacio St., Makati City",Air conditioning is blowing warm air.,declined,2026-01-20 11:10:32.312132
137,309,333,home_service,"686 Bonifacio St., Manila",Engine makes a rattling noise on cold starts.,declined,2026-06-18 23:26:48.312132
138,61,530,home_service,"206 Rizal St., Manila",Engine makes a rattling noise on cold starts.,declined,2025-10-27 16:38:22.312132
139,373,21,walk_in,None,Transmission shifts roughly between 2nd and 3rd gear.,inspection_scheduled,2026-07-25 19:40:39.312132
140,223,956,walk_in,None,Transmission shifts roughly between 2nd and 3rd gear.,queued,2025-12-18 16:10:45.312132
141,430,534,home_service,"46 Rizal St., Manila",Transmission shifts roughly between 2nd and 3rd gear.,cancelled,2026-01-07 03:53:37.312132
142,83,570,home_service,"637 Rizal St., Pasig City",Car pulls heavily to the right while driving.,approved,2026-03-09 01:25:49.312132
143,33,867,home_service,"681 Mabini St., Taguig",Air conditioning is blowing warm air.,pending,2026-04-29 04:19:58.312132
144,40,270,walk_in,None,"Battery seems weak, it struggles to start in the morning.",inspection_scheduled,2025-11-04 02:19:33.312132
145,60,114,home_service,"469 Luna St., Manila",Engine makes a rattling noise on cold starts.,inspection_scheduled,2026-04-30 03:23:03.312132
146,299,131,home_service,"922 Mabini St., Taguig",Need a routine maintenance check and oil change.,declined,2026-05-02 18:48:35.312132
147,371,778,walk_in,None,Car pulls heavily to the right while driving.,approved,2026-05-21 20:51:38.312132
148,450,902,walk_in,None,Car pulls heavily to the right while driving.,pending,2026-05-07 05:34:55.312132
149,440,706,walk_in,None,"Battery seems weak, it struggles to start in the morning.",queued,2026-02-28 01:23:51.312132
150,206,169,home_service,"388 Luna St., Makati City",Check engine light has been on for two days.,approved,2026-01-30 09:10:45.312132
151,479,770,home_service,"584 Mabini St., Makati City",Engine makes a rattling noise on cold starts.,cancelled,2025-09-04 09:18:37.312132
152,297,134,walk_in,None,Need a routine maintenance check and oil change.,queued,2025-10-21 07:08:50.312132
153,180,974,home_service,"441 Taft St., Taguig",Air conditioning is blowing warm air.,declined,2025-12-15 01:47:06.312132
154,62,737,home_service,"710 Mabini St., Pasig City",Need a routine maintenance check and oil change.,approved,2026-04-12 15:35:47.312132
155,5,769,walk_in,None,Need a routine maintenance check and oil change.,approved,2026-05-25 20:27:00.312132
156,438,212,home_service,"526 Mabini St., Taguig",Car pulls heavily to the right while driving.,cancelled,2025-11-03 00:11:08.312132
157,30,369,walk_in,None,Car pulls heavily to the right while driving.,approved,2025-08-15 05:13:39.312132
158,203,878,walk_in,None,Air conditioning is blowing warm air.,inspection_scheduled,2025-10-21 10:36:10.312132
159,23,652,home_service,"537 Mabini St., Quezon City",Air conditioning is blowing warm air.,approved,2025-08-28 15:50:56.312132
160,256,284,home_service,"60 Mabini St., Quezon City",Check engine light has been on for two days.,inspection_scheduled,2026-06-15 22:29:23.312132
161,316,486,walk_in,None,Brakes are squeaking loudly when coming to a stop.,declined,2025-08-05 04:13:49.312132
162,34,826,walk_in,None,Check engine light has been on for two days.,inspection_scheduled,2025-10-07 00:14:41.312132
163,385,167,walk_in,None,Transmission shifts roughly between 2nd and 3rd gear.,cancelled,2026-04-14 16:30:01.312132
164,419,196,home_service,"110 Mabini St., Quezon City",Car pulls heavily to the right while driving.,declined,2026-03-01 04:36:58.312132
165,458,10,home_service,"185 Mabini St., Quezon City",Engine makes a rattling noise on cold starts.,inspection_scheduled,2026-02-21 00:54:03.312132
166,12,336,walk_in,None,Transmission shifts roughly between 2nd and 3rd gear.,declined,2026-06-15 19:30:48.312132
167,127,238,walk_in,None,Need a routine maintenance check and oil change.,cancelled,2025-09-29 17:22:19.312132
168,331,325,walk_in,None,Brakes are squeaking loudly when coming to a stop.,approved,2026-05-10 14:14:13.312132
169,23,851,walk_in,None,Air conditioning is blowing warm air.,approved,2025-11-04 01:36:18.312132
170,201,627,walk_in,None,Air conditioning is blowing warm air.,pending,2025-12-16 09:31:44.312132
171,398,53,home_service,"565 Mabini St., Manila",Car pulls heavily to the right while driving.,pending,2026-03-17 06:51:20.312132
172,240,519,walk_in,None,Need a routine maintenance check and oil change.,approved,2025-10-06 19:34:13.312132
173,311,572,home_service,"867 Luna St., Quezon City",Engine makes a rattling noise on cold starts.,cancelled,2026-03-27 05:12:10.312132
174,180,489,walk_in,None,Brakes are squeaking loudly when coming to a stop.,inspection_scheduled,2025-09-25 18:38:44.312132
175,97,636,home_service,"854 Bonifacio St., Manila",Car pulls heavily to the right while driving.,inspection_scheduled,2026-06-26 03:23:25.312132
176,325,847,walk_in,None,Brakes are squeaking loudly when coming to a stop.,queued,2026-01-05 05:02:50.312132
177,465,417,home_service,"573 Rizal St., Pasig City",Transmission shifts roughly between 2nd and 3rd gear.,approved,2025-09-29 20:28:46.312132
178,188,860,home_service,"863 Rizal St., Quezon City",Transmission shifts roughly between 2nd and 3rd gear.,pending,2026-05-27 13:26:25.312132
179,166,268,home_service,"529 Taft St., Pasig City",Car pulls heavily to the right while driving.,queued,2025-10-14 09:27:17.312132
180,107,306,home_service,"15 Mabini St., Makati City","Battery seems weak, it struggles to start in the morning.",approved,2025-11-04 04:17:32.312132
181,438,974,walk_in,None,Engine makes a rattling noise on cold starts.,inspection_scheduled,2026-03-08 12:19:45.312132
182,68,481,walk_in,None,"Battery seems weak, it struggles to start in the morning.",queued,2026-01-27 09:29:53.312132
183,429,719,home_service,"907 Luna St., Pasig City",Need a routine maintenance check and oil change.,queued,2026-02-19 19:36:49.312132
184,8,610,home_service,"941 Rizal St., Makati City","Battery seems weak, it struggles to start in the morning.",queued,2025-11-27 07:17:23.312132
185,134,771,walk_in,None,Air conditioning is blowing warm air.,cancelled,2026-02-13 22:36:53.312132
186,52,101,home_service,"105 Luna St., Manila",Engine makes a rattling noise on cold starts.,declined,2026-04-29 05:48:43.312132
187,452,644,walk_in,None,Need a routine maintenance check and oil change.,pending,2025-08-20 21:24:56.312132
188,227,196,home_service,"227 Bonifacio St., Taguig",Air conditioning is blowing warm air.,approved,2026-05-15 15:47:54.312132
189,116,334,walk_in,None,"Battery seems weak, it struggles to start in the morning.",approved,2025-08-22 01:14:40.312132
190,404,999,walk_in,None,Transmission shifts roughly between 2nd and 3rd gear.,approved,2026-03-07 07:00:28.312132
191,87,359,home_service,"571 Taft St., Taguig",Air conditioning is blowing warm air.,queued,2025-11-09 12:51:08.312132
192,10,454,home_service,"645 Bonifacio St., Pasig City",Transmission shifts roughly between 2nd and 3rd gear.,queued,2026-06-14 02:23:30.312132
193,296,562,walk_in,None,Brakes are squeaking loudly when coming to a stop.,approved,2025-12-22 08:21:50.312132
194,113,910,walk_in,None,"Battery seems weak, it struggles to start in the morning.",declined,2026-02-25 07:38:39.312132
195,241,163,home_service,"593 Mabini St., Taguig",Check engine light has been on for two days.,pending,2025-10-06 14:23:17.312132
196,229,333,home_service,"538 Luna St., Taguig",Brakes are squeaking loudly when coming to a stop.,inspection_scheduled,2025-10-14 02:24:23.312132
197,143,362,walk_in,None,Need a routine maintenance check and oil change.,approved,2026-05-03 05:51:07.312132
198,193,277,home_service,"244 Rizal St., Quezon City",Engine makes a rattling noise on cold starts.,queued,2026-07-11 13:46:24.312132
200,349,628,walk_in,None,Air conditioning is blowing warm air.,approved,2025-11-01 01:51:25.312132
201,248,79,walk_in,None,Need a routine maintenance check and oil change.,cancelled,2026-04-21 05:43:09.312132
202,444,492,home_service,"98 Bonifacio St., Manila",Car pulls heavily to the right while driving.,declined,2026-03-01 23:36:10.312132
203,440,481,home_service,"889 Mabini St., Taguig",Need a routine maintenance check and oil change.,inspection_scheduled,2025-12-27 00:56:13.312132
204,316,439,home_service,"805 Bonifacio St., Makati City",Engine makes a rattling noise on cold starts.,pending,2026-05-19 05:56:31.312132
205,467,976,walk_in,None,Engine makes a rattling noise on cold starts.,declined,2026-04-01 20:17:23.312132
206,486,916,walk_in,None,Air conditioning is blowing warm air.,declined,2026-07-11 07:18:29.312132
207,121,305,walk_in,None,Brakes are squeaking loudly when coming to a stop.,declined,2026-07-19 17:50:13.312132
208,403,572,home_service,"680 Luna St., Makati City",Transmission shifts roughly between 2nd and 3rd gear.,approved,2026-07-08 18:27:29.312132
209,147,967,walk_in,None,Air conditioning is blowing warm air.,cancelled,2026-03-13 18:23:00.312132
210,381,968,walk_in,None,Need a routine maintenance check and oil change.,inspection_scheduled,2025-10-01 09:04:00.312132
211,386,559,home_service,"849 Bonifacio St., Quezon City",Brakes are squeaking loudly when coming to a stop.,declined,2026-02-23 02:22:53.312132
212,335,549,home_service,"14 Taft St., Manila",Need a routine maintenance check and oil change.,pending,2026-05-13 20:52:48.312132
213,442,915,home_service,"492 Rizal St., Pasig City","Battery seems weak, it struggles to start in the morning.",declined,2025-09-28 10:35:51.312132
214,422,952,walk_in,None,Engine makes a rattling noise on cold starts.,inspection_scheduled,2025-11-25 15:28:13.312132
215,71,955,home_service,"42 Taft St., Taguig",Car pulls heavily to the right while driving.,approved,2026-02-09 03:31:16.312132
216,222,293,walk_in,None,Check engine light has been on for two days.,cancelled,2025-10-16 05:00:36.312132
217,232,179,walk_in,None,Air conditioning is blowing warm air.,queued,2025-08-13 12:16:00.312132
218,334,669,home_service,"728 Luna St., Manila",Transmission shifts roughly between 2nd and 3rd gear.,queued,2026-05-05 01:14:35.312132
219,452,179,home_service,"633 Taft St., Taguig",Need a routine maintenance check and oil change.,queued,2025-10-20 04:00:21.312132
220,219,282,walk_in,None,Check engine light has been on for two days.,pending,2025-09-25 12:40:14.312132
221,459,103,walk_in,None,"Battery seems weak, it struggles to start in the morning.",cancelled,2026-02-20 13:43:31.312132
222,48,397,home_service,"176 Luna St., Quezon City",Brakes are squeaking loudly when coming to a stop.,inspection_scheduled,2026-02-26 07:45:20.312132
223,400,13,home_service,"98 Rizal St., Makati City",Air conditioning is blowing warm air.,inspection_scheduled,2026-05-21 09:37:59.312132
224,14,375,home_service,"965 Mabini St., Makati City",Check engine light has been on for two days.,pending,2026-01-29 10:47:37.312132
225,446,6,walk_in,None,Check engine light has been on for two days.,pending,2025-10-01 10:21:52.312132
226,45,719,home_service,"733 Taft St., Makati City",Check engine light has been on for two days.,cancelled,2025-08-19 21:27:15.312132
227,79,151,walk_in,None,Transmission shifts roughly between 2nd and 3rd gear.,pending,2026-02-03 09:39:28.312132
228,200,411,home_service,"38 Rizal St., Makati City",Need a routine maintenance check and oil change.,pending,2026-02-14 20:41:18.312132
229,155,488,home_service,"982 Mabini St., Quezon City",Need a routine maintenance check and oil change.,declined,2026-06-19 19:55:23.312132
230,440,983,walk_in,None,Air conditioning is blowing warm air.,pending,2025-10-01 13:06:30.312132
231,155,645,home_service,"755 Taft St., Makati City",Car pulls heavily to the right while driving.,inspection_scheduled,2025-11-27 09:47:30.312132
232,124,354,walk_in,None,Check engine light has been on for two days.,queued,2025-09-20 20:27:54.312132
233,175,942,walk_in,None,Air conditioning is blowing warm air.,approved,2026-02-01 23:29:57.312132
234,467,364,home_service,"476 Luna St., Manila",Need a routine maintenance check and oil change.,approved,2025-10-28 15:21:25.312132
235,206,107,walk_in,None,Engine makes a rattling noise on cold starts.,approved,2025-12-01 16:11:55.312132
236,400,716,home_service,"692 Taft St., Pasig City",Transmission shifts roughly between 2nd and 3rd gear.,queued,2026-04-13 20:18:24.312132
237,91,809,walk_in,None,Brakes are squeaking loudly when coming to a stop.,queued,2025-11-18 21:52:26.312132
238,379,38,walk_in,None,Air conditioning is blowing warm air.,cancelled,2026-03-07 05:50:27.312132
239,336,345,home_service,"485 Luna St., Pasig City",Air conditioning is blowing warm air.,inspection_scheduled,2026-01-03 05:35:29.312132
240,211,248,home_service,"288 Taft St., Makati City",Need a routine maintenance check and oil change.,cancelled,2025-11-30 12:25:54.312132
241,104,406,home_service,"314 Rizal St., Quezon City",Transmission shifts roughly between 2nd and 3rd gear.,approved,2026-05-15 15:32:14.312132
242,181,498,home_service,"77 Bonifacio St., Pasig City",Air conditioning is blowing warm air.,inspection_scheduled,2026-04-20 06:30:42.312132
243,262,414,walk_in,None,"Battery seems weak, it struggles to start in the morning.",inspection_scheduled,2026-02-21 12:24:40.312132
244,55,423,walk_in,None,Brakes are squeaking loudly when coming to a stop.,cancelled,2025-08-19 06:09:51.312132
245,196,959,walk_in,None,Need a routine maintenance check and oil change.,inspection_scheduled,2026-04-20 18:30:29.312132
246,237,467,home_service,"828 Taft St., Quezon City",Need a routine maintenance check and oil change.,inspection_scheduled,2026-05-03 01:30:08.312132
247,336,298,home_service,"87 Rizal St., Makati City",Engine makes a rattling noise on cold starts.,approved,2025-12-27 21:46:39.312132
248,317,340,home_service,"132 Luna St., Manila",Check engine light has been on for two days.,pending,2026-07-04 02:37:10.312132
249,398,119,home_service,"39 Taft St., Pasig City",Air conditioning is blowing warm air.,queued,2026-01-15 06:38:24.312132
250,65,471,home_service,"349 Taft St., Taguig",Check engine light has been on for two days.,approved,2026-06-22 02:01:42.312132
251,480,519,walk_in,None,Need a routine maintenance check and oil change.,inspection_scheduled,2026-07-18 23:25:08.312132
252,450,927,walk_in,None,Air conditioning is blowing warm air.,queued,2025-12-01 19:05:45.312132
253,440,502,home_service,"315 Taft St., Quezon City",Car pulls heavily to the right while driving.,pending,2025-12-05 08:57:00.312132
254,44,112,walk_in,None,Need a routine maintenance check and oil change.,pending,2026-03-17 13:54:32.312132
255,218,788,walk_in,None,"Battery seems weak, it struggles to start in the morning.",pending,2026-01-14 14:04:52.312132
256,8,42,home_service,"552 Luna St., Quezon City","Battery seems weak, it struggles to start in the morning.",declined,2026-04-19 04:57:51.312132
257,178,421,home_service,"819 Taft St., Manila",Brakes are squeaking loudly when coming to a stop.,declined,2025-10-18 02:28:49.312132
258,409,207,walk_in,None,Car pulls heavily to the right while driving.,queued,2025-12-20 07:29:19.312132
259,286,608,home_service,"899 Mabini St., Pasig City",Brakes are squeaking loudly when coming to a stop.,queued,2026-04-27 04:47:50.312132
260,205,682,walk_in,None,Car pulls heavily to the right while driving.,cancelled,2025-10-25 01:51:52.312132
261,408,476,home_service,"958 Bonifacio St., Pasig City",Need a routine maintenance check and oil change.,queued,2026-03-28 10:10:35.312132
262,316,304,home_service,"14 Luna St., Makati City",Engine makes a rattling noise on cold starts.,pending,2026-02-10 00:06:12.312132
263,364,52,home_service,"207 Rizal St., Manila",Need a routine maintenance check and oil change.,queued,2025-11-25 11:21:17.312132
264,33,784,walk_in,None,Engine makes a rattling noise on cold starts.,approved,2026-05-07 16:53:05.312132
265,342,228,walk_in,None,Air conditioning is blowing warm air.,pending,2026-05-29 01:38:16.312132
266,163,312,walk_in,None,"Battery seems weak, it struggles to start in the morning.",inspection_scheduled,2025-12-14 11:10:40.312132
267,304,686,home_service,"50 Bonifacio St., Pasig City",Transmission shifts roughly between 2nd and 3rd gear.,pending,2025-11-26 13:47:29.312132
268,273,433,walk_in,None,Check engine light has been on for two days.,queued,2026-03-25 19:45:12.312132
269,132,300,walk_in,None,Brakes are squeaking loudly when coming to a stop.,approved,2025-12-18 03:02:37.312132
270,285,187,home_service,"751 Rizal St., Pasig City",Transmission shifts roughly between 2nd and 3rd gear.,pending,2025-10-17 23:25:21.312132
271,107,272,walk_in,None,Need a routine maintenance check and oil change.,queued,2026-07-06 04:36:47.312132
272,260,605,home_service,"745 Luna St., Manila","Battery seems weak, it struggles to start in the morning.",queued,2025-08-10 19:02:08.312132
273,350,553,walk_in,None,Engine makes a rattling noise on cold starts.,declined,2026-05-27 12:21:51.312132
274,313,969,home_service,"358 Taft St., Manila",Transmission shifts roughly between 2nd and 3rd gear.,declined,2025-09-27 08:44:47.312132
275,301,257,walk_in,None,Car pulls heavily to the right while driving.,queued,2026-02-27 04:04:54.312132
276,500,366,walk_in,None,Engine makes a rattling noise on cold starts.,pending,2026-06-15 13:29:32.312132
277,387,62,home_service,"772 Taft St., Makati City",Need a routine maintenance check and oil change.,declined,2026-02-03 00:41:07.312132
278,425,632,walk_in,None,Need a routine maintenance check and oil change.,declined,2025-11-08 23:32:12.312132
279,340,417,walk_in,None,Air conditioning is blowing warm air.,cancelled,2026-05-19 21:38:26.312132
280,208,986,home_service,"653 Luna St., Taguig",Brakes are squeaking loudly when coming to a stop.,pending,2026-05-29 02:16:59.312132
281,394,872,walk_in,None,Check engine light has been on for two days.,declined,2026-03-02 03:19:19.312132
282,413,583,home_service,"868 Bonifacio St., Taguig",Check engine light has been on for two days.,inspection_scheduled,2026-03-26 16:24:58.312132
283,144,57,home_service,"721 Mabini St., Quezon City",Transmission shifts roughly between 2nd and 3rd gear.,inspection_scheduled,2026-06-02 19:51:30.312132
284,159,191,home_service,"72 Bonifacio St., Taguig",Engine makes a rattling noise on cold starts.,pending,2025-11-10 05:53:28.312132
285,432,24,home_service,"453 Bonifacio St., Manila",Transmission shifts roughly between 2nd and 3rd gear.,approved,2026-01-25 02:48:45.312132
286,375,800,walk_in,None,Engine makes a rattling noise on cold starts.,declined,2025-12-27 21:27:13.312132
287,103,229,walk_in,None,Check engine light has been on for two days.,approved,2026-07-16 07:19:24.312132
288,461,621,walk_in,None,"Battery seems weak, it struggles to start in the morning.",cancelled,2025-08-31 04:10:27.312132
289,467,291,walk_in,None,Engine makes a rattling noise on cold starts.,cancelled,2026-06-29 03:25:44.312132
290,246,994,walk_in,None,Transmission shifts roughly between 2nd and 3rd gear.,approved,2025-09-26 12:00:02.312132
291,378,247,walk_in,None,Engine makes a rattling noise on cold starts.,cancelled,2026-02-17 08:41:13.312132
292,316,640,walk_in,None,"Battery seems weak, it struggles to start in the morning.",pending,2026-06-02 16:15:54.312132
293,19,709,walk_in,None,Brakes are squeaking loudly when coming to a stop.,declined,2026-02-22 12:41:07.312132
294,111,410,walk_in,None,Engine makes a rattling noise on cold starts.,inspection_scheduled,2025-12-05 19:09:28.312132
295,264,976,home_service,"764 Bonifacio St., Manila",Engine makes a rattling noise on cold starts.,queued,2026-06-20 18:02:39.312132
296,236,48,walk_in,None,Check engine light has been on for two days.,approved,2025-11-10 03:35:53.312132
297,140,135,walk_in,None,Need a routine maintenance check and oil change.,inspection_scheduled,2026-05-27 06:10:14.312132
298,394,231,home_service,"920 Luna St., Taguig",Engine makes a rattling noise on cold starts.,approved,2025-08-19 03:19:42.312132
299,448,564,walk_in,None,Check engine light has been on for two days.,pending,2025-08-09 05:10:01.312132
300,113,8,home_service,"840 Mabini St., Pasig City",Air conditioning is blowing warm air.,queued,2026-05-27 07:51:01.312132
301,464,228,walk_in,None,Brakes are squeaking loudly when coming to a stop.,inspection_scheduled,2026-05-26 10:27:26.312132
302,113,80,home_service,"259 Mabini St., Manila","Battery seems weak, it struggles to start in the morning.",pending,2025-11-27 19:54:42.312132
303,81,417,walk_in,None,Brakes are squeaking loudly when coming to a stop.,inspection_scheduled,2026-03-02 16:15:15.312132
304,50,676,home_service,"193 Bonifacio St., Taguig",Car pulls heavily to the right while driving.,pending,2026-04-01 23:17:49.312132
305,204,123,walk_in,None,Check engine light has been on for two days.,cancelled,2026-04-13 02:02:37.312132
306,101,918,walk_in,None,Engine makes a rattling noise on cold starts.,approved,2026-02-14 11:01:28.312132
307,465,900,home_service,"818 Bonifacio St., Quezon City","Battery seems weak, it struggles to start in the morning.",pending,2026-03-21 22:26:29.312132
308,253,408,home_service,"432 Rizal St., Taguig",Check engine light has been on for two days.,queued,2026-07-21 13:17:31.312132
309,492,718,walk_in,None,"Battery seems weak, it struggles to start in the morning.",declined,2026-05-20 09:05:19.312132
310,70,130,walk_in,None,Transmission shifts roughly between 2nd and 3rd gear.,inspection_scheduled,2026-02-23 16:08:11.312132
311,485,39,home_service,"112 Taft St., Manila",Check engine light has been on for two days.,inspection_scheduled,2026-02-17 05:01:02.312132
312,358,870,walk_in,None,Engine makes a rattling noise on cold starts.,declined,2025-12-05 00:00:23.312132
313,211,291,home_service,"180 Luna St., Quezon City",Brakes are squeaking loudly when coming to a stop.,queued,2026-02-20 12:13:41.312132
314,172,398,walk_in,None,"Battery seems weak, it struggles to start in the morning.",cancelled,2026-03-12 09:17:56.312132
315,357,610,home_service,"978 Luna St., Pasig City",Transmission shifts roughly between 2nd and 3rd gear.,declined,2025-12-24 13:30:29.312132
316,494,71,walk_in,None,Car pulls heavily to the right while driving.,queued,2026-01-27 13:39:05.312132
317,23,808,walk_in,None,Engine makes a rattling noise on cold starts.,approved,2025-12-02 17:17:50.312132
318,219,483,home_service,"27 Bonifacio St., Quezon City",Brakes are squeaking loudly when coming to a stop.,cancelled,2026-01-21 20:25:11.312132
319,445,641,home_service,"280 Luna St., Manila",Check engine light has been on for two days.,pending,2025-09-24 21:21:10.312132
320,13,231,walk_in,None,Brakes are squeaking loudly when coming to a stop.,pending,2025-09-12 04:03:35.312132
321,412,260,walk_in,None,Check engine light has been on for two days.,pending,2026-03-04 12:32:31.312132
322,149,434,walk_in,None,Check engine light has been on for two days.,declined,2026-06-04 07:54:02.312132
323,370,796,walk_in,None,Car pulls heavily to the right while driving.,inspection_scheduled,2026-05-15 18:41:00.312132
324,211,397,home_service,"77 Rizal St., Makati City",Check engine light has been on for two days.,pending,2025-08-31 15:26:55.312132
325,68,204,walk_in,None,Brakes are squeaking loudly when coming to a stop.,queued,2025-11-16 04:36:50.312132
326,307,731,walk_in,None,Car pulls heavily to the right while driving.,inspection_scheduled,2025-08-06 16:35:34.312132
327,212,114,home_service,"2 Bonifacio St., Manila",Air conditioning is blowing warm air.,queued,2026-05-14 07:44:15.312132
328,499,392,walk_in,None,Need a routine maintenance check and oil change.,approved,2026-02-02 23:11:26.312132
329,104,352,home_service,"238 Luna St., Pasig City",Car pulls heavily to the right while driving.,approved,2025-09-03 08:38:04.312132
330,223,38,walk_in,None,Brakes are squeaking loudly when coming to a stop.,pending,2025-10-22 17:32:19.312132
331,300,973,walk_in,None,Need a routine maintenance check and oil change.,approved,2026-02-22 05:57:17.312132
332,47,749,home_service,"136 Taft St., Pasig City",Transmission shifts roughly between 2nd and 3rd gear.,inspection_scheduled,2026-07-30 23:12:04.312132
333,470,424,walk_in,None,Engine makes a rattling noise on cold starts.,approved,2026-07-22 06:30:24.312132
334,123,762,home_service,"861 Mabini St., Taguig","Battery seems weak, it struggles to start in the morning.",approved,2026-04-27 11:47:59.312132
335,234,660,home_service,"37 Bonifacio St., Pasig City",Air conditioning is blowing warm air.,queued,2026-05-04 09:50:39.312132
336,439,493,walk_in,None,Car pulls heavily to the right while driving.,inspection_scheduled,2025-11-22 17:33:02.312132
337,100,301,walk_in,None,Check engine light has been on for two days.,approved,2026-07-16 21:23:03.312132
338,417,959,home_service,"17 Taft St., Makati City",Engine makes a rattling noise on cold starts.,queued,2026-04-11 03:50:42.312132
339,141,117,home_service,"789 Taft St., Makati City",Need a routine maintenance check and oil change.,pending,2026-01-10 12:47:04.312132
340,223,997,home_service,"64 Mabini St., Makati City",Need a routine maintenance check and oil change.,approved,2026-07-09 20:31:27.312132
341,389,810,home_service,"980 Rizal St., Pasig City",Air conditioning is blowing warm air.,approved,2026-03-23 08:59:43.312132
342,321,865,home_service,"156 Luna St., Quezon City",Air conditioning is blowing warm air.,pending,2026-01-18 07:04:14.312132
343,215,112,home_service,"94 Taft St., Manila",Check engine light has been on for two days.,cancelled,2025-09-11 09:02:15.312132
344,76,470,walk_in,None,Check engine light has been on for two days.,cancelled,2025-10-23 22:48:53.312132
345,311,739,home_service,"765 Mabini St., Pasig City",Car pulls heavily to the right while driving.,queued,2026-03-27 04:59:47.312132
346,239,875,home_service,"203 Taft St., Makati City",Car pulls heavily to the right while driving.,inspection_scheduled,2026-06-24 16:55:47.312132
347,42,80,home_service,"703 Taft St., Quezon City",Car pulls heavily to the right while driving.,cancelled,2026-03-17 00:46:57.312132
348,490,340,home_service,"711 Mabini St., Manila",Check engine light has been on for two days.,cancelled,2026-04-29 10:35:41.312132
349,387,192,home_service,"869 Mabini St., Taguig",Transmission shifts roughly between 2nd and 3rd gear.,pending,2026-02-05 07:21:16.312132
350,409,867,walk_in,None,Need a routine maintenance check and oil change.,cancelled,2026-02-20 04:20:49.312132
351,68,219,home_service,"815 Luna St., Taguig",Transmission shifts roughly between 2nd and 3rd gear.,approved,2026-06-30 21:15:12.312132
352,453,132,walk_in,None,Brakes are squeaking loudly when coming to a stop.,declined,2026-03-14 00:08:15.312132
353,4,540,walk_in,None,"Battery seems weak, it struggles to start in the morning.",declined,2025-09-08 03:32:35.312132
354,319,259,walk_in,None,Air conditioning is blowing warm air.,inspection_scheduled,2025-08-08 03:47:13.312132
355,318,365,walk_in,None,"Battery seems weak, it struggles to start in the morning.",cancelled,2026-01-27 08:04:54.312132
356,437,699,home_service,"787 Mabini St., Quezon City",Need a routine maintenance check and oil change.,approved,2026-03-21 14:52:24.312132
357,187,186,walk_in,None,Air conditioning is blowing warm air.,queued,2025-09-21 03:16:29.312132
358,41,396,home_service,"88 Rizal St., Manila","Battery seems weak, it struggles to start in the morning.",approved,2026-01-04 14:02:12.312132
359,420,84,home_service,"969 Luna St., Pasig City",Need a routine maintenance check and oil change.,declined,2026-03-10 20:22:52.312132
360,339,446,walk_in,None,Air conditioning is blowing warm air.,declined,2026-05-08 10:40:07.312132
361,400,756,walk_in,None,"Battery seems weak, it struggles to start in the morning.",inspection_scheduled,2025-09-01 14:54:18.312132
362,2,130,home_service,"31 Rizal St., Taguig",Air conditioning is blowing warm air.,pending,2025-08-09 18:28:35.312132
363,415,535,home_service,"563 Luna St., Taguig",Transmission shifts roughly between 2nd and 3rd gear.,approved,2026-07-21 15:25:07.312132
364,449,781,home_service,"320 Taft St., Manila",Car pulls heavily to the right while driving.,declined,2026-06-10 09:04:37.312132
365,4,719,walk_in,None,Car pulls heavily to the right while driving.,queued,2025-08-08 08:41:36.312132
366,459,948,walk_in,None,Air conditioning is blowing warm air.,cancelled,2026-04-27 07:16:27.312132
367,337,140,home_service,"106 Bonifacio St., Quezon City",Car pulls heavily to the right while driving.,pending,2026-05-25 14:05:36.312132
368,106,943,home_service,"570 Taft St., Quezon City",Check engine light has been on for two days.,declined,2026-04-13 23:58:47.312132
369,489,765,walk_in,None,Need a routine maintenance check and oil change.,inspection_scheduled,2025-11-27 12:16:13.312132
370,251,986,walk_in,None,"Battery seems weak, it struggles to start in the morning.",pending,2026-03-19 07:17:15.312132
371,429,689,home_service,"409 Bonifacio St., Pasig City",Check engine light has been on for two days.,declined,2026-01-27 20:02:59.312132
372,161,247,walk_in,None,"Battery seems weak, it struggles to start in the morning.",queued,2026-02-06 14:17:28.312132
373,407,264,walk_in,None,Engine makes a rattling noise on cold starts.,cancelled,2026-03-14 16:31:10.312132
374,19,393,walk_in,None,"Battery seems weak, it struggles to start in the morning.",inspection_scheduled,2026-01-26 00:54:44.312132
375,243,484,walk_in,None,"Battery seems weak, it struggles to start in the morning.",approved,2025-09-04 11:28:57.312132
376,424,41,walk_in,None,Need a routine maintenance check and oil change.,cancelled,2026-01-13 08:58:59.312132
377,277,254,walk_in,None,Need a routine maintenance check and oil change.,inspection_scheduled,2025-11-17 23:59:22.312132
378,154,845,home_service,"603 Bonifacio St., Pasig City",Need a routine maintenance check and oil change.,inspection_scheduled,2026-05-27 17:06:34.312132
379,287,707,walk_in,None,Check engine light has been on for two days.,pending,2026-04-25 19:13:42.312132
380,134,813,walk_in,None,Brakes are squeaking loudly when coming to a stop.,cancelled,2026-01-08 17:56:21.312132
381,141,132,home_service,"779 Mabini St., Pasig City",Brakes are squeaking loudly when coming to a stop.,pending,2025-11-29 15:37:24.312132
382,246,824,walk_in,None,Car pulls heavily to the right while driving.,inspection_scheduled,2026-06-03 15:32:48.312132
383,240,455,home_service,"304 Mabini St., Pasig City",Transmission shifts roughly between 2nd and 3rd gear.,declined,2026-08-04 23:03:41.312132
384,44,847,home_service,"351 Mabini St., Manila",Transmission shifts roughly between 2nd and 3rd gear.,inspection_scheduled,2026-05-30 17:51:44.312132
385,381,964,walk_in,None,Check engine light has been on for two days.,cancelled,2026-05-19 15:18:10.312132
386,445,972,walk_in,None,Car pulls heavily to the right while driving.,cancelled,2026-04-03 18:47:04.312132
387,348,871,home_service,"397 Bonifacio St., Quezon City",Air conditioning is blowing warm air.,queued,2025-10-10 10:12:57.312132
388,136,874,walk_in,None,Check engine light has been on for two days.,inspection_scheduled,2026-01-09 01:15:50.312132
389,291,943,home_service,"194 Taft St., Taguig","Battery seems weak, it struggles to start in the morning.",cancelled,2026-03-12 11:39:44.312132
390,409,320,home_service,"870 Luna St., Pasig City",Need a routine maintenance check and oil change.,queued,2026-03-04 16:59:07.312132
391,492,202,home_service,"304 Bonifacio St., Manila",Check engine light has been on for two days.,pending,2025-11-16 01:37:29.312132
392,211,137,home_service,"611 Taft St., Makati City",Need a routine maintenance check and oil change.,approved,2026-04-23 15:03:24.312132
393,90,851,walk_in,None,Brakes are squeaking loudly when coming to a stop.,cancelled,2025-08-08 18:02:02.312132
394,238,212,home_service,"685 Taft St., Makati City",Transmission shifts roughly between 2nd and 3rd gear.,inspection_scheduled,2026-05-15 23:40:02.312132
395,332,623,walk_in,None,"Battery seems weak, it struggles to start in the morning.",inspection_scheduled,2025-08-15 03:47:20.312132
396,172,727,home_service,"642 Mabini St., Pasig City","Battery seems weak, it struggles to start in the morning.",approved,2026-05-02 16:54:22.312132
397,68,535,walk_in,None,"Battery seems weak, it struggles to start in the morning.",inspection_scheduled,2025-10-25 06:10:59.312132
398,166,811,walk_in,None,Engine makes a rattling noise on cold starts.,declined,2026-02-21 17:59:39.312132
399,500,586,walk_in,None,Car pulls heavily to the right while driving.,declined,2026-07-01 06:58:49.312132
400,111,489,walk_in,None,Check engine light has been on for two days.,queued,2026-06-21 13:15:43.312132
401,429,790,home_service,"280 Bonifacio St., Quezon City",Air conditioning is blowing warm air.,pending,2026-02-10 03:51:55.312132
402,129,664,home_service,"403 Taft St., Manila",Car pulls heavily to the right while driving.,queued,2025-10-30 19:36:35.312132
403,271,941,walk_in,None,Need a routine maintenance check and oil change.,approved,2025-12-15 20:34:53.312132
404,332,337,home_service,"756 Rizal St., Taguig",Air conditioning is blowing warm air.,cancelled,2026-02-05 13:13:45.312132
405,327,734,walk_in,None,"Battery seems weak, it struggles to start in the morning.",approved,2026-06-22 13:34:55.312132
406,193,162,home_service,"773 Mabini St., Manila",Car pulls heavily to the right while driving.,pending,2026-05-30 22:31:11.312132
407,222,605,walk_in,None,Transmission shifts roughly between 2nd and 3rd gear.,cancelled,2026-05-21 06:56:11.312132
408,181,506,home_service,"741 Taft St., Quezon City","Battery seems weak, it struggles to start in the morning.",queued,2025-08-25 02:00:56.312132
409,17,961,walk_in,None,Engine makes a rattling noise on cold starts.,approved,2026-06-07 08:00:37.312132
410,63,236,home_service,"96 Mabini St., Quezon City",Engine makes a rattling noise on cold starts.,pending,2026-04-30 11:37:28.312132
411,159,531,walk_in,None,Check engine light has been on for two days.,cancelled,2026-03-06 06:53:06.312132
412,161,447,walk_in,None,Engine makes a rattling noise on cold starts.,queued,2025-08-21 14:29:21.312132
413,77,575,walk_in,None,Engine makes a rattling noise on cold starts.,approved,2026-07-03 00:28:40.312132
414,319,185,home_service,"444 Mabini St., Pasig City","Battery seems weak, it struggles to start in the morning.",queued,2026-02-10 13:57:15.312132
415,155,763,walk_in,None,Engine makes a rattling noise on cold starts.,cancelled,2026-06-25 10:58:08.312132
416,188,748,home_service,"434 Bonifacio St., Taguig",Check engine light has been on for two days.,cancelled,2026-03-11 00:33:02.312132
417,1,533,home_service,"109 Taft St., Taguig",Transmission shifts roughly between 2nd and 3rd gear.,inspection_scheduled,2026-01-31 07:20:02.312132
418,433,183,home_service,"583 Bonifacio St., Pasig City",Engine makes a rattling noise on cold starts.,queued,2025-12-05 11:23:07.312132
419,154,136,home_service,"282 Mabini St., Quezon City","Battery seems weak, it struggles to start in the morning.",pending,2025-11-06 09:30:09.312132
420,292,141,walk_in,None,Air conditioning is blowing warm air.,inspection_scheduled,2025-11-06 12:59:33.312132
421,456,947,walk_in,None,Brakes are squeaking loudly when coming to a stop.,pending,2026-03-20 19:07:06.312132
422,404,749,home_service,"723 Rizal St., Taguig",Need a routine maintenance check and oil change.,approved,2026-01-05 16:55:56.312132
423,95,340,home_service,"118 Rizal St., Makati City","Battery seems weak, it struggles to start in the morning.",declined,2025-10-06 19:25:14.312132
424,429,579,walk_in,None,Need a routine maintenance check and oil change.,queued,2026-06-30 12:27:08.312132
425,38,130,walk_in,None,Brakes are squeaking loudly when coming to a stop.,declined,2026-01-18 20:30:19.312132
426,385,365,home_service,"41 Luna St., Makati City",Need a routine maintenance check and oil change.,declined,2025-10-01 03:34:27.312132
427,434,870,home_service,"508 Bonifacio St., Manila",Engine makes a rattling noise on cold starts.,queued,2026-03-18 04:15:39.312132
428,73,602,home_service,"969 Rizal St., Manila","Battery seems weak, it struggles to start in the morning.",declined,2025-12-16 06:36:09.312132
429,222,906,home_service,"57 Luna St., Taguig",Check engine light has been on for two days.,pending,2026-03-22 12:40:04.312132
430,220,893,walk_in,None,Car pulls heavily to the right while driving.,inspection_scheduled,2026-02-12 12:49:06.312132
431,85,556,home_service,"963 Rizal St., Pasig City",Need a routine maintenance check and oil change.,inspection_scheduled,2025-08-18 14:52:18.312132
432,410,461,walk_in,None,Check engine light has been on for two days.,declined,2026-02-02 00:40:47.312132
433,128,456,walk_in,None,"Battery seems weak, it struggles to start in the morning.",queued,2026-01-08 05:19:45.312132
434,172,825,walk_in,None,Need a routine maintenance check and oil change.,approved,2025-11-01 23:25:48.312132
435,474,606,home_service,"38 Mabini St., Manila",Car pulls heavily to the right while driving.,queued,2025-08-09 15:26:21.312132
436,248,103,walk_in,None,"Battery seems weak, it struggles to start in the morning.",inspection_scheduled,2025-09-18 21:32:29.312132
437,357,773,walk_in,None,Brakes are squeaking loudly when coming to a stop.,queued,2025-08-15 19:44:12.312132
438,172,621,home_service,"996 Taft St., Quezon City",Air conditioning is blowing warm air.,pending,2026-06-16 14:35:32.312132
439,410,433,home_service,"929 Bonifacio St., Taguig",Brakes are squeaking loudly when coming to a stop.,inspection_scheduled,2025-08-21 20:59:29.312132
440,141,66,home_service,"256 Bonifacio St., Quezon City",Transmission shifts roughly between 2nd and 3rd gear.,declined,2026-07-17 00:28:53.312132
441,177,705,walk_in,None,"Battery seems weak, it struggles to start in the morning.",cancelled,2026-02-16 00:23:21.312132
442,401,817,walk_in,None,Check engine light has been on for two days.,cancelled,2026-03-09 12:41:16.312132
443,267,903,walk_in,None,Brakes are squeaking loudly when coming to a stop.,queued,2025-11-10 09:56:11.312132
444,448,547,home_service,"537 Mabini St., Manila",Air conditioning is blowing warm air.,pending,2026-06-23 15:04:29.312132
445,141,773,walk_in,None,Air conditioning is blowing warm air.,inspection_scheduled,2026-03-16 22:27:41.312132
446,142,845,walk_in,None,Car pulls heavily to the right while driving.,inspection_scheduled,2025-11-16 21:30:24.312132
447,387,563,walk_in,None,Brakes are squeaking loudly when coming to a stop.,pending,2026-04-07 20:26:59.312132
448,393,244,walk_in,None,Transmission shifts roughly between 2nd and 3rd gear.,declined,2026-01-25 15:08:50.312132
449,468,650,walk_in,None,Brakes are squeaking loudly when coming to a stop.,pending,2025-12-11 17:36:40.312132
450,6,288,walk_in,None,Air conditioning is blowing warm air.,queued,2025-12-24 09:23:50.312132
451,454,604,home_service,"484 Rizal St., Quezon City",Check engine light has been on for two days.,approved,2025-09-19 10:44:03.312132
452,204,489,home_service,"754 Luna St., Taguig","Battery seems weak, it struggles to start in the morning.",queued,2025-10-28 04:17:04.312132
453,362,256,home_service,"809 Mabini St., Quezon City",Engine makes a rattling noise on cold starts.,cancelled,2026-04-30 07:14:32.312132
454,45,209,walk_in,None,Engine makes a rattling noise on cold starts.,inspection_scheduled,2026-02-26 06:29:15.312132
455,265,478,walk_in,None,Car pulls heavily to the right while driving.,declined,2025-11-13 19:03:10.312132
456,371,580,home_service,"263 Mabini St., Pasig City",Check engine light has been on for two days.,queued,2025-10-28 07:07:59.312132
457,359,978,home_service,"713 Mabini St., Pasig City","Battery seems weak, it struggles to start in the morning.",declined,2025-12-02 12:58:15.312132
458,132,181,home_service,"437 Taft St., Makati City",Air conditioning is blowing warm air.,pending,2026-02-26 05:25:37.312132
459,478,258,walk_in,None,Need a routine maintenance check and oil change.,approved,2025-11-06 23:12:41.312132
460,366,358,walk_in,None,Check engine light has been on for two days.,declined,2026-01-18 07:28:28.312132
461,298,265,home_service,"643 Mabini St., Manila",Brakes are squeaking loudly when coming to a stop.,cancelled,2025-11-11 15:54:01.312132
462,320,311,walk_in,None,Car pulls heavily to the right while driving.,approved,2026-01-29 08:33:45.312132
463,148,453,walk_in,None,Transmission shifts roughly between 2nd and 3rd gear.,cancelled,2026-06-16 00:02:13.312132
464,238,48,walk_in,None,Need a routine maintenance check and oil change.,queued,2025-12-24 09:49:45.312132
465,453,70,walk_in,None,Air conditioning is blowing warm air.,declined,2026-04-16 05:46:15.312132
466,25,682,home_service,"824 Bonifacio St., Quezon City",Car pulls heavily to the right while driving.,inspection_scheduled,2025-09-04 21:57:15.312132
467,404,421,walk_in,None,Need a routine maintenance check and oil change.,pending,2026-04-05 19:09:24.312132
468,303,861,walk_in,None,Air conditioning is blowing warm air.,inspection_scheduled,2025-12-09 20:47:33.312132
469,312,266,walk_in,None,Transmission shifts roughly between 2nd and 3rd gear.,pending,2025-10-24 23:53:06.312132
470,335,34,home_service,"179 Luna St., Pasig City",Need a routine maintenance check and oil change.,approved,2025-10-12 18:35:30.312132
471,50,582,home_service,"954 Rizal St., Quezon City",Transmission shifts roughly between 2nd and 3rd gear.,declined,2026-05-26 21:14:02.312132
472,456,388,home_service,"658 Bonifacio St., Pasig City",Transmission shifts roughly between 2nd and 3rd gear.,approved,2026-07-22 05:39:47.312132
473,355,628,home_service,"980 Mabini St., Pasig City",Engine makes a rattling noise on cold starts.,approved,2026-07-09 01:01:59.312132
474,458,111,walk_in,None,Check engine light has been on for two days.,queued,2026-06-25 15:59:28.312132
475,245,882,walk_in,None,Brakes are squeaking loudly when coming to a stop.,approved,2026-03-28 05:21:30.312132
476,424,58,walk_in,None,"Battery seems weak, it struggles to start in the morning.",cancelled,2026-01-09 23:50:50.312132
477,246,158,walk_in,None,Engine makes a rattling noise on cold starts.,declined,2026-05-22 07:22:17.312132
478,162,828,walk_in,None,Brakes are squeaking loudly when coming to a stop.,queued,2026-04-25 13:40:58.312132
479,171,383,walk_in,None,Check engine light has been on for two days.,queued,2026-05-27 16:51:54.312132
480,100,578,home_service,"766 Taft St., Makati City",Need a routine maintenance check and oil change.,cancelled,2026-06-03 23:02:55.312132
481,185,474,walk_in,None,Check engine light has been on for two days.,cancelled,2025-08-12 02:17:53.312132
482,435,897,home_service,"370 Bonifacio St., Quezon City",Engine makes a rattling noise on cold starts.,cancelled,2025-11-19 07:41:14.312132
483,78,839,home_service,"793 Taft St., Quezon City","Battery seems weak, it struggles to start in the morning.",cancelled,2026-07-22 04:00:36.312132
484,83,968,home_service,"83 Luna St., Quezon City",Need a routine maintenance check and oil change.,cancelled,2025-10-02 17:50:21.312132
485,102,636,walk_in,None,Car pulls heavily to the right while driving.,declined,2026-06-08 23:06:53.312132
486,248,5,home_service,"560 Luna St., Makati City",Car pulls heavily to the right while driving.,queued,2026-03-12 09:18:01.312132
487,495,405,home_service,"87 Rizal St., Manila",Need a routine maintenance check and oil change.,cancelled,2025-08-11 13:17:50.312132
488,260,428,walk_in,None,Engine makes a rattling noise on cold starts.,queued,2025-12-18 21:39:40.312132
489,222,481,home_service,"145 Taft St., Taguig","Battery seems weak, it struggles to start in the morning.",pending,2025-08-29 11:33:13.312132
490,147,740,walk_in,None,Brakes are squeaking loudly when coming to a stop.,pending,2025-12-25 13:27:46.312132
491,73,868,home_service,"109 Bonifacio St., Manila",Car pulls heavily to the right while driving.,approved,2026-02-27 05:01:11.312132
492,354,368,home_service,"39 Mabini St., Taguig","Battery seems weak, it struggles to start in the morning.",inspection_scheduled,2026-03-11 01:19:40.312132
493,230,385,home_service,"221 Mabini St., Taguig",Check engine light has been on for two days.,queued,2026-03-09 20:05:36.312132
494,443,508,home_service,"880 Rizal St., Taguig",Air conditioning is blowing warm air.,approved,2026-02-27 22:52:39.312132
495,193,275,walk_in,None,Transmission shifts roughly between 2nd and 3rd gear.,pending,2026-06-19 19:37:15.312132
496,314,507,walk_in,None,Engine makes a rattling noise on cold starts.,pending,2026-02-20 22:42:11.312132
497,51,701,home_service,"628 Bonifacio St., Pasig City",Need a routine maintenance check and oil change.,declined,2025-12-02 04:39:18.312132
498,380,295,walk_in,None,Engine makes a rattling noise on cold starts.,cancelled,2026-02-19 11:35:52.312132
499,185,427,home_service,"594 Luna St., Manila",Engine makes a rattling noise on cold starts.,queued,2026-05-01 16:09:38.312132
500,495,6,walk_in,None,Air conditioning is blowing warm air.,approved,2025-08-18 02:03:44.312132
501,501,1001,walk_in,None,Routine oil change and filter replacement.,approved,2018-09-25 02:35:42.964095
502,502,1002,walk_in,None,Wheel alignment drift noticed after pothole — 30-min fix.,approved,2017-12-26 02:35:42.964095
503,503,1003,walk_in,None,Cabin air filter replacement and interior A/C cleaning.,approved,2024-11-15 02:35:42.964095
504,504,1004,walk_in,None,"Annual PMS check: fluids, filters, belts, and brakes.",approved,2024-01-18 02:35:42.964095
505,505,1005,walk_in,None,Dashboard warning light blinking — quick diagnostic scan.,approved,2023-06-08 02:35:42.964095
506,506,1006,walk_in,None,Cabin air filter replacement and interior A/C cleaning.,approved,2023-10-05 02:35:42.964095
507,507,1007,walk_in,None,Dashboard warning light blinking — quick diagnostic scan.,approved,2026-05-24 02:35:42.964095
508,508,1008,walk_in,None,Cabin air filter replacement and interior A/C cleaning.,approved,2017-10-30 02:35:42.964095
509,509,1009,walk_in,None,Dashboard warning light blinking — quick diagnostic scan.,approved,2025-02-26 02:35:42.964095
510,510,1010,walk_in,None,"Annual PMS check: fluids, filters, belts, and brakes.",approved,2016-10-04 02:35:42.964095
511,511,1011,walk_in,None,Wheel alignment drift noticed after pothole — 30-min fix.,approved,2023-11-18 02:35:42.964095
512,512,1012,walk_in,None,"Wiper blades worn, visibility poor — quick replacement.",approved,2023-11-22 02:35:42.964095
513,513,1013,walk_in,None,"Annual PMS check: fluids, filters, belts, and brakes.",approved,2017-05-14 02:35:42.964095
514,514,1014,walk_in,None,Dashboard warning light blinking — quick diagnostic scan.,approved,2020-07-22 02:35:42.964095
515,515,1015,walk_in,None,Monthly tire pressure and tread depth check.,approved,2019-06-07 02:35:42.964095
516,516,1016,walk_in,None,Cabin air filter replacement and interior A/C cleaning.,approved,2022-06-11 02:35:42.964095
517,517,1017,walk_in,None,Quick battery terminal cleaning and voltage test.,approved,2024-10-06 02:35:42.964095
518,518,1018,walk_in,None,"Annual PMS check: fluids, filters, belts, and brakes.",approved,2022-04-12 02:35:42.964095
519,519,1019,walk_in,None,Dashboard warning light blinking — quick diagnostic scan.,approved,2022-06-30 02:35:42.964095
520,520,1020,walk_in,None,Quick battery terminal cleaning and voltage test.,approved,2023-04-18 02:35:42.964095
521,521,1021,walk_in,None,Wheel alignment drift noticed after pothole — 30-min fix.,approved,2024-03-09 02:35:42.964095
522,522,1022,walk_in,None,Cabin air filter replacement and interior A/C cleaning.,approved,2021-08-30 02:35:42.964095
523,523,1023,walk_in,None,"Annual PMS check: fluids, filters, belts, and brakes.",approved,2020-06-28 02:35:42.964095
524,524,1024,walk_in,None,Minor brake squeal during light braking — quick inspection.,approved,2024-08-12 02:35:42.964095
525,525,1025,walk_in,None,Monthly tire pressure and tread depth check.,approved,2019-03-03 02:35:42.964095
526,526,1026,walk_in,None,Minor brake squeal during light braking — quick inspection.,approved,2023-04-07 02:35:42.964095
527,527,1027,walk_in,None,"Wiper blades worn, visibility poor — quick replacement.",approved,2023-12-13 02:35:42.964095
528,528,1028,walk_in,None,Schedule quick tire rotation and nitrogen top-up.,approved,2025-01-17 02:35:42.964095
529,529,1029,walk_in,None,"Annual PMS check: fluids, filters, belts, and brakes.",approved,2021-11-25 02:35:42.964095
530,530,1030,walk_in,None,"Wiper blades worn, visibility poor — quick replacement.",approved,2017-03-06 02:35:42.964095
531,531,1031,walk_in,None,Minor brake squeal during light braking — quick inspection.,approved,2021-03-02 02:35:42.964095
532,532,1032,walk_in,None,Quick battery terminal cleaning and voltage test.,approved,2026-03-14 02:35:42.964095
533,533,1033,walk_in,None,Routine oil change and filter replacement.,approved,2024-05-24 02:35:42.964095
534,534,1034,walk_in,None,Dashboard warning light blinking — quick diagnostic scan.,approved,2025-12-01 02:35:42.964095
535,535,1035,walk_in,None,Dashboard warning light blinking — quick diagnostic scan.,approved,2026-05-28 02:35:42.964095
536,536,1036,walk_in,None,Monthly tire pressure and tread depth check.,approved,2023-02-05 02:35:42.964095
537,537,1037,walk_in,None,Schedule quick tire rotation and nitrogen top-up.,approved,2019-07-29 02:35:42.964095
538,538,1038,walk_in,None,Minor brake squeal during light braking — quick inspection.,approved,2026-06-09 02:35:42.964095
539,539,1039,walk_in,None,"Wiper blades worn, visibility poor — quick replacement.",approved,2024-06-24 02:35:42.964095
540,540,1040,walk_in,None,"Annual PMS check: fluids, filters, belts, and brakes.",approved,2018-02-22 02:35:42.964095
541,541,1041,walk_in,None,Dashboard warning light blinking — quick diagnostic scan.,approved,2020-10-05 02:35:42.964095
542,542,1042,walk_in,None,Schedule quick tire rotation and nitrogen top-up.,approved,2025-01-24 02:35:42.964095
543,543,1043,walk_in,None,Minor brake squeal during light braking — quick inspection.,approved,2022-03-15 02:35:42.964095
544,544,1044,walk_in,None,Schedule quick tire rotation and nitrogen top-up.,approved,2019-09-06 02:35:42.964095
545,545,1045,walk_in,None,"Annual PMS check: fluids, filters, belts, and brakes.",approved,2024-09-20 02:35:42.964095
546,546,1046,walk_in,None,Cabin air filter replacement and interior A/C cleaning.,approved,2025-05-05 02:35:42.964095
547,547,1047,walk_in,None,Wheel alignment drift noticed after pothole — 30-min fix.,approved,2026-06-28 02:35:42.964095
548,548,1048,walk_in,None,Cabin air filter replacement and interior A/C cleaning.,approved,2017-02-19 02:35:42.964095
549,549,1049,walk_in,None,Routine oil change and filter replacement.,approved,2026-02-15 02:35:42.964095
550,550,1050,walk_in,None,"Wiper blades worn, visibility poor — quick replacement.",approved,2024-07-01 02:35:42.964095
551,551,1051,walk_in,None,Wheel alignment drift noticed after pothole — 30-min fix.,approved,2021-10-16 02:35:42.964095
552,552,1052,walk_in,None,"Wiper blades worn, visibility poor — quick replacement.",approved,2020-05-03 02:35:42.964095
553,553,1053,walk_in,None,Monthly tire pressure and tread depth check.,approved,2018-12-06 02:35:42.964095
554,554,1054,walk_in,None,Quick battery terminal cleaning and voltage test.,approved,2020-01-28 02:35:42.964095
555,555,1055,walk_in,None,"Annual PMS check: fluids, filters, belts, and brakes.",approved,2025-10-31 02:35:42.964095
556,556,1056,walk_in,None,Cabin air filter replacement and interior A/C cleaning.,approved,2019-10-16 02:35:42.964095
557,557,1057,walk_in,None,"Annual PMS check: fluids, filters, belts, and brakes.",approved,2025-09-29 02:35:42.964095
558,558,1058,walk_in,None,Minor brake squeal during light braking — quick inspection.,approved,2017-12-12 02:35:42.964095
559,559,1059,walk_in,None,Minor brake squeal during light braking — quick inspection.,approved,2019-09-10 02:35:42.964095
560,560,1060,walk_in,None,Monthly tire pressure and tread depth check.,approved,2024-06-29 02:35:42.964095
561,561,1061,walk_in,None,Wheel alignment drift noticed after pothole — 30-min fix.,approved,2017-12-19 02:35:42.964095
562,562,1062,walk_in,None,Dashboard warning light blinking — quick diagnostic scan.,approved,2017-03-02 02:35:42.964095
563,563,1063,walk_in,None,Wheel alignment drift noticed after pothole — 30-min fix.,approved,2022-08-08 02:35:42.964095
564,564,1064,walk_in,None,Cabin air filter replacement and interior A/C cleaning.,approved,2018-07-01 02:35:42.964095
565,565,1065,walk_in,None,"Wiper blades worn, visibility poor — quick replacement.",approved,2017-11-04 02:35:42.964095
566,566,1066,walk_in,None,Schedule quick tire rotation and nitrogen top-up.,approved,2025-01-31 02:35:42.964095
567,567,1067,walk_in,None,Schedule quick tire rotation and nitrogen top-up.,approved,2017-12-20 02:35:42.964095
568,568,1068,walk_in,None,Cabin air filter replacement and interior A/C cleaning.,approved,2019-07-08 02:35:42.964095
569,569,1069,walk_in,None,Cabin air filter replacement and interior A/C cleaning.,approved,2020-07-04 02:35:42.964095
570,570,1070,walk_in,None,Minor brake squeal during light braking — quick inspection.,approved,2026-07-22 02:35:42.964095
571,571,1071,walk_in,None,Schedule quick tire rotation and nitrogen top-up.,approved,2025-05-09 02:35:42.964095
572,572,1072,walk_in,None,Monthly tire pressure and tread depth check.,approved,2019-10-03 02:35:42.964095
573,573,1073,walk_in,None,Routine oil change and filter replacement.,approved,2018-07-18 02:35:42.964095
574,574,1074,walk_in,None,"Wiper blades worn, visibility poor — quick replacement.",approved,2023-12-21 02:35:42.964095
575,575,1075,walk_in,None,Routine oil change and filter replacement.,approved,2023-03-02 02:35:42.964095
576,576,1076,walk_in,None,Quick battery terminal cleaning and voltage test.,approved,2017-06-05 02:35:42.964095
577,577,1077,walk_in,None,Routine oil change and filter replacement.,approved,2025-12-03 02:35:42.964095
578,578,1078,walk_in,None,Minor brake squeal during light braking — quick inspection.,approved,2025-08-28 02:35:42.964095
579,579,1079,walk_in,None,Monthly tire pressure and tread depth check.,approved,2019-03-14 02:35:42.964095
580,580,1080,walk_in,None,"Wiper blades worn, visibility poor — quick replacement.",approved,2023-05-24 02:35:42.964095
581,581,1081,walk_in,None,Cabin air filter replacement and interior A/C cleaning.,approved,2025-09-18 02:35:42.964095
582,582,1082,walk_in,None,"Annual PMS check: fluids, filters, belts, and brakes.",approved,2024-06-30 02:35:42.964095
583,583,1083,walk_in,None,Minor brake squeal during light braking — quick inspection.,approved,2020-01-30 02:35:42.964095
584,584,1084,walk_in,None,"Wiper blades worn, visibility poor — quick replacement.",approved,2023-06-22 02:35:42.964095
585,585,1085,walk_in,None,"Annual PMS check: fluids, filters, belts, and brakes.",approved,2022-08-22 02:35:42.964095
586,586,1086,walk_in,None,Schedule quick tire rotation and nitrogen top-up.,approved,2018-09-06 02:35:42.964095
587,587,1087,walk_in,None,Cabin air filter replacement and interior A/C cleaning.,approved,2024-05-17 02:35:42.964095
588,588,1088,walk_in,None,Cabin air filter replacement and interior A/C cleaning.,approved,2024-06-18 02:35:42.964095
589,589,1089,walk_in,None,"Wiper blades worn, visibility poor — quick replacement.",approved,2023-06-26 02:35:42.964095
590,590,1090,walk_in,None,Wheel alignment drift noticed after pothole — 30-min fix.,approved,2016-10-28 02:35:42.964095
591,591,1091,walk_in,None,Cabin air filter replacement and interior A/C cleaning.,approved,2023-05-17 02:35:42.964095
592,592,1092,walk_in,None,Monthly tire pressure and tread depth check.,approved,2019-03-31 02:35:42.964095
593,593,1093,walk_in,None,Monthly tire pressure and tread depth check.,approved,2025-12-07 02:35:42.964095
594,594,1094,walk_in,None,Dashboard warning light blinking — quick diagnostic scan.,approved,2018-05-20 02:35:42.964095
595,595,1095,walk_in,None,Dashboard warning light blinking — quick diagnostic scan.,approved,2017-01-15 02:35:42.964095
596,596,1096,walk_in,None,Minor brake squeal during light braking — quick inspection.,approved,2020-04-22 02:35:42.964095
597,597,1097,walk_in,None,Dashboard warning light blinking — quick diagnostic scan.,approved,2022-08-20 02:35:42.964095
598,598,1098,walk_in,None,Schedule quick tire rotation and nitrogen top-up.,approved,2025-04-01 02:35:42.964095
599,599,1099,walk_in,None,"Wiper blades worn, visibility poor — quick replacement.",approved,2025-11-05 02:35:42.964095
600,600,1100,walk_in,None,"Annual PMS check: fluids, filters, belts, and brakes.",approved,2017-07-07 02:35:42.964095
601,601,1101,walk_in,None,Minor brake squeal during light braking — quick inspection.,approved,2022-12-15 02:35:42.964095
602,602,1102,walk_in,None,"Wiper blades worn, visibility poor — quick replacement.",approved,2017-02-02 02:35:42.964095
603,603,1103,walk_in,None,"Wiper blades worn, visibility poor — quick replacement.",approved,2020-05-30 02:35:42.964095
604,604,1104,walk_in,None,"Annual PMS check: fluids, filters, belts, and brakes.",approved,2021-11-26 02:35:42.964095
605,605,1105,walk_in,None,Routine oil change and filter replacement.,approved,2025-02-09 02:35:42.964095
606,606,1106,walk_in,None,Quick battery terminal cleaning and voltage test.,approved,2020-11-23 02:35:42.964095
607,607,1107,walk_in,None,Minor brake squeal during light braking — quick inspection.,approved,2018-08-13 02:35:42.964095
608,608,1108,walk_in,None,"Annual PMS check: fluids, filters, belts, and brakes.",approved,2018-05-30 02:35:42.964095
609,609,1109,walk_in,None,Cabin air filter replacement and interior A/C cleaning.,approved,2024-11-15 02:35:42.964095
610,610,1110,walk_in,None,Minor brake squeal during light braking — quick inspection.,approved,2018-02-15 02:35:42.964095
611,611,1111,walk_in,None,Monthly tire pressure and tread depth check.,approved,2025-04-10 02:35:42.964095
612,612,1112,walk_in,None,Cabin air filter replacement and interior A/C cleaning.,approved,2022-07-14 02:35:42.964095
613,613,1113,walk_in,None,Minor brake squeal during light braking — quick inspection.,approved,2019-01-18 02:35:42.964095
614,614,1114,walk_in,None,"Wiper blades worn, visibility poor — quick replacement.",approved,2022-11-01 02:35:42.964095
615,615,1115,walk_in,None,Wheel alignment drift noticed after pothole — 30-min fix.,approved,2024-05-27 02:35:42.964095
616,616,1116,walk_in,None,Quick battery terminal cleaning and voltage test.,approved,2025-12-07 02:35:42.964095
617,617,1117,walk_in,None,Cabin air filter replacement and interior A/C cleaning.,approved,2021-08-16 02:35:42.964095
618,618,1118,walk_in,None,"Annual PMS check: fluids, filters, belts, and brakes.",approved,2024-12-10 02:35:42.964095
619,619,1119,walk_in,None,Quick battery terminal cleaning and voltage test.,approved,2021-12-29 02:35:42.964095
620,620,1120,walk_in,None,Quick battery terminal cleaning and voltage test.,approved,2021-12-28 02:35:42.964095
621,621,1121,walk_in,None,Wheel alignment drift noticed after pothole — 30-min fix.,approved,2022-10-13 02:35:42.964095
622,622,1122,walk_in,None,Cabin air filter replacement and interior A/C cleaning.,approved,2022-01-21 02:35:42.964095
623,623,1123,walk_in,None,Routine oil change and filter replacement.,approved,2020-08-22 02:35:42.964095
624,624,1124,walk_in,None,Cabin air filter replacement and interior A/C cleaning.,approved,2021-06-22 02:35:42.964095
625,625,1125,walk_in,None,"Wiper blades worn, visibility poor — quick replacement.",approved,2017-03-20 02:35:42.964095
626,626,1126,walk_in,None,Monthly tire pressure and tread depth check.,approved,2023-05-23 02:35:42.964095
627,627,1127,walk_in,None,"Annual PMS check: fluids, filters, belts, and brakes.",approved,2017-12-10 02:35:42.964095
628,628,1128,walk_in,None,Cabin air filter replacement and interior A/C cleaning.,approved,2018-02-05 02:35:42.964095
629,629,1129,walk_in,None,Schedule quick tire rotation and nitrogen top-up.,approved,2026-01-12 02:35:42.964095
630,630,1130,walk_in,None,Dashboard warning light blinking — quick diagnostic scan.,approved,2024-01-25 02:35:42.964095
631,631,1131,walk_in,None,Wheel alignment drift noticed after pothole — 30-min fix.,approved,2020-09-16 02:35:42.964095
632,632,1132,walk_in,None,Cabin air filter replacement and interior A/C cleaning.,approved,2021-07-05 02:35:42.964095
633,633,1133,walk_in,None,Schedule quick tire rotation and nitrogen top-up.,approved,2021-10-25 02:35:42.964095
634,634,1134,walk_in,None,Minor brake squeal during light braking — quick inspection.,approved,2024-02-13 02:35:42.964095
635,635,1135,walk_in,None,Quick battery terminal cleaning and voltage test.,approved,2025-09-12 02:35:42.964095
636,636,1136,walk_in,None,Dashboard warning light blinking — quick diagnostic scan.,approved,2019-04-16 02:35:42.964095
637,637,1137,walk_in,None,Schedule quick tire rotation and nitrogen top-up.,approved,2020-06-22 02:35:42.964095
638,638,1138,walk_in,None,Wheel alignment drift noticed after pothole — 30-min fix.,approved,2019-04-04 02:35:42.964095
639,639,1139,walk_in,None,Wheel alignment drift noticed after pothole — 30-min fix.,approved,2019-10-28 02:35:42.964095
640,640,1140,walk_in,None,Schedule quick tire rotation and nitrogen top-up.,approved,2023-12-30 02:35:42.964095
641,641,1141,walk_in,None,Monthly tire pressure and tread depth check.,approved,2026-07-03 02:35:42.964095
642,642,1142,walk_in,None,Routine oil change and filter replacement.,approved,2018-02-04 02:35:42.964095
643,643,1143,walk_in,None,"Wiper blades worn, visibility poor — quick replacement.",approved,2026-03-26 02:35:42.964095
644,644,1144,walk_in,None,Dashboard warning light blinking — quick diagnostic scan.,approved,2026-03-06 02:35:42.964095
645,645,1145,walk_in,None,Cabin air filter replacement and interior A/C cleaning.,approved,2023-12-07 02:35:42.964095
646,646,1146,walk_in,None,Routine oil change and filter replacement.,approved,2024-11-28 02:35:42.964095
647,647,1147,walk_in,None,Minor brake squeal during light braking — quick inspection.,approved,2017-05-19 02:35:42.964095
648,648,1148,walk_in,None,"Wiper blades worn, visibility poor — quick replacement.",approved,2017-11-14 02:35:42.964095
649,649,1149,walk_in,None,"Wiper blades worn, visibility poor — quick replacement.",approved,2018-10-22 02:35:42.964095
650,650,1150,walk_in,None,Quick battery terminal cleaning and voltage test.,approved,2018-05-02 02:35:42.964095
651,651,1151,walk_in,None,"Annual PMS check: fluids, filters, belts, and brakes.",approved,2021-10-14 02:35:42.964095
652,652,1152,walk_in,None,Cabin air filter replacement and interior A/C cleaning.,approved,2019-12-23 02:35:42.964095
653,653,1153,walk_in,None,Schedule quick tire rotation and nitrogen top-up.,approved,2020-04-02 02:35:42.964095
654,654,1154,walk_in,None,Monthly tire pressure and tread depth check.,approved,2019-10-16 02:35:42.964095
655,655,1155,walk_in,None,Routine oil change and filter replacement.,approved,2016-12-15 02:35:42.964095
656,656,1156,walk_in,None,Monthly tire pressure and tread depth check.,approved,2022-12-01 02:35:42.964095
657,657,1157,walk_in,None,Quick battery terminal cleaning and voltage test.,approved,2023-07-29 02:35:42.964095
658,658,1158,walk_in,None,Monthly tire pressure and tread depth check.,approved,2017-03-15 02:35:42.964095
659,659,1159,walk_in,None,Schedule quick tire rotation and nitrogen top-up.,approved,2018-01-03 02:35:42.964095
660,660,1160,walk_in,None,Dashboard warning light blinking — quick diagnostic scan.,approved,2026-04-21 02:35:42.964095
661,661,1161,walk_in,None,Wheel alignment drift noticed after pothole — 30-min fix.,approved,2020-04-13 02:35:42.964095
662,662,1162,walk_in,None,Cabin air filter replacement and interior A/C cleaning.,approved,2021-08-18 02:35:42.964095
663,663,1163,walk_in,None,Wheel alignment drift noticed after pothole — 30-min fix.,approved,2018-01-02 02:35:42.964095
664,664,1164,walk_in,None,Minor brake squeal during light braking — quick inspection.,approved,2022-02-07 02:35:42.964095
665,665,1165,walk_in,None,"Annual PMS check: fluids, filters, belts, and brakes.",approved,2017-06-04 02:35:42.964095
666,666,1166,walk_in,None,Minor brake squeal during light braking — quick inspection.,approved,2025-07-20 02:35:42.964095
667,667,1167,walk_in,None,Dashboard warning light blinking — quick diagnostic scan.,approved,2020-02-17 02:35:42.964095
668,668,1168,walk_in,None,Quick battery terminal cleaning and voltage test.,approved,2025-09-12 02:35:42.964095
669,669,1169,walk_in,None,Wheel alignment drift noticed after pothole — 30-min fix.,approved,2019-12-29 02:35:42.964095
670,670,1170,walk_in,None,Monthly tire pressure and tread depth check.,approved,2017-04-02 02:35:42.964095
671,671,1171,walk_in,None,Minor brake squeal during light braking — quick inspection.,approved,2017-05-28 02:35:42.964095
672,672,1172,walk_in,None,Monthly tire pressure and tread depth check.,approved,2017-03-06 02:35:42.964095
673,673,1173,walk_in,None,Quick battery terminal cleaning and voltage test.,approved,2018-07-29 02:35:42.964095
674,674,1174,walk_in,None,Schedule quick tire rotation and nitrogen top-up.,approved,2020-10-31 02:35:42.964095
675,675,1175,walk_in,None,Wheel alignment drift noticed after pothole — 30-min fix.,approved,2021-02-27 02:35:42.964095
676,676,1176,walk_in,None,"Wiper blades worn, visibility poor — quick replacement.",approved,2023-04-20 02:35:42.964095
677,677,1177,walk_in,None,Routine oil change and filter replacement.,approved,2023-10-25 02:35:42.964095
678,678,1178,walk_in,None,Wheel alignment drift noticed after pothole — 30-min fix.,approved,2017-12-09 02:35:42.964095
679,679,1179,walk_in,None,Schedule quick tire rotation and nitrogen top-up.,approved,2016-10-13 02:35:42.964095
680,680,1180,walk_in,None,Routine oil change and filter replacement.,approved,2020-02-13 02:35:42.964095
681,681,1181,walk_in,None,"Wiper blades worn, visibility poor — quick replacement.",approved,2023-10-02 02:35:42.964095
682,682,1182,walk_in,None,"Wiper blades worn, visibility poor — quick replacement.",approved,2017-09-03 02:35:42.964095
683,683,1183,walk_in,None,Dashboard warning light blinking — quick diagnostic scan.,approved,2024-12-21 02:35:42.964095
684,684,1184,walk_in,None,"Wiper blades worn, visibility poor — quick replacement.",approved,2022-07-06 02:35:42.964095
685,685,1185,walk_in,None,Cabin air filter replacement and interior A/C cleaning.,approved,2020-03-09 02:35:42.964095
686,686,1186,walk_in,None,Cabin air filter replacement and interior A/C cleaning.,approved,2017-06-08 02:35:42.964095
687,687,1187,walk_in,None,Quick battery terminal cleaning and voltage test.,approved,2018-02-08 02:35:42.964095
688,688,1188,walk_in,None,Routine oil change and filter replacement.,approved,2017-04-14 02:35:42.964095
689,689,1189,walk_in,None,Schedule quick tire rotation and nitrogen top-up.,approved,2024-09-05 02:35:42.964095
690,690,1190,walk_in,None,Cabin air filter replacement and interior A/C cleaning.,approved,2019-12-13 02:35:42.964095
691,691,1191,walk_in,None,Wheel alignment drift noticed after pothole — 30-min fix.,approved,2025-04-29 02:35:42.964095
692,692,1192,walk_in,None,Quick battery terminal cleaning and voltage test.,approved,2021-11-12 02:35:42.964095
693,693,1193,walk_in,None,"Annual PMS check: fluids, filters, belts, and brakes.",approved,2026-06-03 02:35:42.964095
694,694,1194,walk_in,None,Schedule quick tire rotation and nitrogen top-up.,approved,2021-10-13 02:35:42.964095
695,695,1195,walk_in,None,"Annual PMS check: fluids, filters, belts, and brakes.",approved,2024-11-10 02:35:42.964095
696,696,1196,walk_in,None,Minor brake squeal during light braking — quick inspection.,approved,2018-05-04 02:35:42.964095
697,697,1197,walk_in,None,Schedule quick tire rotation and nitrogen top-up.,approved,2024-07-10 02:35:42.964095
698,698,1198,walk_in,None,Routine oil change and filter replacement.,approved,2019-06-11 02:35:42.964095
699,699,1199,walk_in,None,"Annual PMS check: fluids, filters, belts, and brakes.",approved,2025-07-09 02:35:42.964095
700,700,1200,walk_in,None,Wheel alignment drift noticed after pothole — 30-min fix.,approved,2025-02-05 02:35:42.964095
701,701,1201,walk_in,None,Wheel alignment drift noticed after pothole — 30-min fix.,approved,2025-09-27 02:35:42.964095
702,702,1202,walk_in,None,"Annual PMS check: fluids, filters, belts, and brakes.",approved,2020-03-06 02:35:42.964095
703,703,1203,walk_in,None,Cabin air filter replacement and interior A/C cleaning.,approved,2023-07-15 02:35:42.964095
704,704,1204,walk_in,None,Routine oil change and filter replacement.,approved,2025-06-16 02:35:42.964095
705,705,1205,walk_in,None,Quick battery terminal cleaning and voltage test.,approved,2025-10-04 02:35:42.964095
706,706,1206,walk_in,None,Dashboard warning light blinking — quick diagnostic scan.,approved,2022-06-30 02:35:42.964095
707,707,1207,walk_in,None,Cabin air filter replacement and interior A/C cleaning.,approved,2019-04-14 02:35:42.964095
708,708,1208,walk_in,None,"Annual PMS check: fluids, filters, belts, and brakes.",approved,2024-01-28 02:35:42.964095
709,709,1209,walk_in,None,"Annual PMS check: fluids, filters, belts, and brakes.",approved,2023-02-28 02:35:42.964095
710,710,1210,walk_in,None,"Wiper blades worn, visibility poor — quick replacement.",approved,2023-08-07 02:35:42.964095
711,711,1211,walk_in,None,Monthly tire pressure and tread depth check.,approved,2024-09-08 02:35:42.964095
712,712,1212,walk_in,None,Dashboard warning light blinking — quick diagnostic scan.,approved,2020-02-23 02:35:42.964095
713,713,1213,walk_in,None,Schedule quick tire rotation and nitrogen top-up.,approved,2025-11-20 02:35:42.964095
714,714,1214,walk_in,None,Quick battery terminal cleaning and voltage test.,approved,2018-06-26 02:35:42.964095
715,715,1215,walk_in,None,Schedule quick tire rotation and nitrogen top-up.,approved,2022-08-28 02:35:42.964095
716,716,1216,walk_in,None,Minor brake squeal during light braking — quick inspection.,approved,2022-12-26 02:35:42.964095
717,717,1217,walk_in,None,Wheel alignment drift noticed after pothole — 30-min fix.,approved,2020-01-19 02:35:42.964095
718,718,1218,walk_in,None,"Annual PMS check: fluids, filters, belts, and brakes.",approved,2026-06-06 02:35:42.964095
719,719,1219,walk_in,None,"Wiper blades worn, visibility poor — quick replacement.",approved,2025-09-12 02:35:42.964095
720,720,1220,walk_in,None,Dashboard warning light blinking — quick diagnostic scan.,approved,2022-06-17 02:35:42.964095
721,721,1221,walk_in,None,Schedule quick tire rotation and nitrogen top-up.,approved,2020-05-16 02:35:42.964095
722,722,1222,walk_in,None,Minor brake squeal during light braking — quick inspection.,approved,2018-05-22 02:35:42.964095
723,723,1223,walk_in,None,Quick battery terminal cleaning and voltage test.,approved,2024-11-07 02:35:42.964095
724,724,1224,walk_in,None,Minor brake squeal during light braking — quick inspection.,approved,2023-11-25 02:35:42.964095
725,725,1225,walk_in,None,Wheel alignment drift noticed after pothole — 30-min fix.,approved,2020-03-03 02:35:42.964095
726,726,1226,walk_in,None,"Annual PMS check: fluids, filters, belts, and brakes.",approved,2025-11-18 02:35:42.964095
727,727,1227,walk_in,None,Cabin air filter replacement and interior A/C cleaning.,approved,2022-11-09 02:35:42.964095
728,728,1228,walk_in,None,Quick battery terminal cleaning and voltage test.,approved,2018-06-22 02:35:42.964095
729,729,1229,walk_in,None,Monthly tire pressure and tread depth check.,approved,2018-03-17 02:35:42.964095
730,730,1230,walk_in,None,Quick battery terminal cleaning and voltage test.,approved,2024-11-13 02:35:42.964095
731,731,1231,walk_in,None,Schedule quick tire rotation and nitrogen top-up.,approved,2018-11-16 02:35:42.964095
732,732,1232,walk_in,None,Minor brake squeal during light braking — quick inspection.,approved,2021-12-19 02:35:42.964095
733,733,1233,walk_in,None,Routine oil change and filter replacement.,approved,2016-11-01 02:35:42.964095
734,734,1234,walk_in,None,"Annual PMS check: fluids, filters, belts, and brakes.",approved,2022-04-23 02:35:42.964095
735,735,1235,walk_in,None,Routine oil change and filter replacement.,approved,2021-03-25 02:35:42.964095
736,736,1236,walk_in,None,Monthly tire pressure and tread depth check.,approved,2022-01-01 02:35:42.964095
737,737,1237,walk_in,None,Minor brake squeal during light braking — quick inspection.,approved,2020-06-11 02:35:42.964095
738,738,1238,walk_in,None,Wheel alignment drift noticed after pothole — 30-min fix.,approved,2026-04-10 02:35:42.964095
739,739,1239,walk_in,None,Minor brake squeal during light braking — quick inspection.,approved,2024-12-18 02:35:42.964095
740,740,1240,walk_in,None,Quick battery terminal cleaning and voltage test.,approved,2024-05-16 02:35:42.964095
741,741,1241,walk_in,None,"Annual PMS check: fluids, filters, belts, and brakes.",approved,2025-09-21 02:35:42.964095
742,742,1242,walk_in,None,Minor brake squeal during light braking — quick inspection.,approved,2026-07-11 02:35:42.964095
743,743,1243,walk_in,None,"Wiper blades worn, visibility poor — quick replacement.",approved,2025-01-04 02:35:42.964095
744,744,1244,walk_in,None,Wheel alignment drift noticed after pothole — 30-min fix.,approved,2021-03-11 02:35:42.964095
745,745,1245,walk_in,None,Cabin air filter replacement and interior A/C cleaning.,approved,2017-09-12 02:35:42.964095
746,746,1246,walk_in,None,Cabin air filter replacement and interior A/C cleaning.,approved,2020-02-06 02:35:42.964095
747,747,1247,walk_in,None,"Wiper blades worn, visibility poor — quick replacement.",approved,2023-12-19 02:35:42.964095
748,748,1248,walk_in,None,Minor brake squeal during light braking — quick inspection.,approved,2020-02-25 02:35:42.964095
749,749,1249,walk_in,None,Monthly tire pressure and tread depth check.,approved,2019-03-12 02:35:42.964095
750,750,1250,walk_in,None,Routine oil change and filter replacement.,approved,2020-05-06 02:35:42.964095
751,751,1251,walk_in,None,Routine oil change and filter replacement.,approved,2021-08-26 02:35:42.964095
752,752,1252,walk_in,None,Cabin air filter replacement and interior A/C cleaning.,approved,2021-09-18 02:35:42.964095
753,753,1253,walk_in,None,Dashboard warning light blinking — quick diagnostic scan.,approved,2019-12-30 02:35:42.964095
754,754,1254,walk_in,None,Minor brake squeal during light braking — quick inspection.,approved,2021-09-25 02:35:42.964095
755,755,1255,walk_in,None,Routine oil change and filter replacement.,approved,2025-12-24 02:35:42.964095
756,756,1256,walk_in,None,Dashboard warning light blinking — quick diagnostic scan.,approved,2020-10-08 02:35:42.964095
757,757,1257,walk_in,None,Schedule quick tire rotation and nitrogen top-up.,approved,2019-03-17 02:35:42.964095
758,758,1258,walk_in,None,Routine oil change and filter replacement.,approved,2020-04-03 02:35:42.964095
759,759,1259,walk_in,None,Schedule quick tire rotation and nitrogen top-up.,approved,2025-11-17 02:35:42.964095
760,760,1260,walk_in,None,Dashboard warning light blinking — quick diagnostic scan.,approved,2025-09-13 02:35:42.964095
761,761,1261,walk_in,None,Wheel alignment drift noticed after pothole — 30-min fix.,approved,2019-07-15 02:35:42.964095
762,762,1262,walk_in,None,Wheel alignment drift noticed after pothole — 30-min fix.,approved,2021-11-17 02:35:42.964095
763,763,1263,walk_in,None,"Annual PMS check: fluids, filters, belts, and brakes.",approved,2025-07-05 02:35:42.964095
764,764,1264,walk_in,None,Minor brake squeal during light braking — quick inspection.,approved,2017-10-17 02:35:42.964095
765,765,1265,walk_in,None,Monthly tire pressure and tread depth check.,approved,2017-06-20 02:35:42.964095
766,766,1266,walk_in,None,Routine oil change and filter replacement.,approved,2017-12-29 02:35:42.964095
767,767,1267,walk_in,None,Minor brake squeal during light braking — quick inspection.,approved,2026-05-05 02:35:42.964095
768,768,1268,walk_in,None,Wheel alignment drift noticed after pothole — 30-min fix.,approved,2025-09-21 02:35:42.964095
769,769,1269,walk_in,None,Monthly tire pressure and tread depth check.,approved,2022-01-05 02:35:42.964095
770,770,1270,walk_in,None,Wheel alignment drift noticed after pothole — 30-min fix.,approved,2020-07-12 02:35:42.964095
771,771,1271,walk_in,None,"Annual PMS check: fluids, filters, belts, and brakes.",approved,2023-08-21 02:35:42.964095
772,772,1272,walk_in,None,Dashboard warning light blinking — quick diagnostic scan.,approved,2022-10-15 02:35:42.964095
773,773,1273,walk_in,None,Schedule quick tire rotation and nitrogen top-up.,approved,2020-12-17 02:35:42.964095
774,774,1274,walk_in,None,Dashboard warning light blinking — quick diagnostic scan.,approved,2020-05-26 02:35:42.964095
775,775,1275,walk_in,None,"Annual PMS check: fluids, filters, belts, and brakes.",approved,2023-02-27 02:35:42.964095
776,776,1276,walk_in,None,Minor brake squeal during light braking — quick inspection.,approved,2022-07-15 02:35:42.964095
777,777,1277,walk_in,None,Schedule quick tire rotation and nitrogen top-up.,approved,2025-02-27 02:35:42.964095
778,778,1278,walk_in,None,Dashboard warning light blinking — quick diagnostic scan.,approved,2021-08-15 02:35:42.964095
779,779,1279,walk_in,None,Dashboard warning light blinking — quick diagnostic scan.,approved,2025-12-03 02:35:42.964095
780,780,1280,walk_in,None,Quick battery terminal cleaning and voltage test.,approved,2025-04-11 02:35:42.964095
781,781,1281,walk_in,None,Minor brake squeal during light braking — quick inspection.,approved,2022-05-05 02:35:42.964095
782,782,1282,walk_in,None,Quick battery terminal cleaning and voltage test.,approved,2023-01-25 02:35:42.964095
783,783,1283,walk_in,None,Quick battery terminal cleaning and voltage test.,approved,2018-09-17 02:35:42.964095
784,784,1284,walk_in,None,Routine oil change and filter replacement.,approved,2020-01-11 02:35:42.964095
785,785,1285,walk_in,None,Dashboard warning light blinking — quick diagnostic scan.,approved,2025-07-25 02:35:42.964095
786,786,1286,walk_in,None,Dashboard warning light blinking — quick diagnostic scan.,approved,2018-05-22 02:35:42.964095
787,787,1287,walk_in,None,Minor brake squeal during light braking — quick inspection.,approved,2021-01-28 02:35:42.964095
788,788,1288,walk_in,None,Routine oil change and filter replacement.,approved,2019-07-04 02:35:42.964095
789,789,1289,walk_in,None,Minor brake squeal during light braking — quick inspection.,approved,2022-12-25 02:35:42.964095
790,790,1290,walk_in,None,Schedule quick tire rotation and nitrogen top-up.,approved,2025-04-11 02:35:42.964095
791,791,1291,walk_in,None,Dashboard warning light blinking — quick diagnostic scan.,approved,2025-08-11 02:35:42.964095
792,792,1292,walk_in,None,Minor brake squeal during light braking — quick inspection.,approved,2025-05-18 02:35:42.964095
793,793,1293,walk_in,None,Cabin air filter replacement and interior A/C cleaning.,approved,2017-06-03 02:35:42.964095
794,794,1294,walk_in,None,Minor brake squeal during light braking — quick inspection.,approved,2023-09-19 02:35:42.964095
795,795,1295,walk_in,None,Monthly tire pressure and tread depth check.,approved,2022-05-09 02:35:42.964095
796,796,1296,walk_in,None,"Annual PMS check: fluids, filters, belts, and brakes.",approved,2018-10-30 02:35:42.964095
797,797,1297,walk_in,None,Quick battery terminal cleaning and voltage test.,approved,2019-08-01 02:35:42.964095
798,798,1298,walk_in,None,Wheel alignment drift noticed after pothole — 30-min fix.,approved,2019-02-12 02:35:42.964095
799,799,1299,walk_in,None,"Wiper blades worn, visibility poor — quick replacement.",approved,2022-02-24 02:35:42.964095
800,800,1300,walk_in,None,"Wiper blades worn, visibility poor — quick replacement.",approved,2019-11-14 02:35:42.964095
