job_order_id,source_file,is_synthetic,make,model,year,services_count,parts_count,service_subtotal,part_subtotal,grand_total
1,001.jpg,False,UNASSIGNED,UNASSIGNED,,2,4,12000.00,21750.00,33750.00
2,002.jpg,False,Hyundai,Accent,2009,1,3,4000.00,8900.00,12900.00
3,003.jpg,False,Honda,CRV GEN 02,M09,1,0,1800.00,0.00,1800.00
4,005.jpg,False,Toyota,Innova,,0,5,0.00,21650.00,21650.00
5,006.jpg,False,UNASSIGNED,UNASSIGNED,,4,6,17800.00,10270.00,28070.00
6,007.jpg,False,UNASSIGNED,UNASSIGNED,,3,1,7000.00,250.00,7250.00
7,008.jpg,False,Toyota,VIOS,2015,2,2,28200.00,92600.00,120800.00
8,011.jpg,False,UNASSIGNED,UNASSIGNED,,2,2,12300.00,3200.00,15500.00
9,012.jpg,False,UNASSIGNED,UNASSIGNED,,1,1,1000.00,6800.00,7800.00
10,013.jpg,False,,Tucson,2006,1,10,7500.00,19250.00,26750.00
11,014.jpg,False,,L300,2018,1,5,3500.00,9600.00,13100.00
12,016.jpg,False,UNASSIGNED,UNASSIGNED,,1,4,3500.00,9350.00,12850.00
13,017.jpg,False,Toyota,Altis,2016,3,0,3650.00,0.00,3650.00
14,018.jpg,False,Toyota,ALTIS,2016,4,7,5450.00,8100.00,13550.00
15,019.jpg,False,,TUCSON,2008,1,7,7500.00,13000.00,20500.00
16,020.jpg,False,Mitsubishi,L300,2018,1,5,3500.00,15300.00,18800.00
17,021.jpg,False,Toyota,Vios,2010,1,2,650.00,1950.00,2600.00
18,022.jpg,False,,Rav4 D4D,,9,14,13150.00,19400.00,32550.00
19,025.jpg,False,UNASSIGNED,UNASSIGNED,,3,5,6400.00,11250.00,17650.00
20,026.jpg,False,Toyota,VIOS,,3,3,3000.00,10000.00,13000.00
21,027.jpg,False,UNASSIGNED,UNASSIGNED,,0,5,0.00,4150.00,4150.00
22,028.jpg,False,Toyota,Innova,2018,0,4,0.00,11100.00,11100.00
23,029.jpg,False,Toyota,Innova,2016,2,6,18800.00,14900.00,33700.00
24,030.jpg,False,Mitsubishi,Montero,2009,9,15,13450.00,21600.00,35050.00
25,031.jpg,False,UNASSIGNED,UNASSIGNED,,2,4,15500.00,7270.00,22770.00
26,033.jpg,False,UNASSIGNED,UNASSIGNED,,3,1,2800.00,3500.00,6300.00
27,035.jpg,False,Toyota,Fortuner,2011,4,12,10650.00,29200.00,39850.00
28,036.jpg,False,Toyota,AVANZA,2015,3,0,3200.00,0.00,3200.00
29,037.jpg,False,UNASSIGNED,UNASSIGNED,,5,7,4250.00,7900.00,12150.00
30,038.jpg,False,UNASSIGNED,UNASSIGNED,,4,8,4150.00,12650.00,16800.00
31,039.jpg,False,Honda,Civic,2000,3,3,2100.00,4500.00,6600.00
32,040.jpg,False,UNASSIGNED,UNASSIGNED,,4,7,6750.00,8150.00,14900.00
33,041.jpg,False,Honda,FC,2019,2,3,1800.00,16800.00,18600.00
34,042.jpg,False,UNASSIGNED,UNASSIGNED,,5,1,2000.00,1120.00,3120.00
35,043.jpg,False,Nissan,XTrail,2005,1,4,4500.00,33300.00,37800.00
36,044.jpg,False,UNASSIGNED,UNASSIGNED,,4,7,5800.00,5600.00,11400.00
37,045.jpg,False,UNASSIGNED,UNASSIGNED,,4,5,5700.00,10540.00,16240.00
38,046.jpg,False,Subaru,,2011,1,5,12000.00,16900.00,28900.00
39,047.jpg,False,Chevrolet,Trax,2017,0,4,0.00,6200.00,6200.00
40,050.jpg,False,UNASSIGNED,UNASSIGNED,,2,2,1200.00,1700.00,2900.00
41,052.jpg,False,UNASSIGNED,UNASSIGNED,,3,0,8500.00,0.00,8500.00
42,053.jpg,False,Toyota,Vios,2021,1,1,1500.00,3500.00,5000.00
43,055.jpg,False,UNASSIGNED,UNASSIGNED,,1,5,4000.00,17400.00,21400.00
44,056.jpg,False,UNASSIGNED,UNASSIGNED,,3,2,6700.00,2440.00,9140.00
45,057.jpg,False,Hyundai,STAREX,2014,1,4,2800.00,11050.00,13850.00
46,058.jpg,False,UNASSIGNED,UNASSIGNED,,1,3,1200.00,2550.00,3750.00
47,059.jpg,False,UNASSIGNED,UNASSIGNED,,3,3,4400.00,10200.00,14600.00
48,060.jpg,False,Nissan,Xtrail,2025,1,5,4500.00,11600.00,16100.00
49,061.jpg,False,UNASSIGNED,UNASSIGNED,,4,12,6050.00,19300.00,25350.00
50,062.jpg,False,Toyota,Fortuner,2010,6,8,11600.00,17500.00,29100.00
51,064.jpg,False,UNASSIGNED,UNASSIGNED,,5,0,10900.00,0.00,10900.00
52,066.jpg,False,Isuzu,D-Max,2017,12,5,48500.00,6800.00,55300.00
53,067.jpg,False,UNASSIGNED,UNASSIGNED,,7,11,6500.00,12800.00,19300.00
54,068.jpg,False,Mitsubishi,Mirage,2014,3,10,4200.00,22550.00,26750.00
55,069.jpg,False,UNASSIGNED,UNASSIGNED,,4,4,2450.00,2750.00,5200.00
56,070.jpg,False,Hyundai,Starex,2017,7,11,16150.00,14300.00,30450.00
57,071.jpg,False,UNASSIGNED,UNASSIGNED,,1,2,4000.00,68600.00,72600.00
58,072.jpg,False,UNASSIGNED,UNASSIGNED,,2,3,2500.00,9650.00,12150.00
59,073.jpg,False,Suzuki,F6,,0,4,0.00,4100.00,4100.00
60,074.jpg,False,Mitsubishi,Mirage,,2,4,8000.00,2750.00,10750.00
61,078.jpg,False,Mitsubishi,Montero,,5,7,7550.00,19650.00,27200.00
62,079.jpg,False,UNASSIGNED,UNASSIGNED,,5,4,4700.00,10100.00,14800.00
63,080.jpg,False,UNASSIGNED,UNASSIGNED,,0,4,0.00,6200.00,6200.00
64,081.jpg,False,FORD,ESCAPE,2016,6,0,26600.00,0.00,26600.00
65,082.jpg,False,Toyota,Corolla,,1,3,1800.00,6850.00,8650.00
66,083.jpg,False,Toyota,Vios,,4,8,3400.00,6450.00,9850.00
67,084.jpg,False,Toyota,Fortuner,,0,10,0.00,20350.00,20350.00
68,086.jpg,False,UNASSIGNED,UNASSIGNED,,4,7,5900.00,9150.00,15050.00
69,090.jpg,False,Toyota,Vios,2014,2,2,10000.00,1600.00,11600.00
70,091.jpg,False,Mazda,CX9,2018,4,4,7700.00,28000.00,35700.00
71,092.jpg,False,Toyota,VIOS,2014,0,2,0.00,1750.00,1750.00
72,094.jpg,False,Toyota,VIOS,2011,5,2,16100.00,8500.00,24600.00
73,096.jpg,False,UNASSIGNED,UNASSIGNED,,1,4,12000.00,11550.00,23550.00
74,097.jpg,False,Mitsubishi,Mirage,2014,5,7,5000.00,7300.00,12300.00
75,100.jpg,False,UNASSIGNED,UNASSIGNED,,0,12,0.00,13450.00,13450.00
76,105.jpg,False,Kia,K2700,2009,5,0,10350.00,0.00,10350.00
77,106.jpg,False,UNASSIGNED,UNASSIGNED,,0,4,0.00,3300.00,3300.00
78,107.jpg,False,UNASSIGNED,UNASSIGNED,,1,0,25000.00,0.00,25000.00
79,108.jpg,False,UNASSIGNED,UNASSIGNED,,2,10,800.00,13600.00,14400.00
80,109.jpg,False,Toyota,Fortuner,,6,8,12400.00,9650.00,22050.00
81,110.jpg,False,Toyota,Hiace,,1,5,6500.00,12550.00,19050.00
82,111.jpg,False,Toyota,Innova,2018,5,8,4900.00,11100.00,16000.00
83,112.jpg,False,Toyota,Vios,,1,2,3500.00,1750.00,5250.00
84,117.jpg,False,Mitsubishi,Mirage,2017,5,0,4900.00,0.00,4900.00
85,118.jpg,False,Toyota,Avanza,2021,0,3,0.00,3650.00,3650.00
86,119.jpg,False,SUZUKI,,,3,3,2150.00,4200.00,6350.00
87,120.jpg,False,Toyota,Avanza,2024,4,6,2650.00,5300.00,7950.00
88,121.jpg,False,Toyota,Avanza,2024,4,6,2650.00,6800.00,9450.00
89,122.jpg,False,Toyota,Vios,2015,1,0,8000.00,0.00,8000.00
90,123.jpg,False,UNASSIGNED,UNASSIGNED,,1,14,4500.00,24850.00,29350.00
91,124.jpg,False,UNASSIGNED,UNASSIGNED,,2,5,2000.00,7000.00,9000.00
92,126.jpg,False,Ford,Ecosport,2016,8,13,10850.00,21850.00,32700.00
93,127.jpg,False,Isuzu,Travis,,2,5,2000.00,6450.00,8450.00
94,128.jpg,False,Mitsubushi,Mirage,,2,3,5000.00,14800.00,19800.00
95,130.jpg,False,UNASSIGNED,UNASSIGNED,,1,1,3500.00,650.00,4150.00
96,131.jpg,False,Honda,Civic,,1,2,3500.00,4700.00,8200.00
97,133.jpg,False,Mitsubishi,Montero,,5,7,7550.00,18650.00,26200.00
98,134.jpg,False,Mitsubishi,Mirage,2016,2,6,2750.00,10250.00,13000.00
99,135.jpg,False,Toyota,Corolla,,1,7,8000.00,9300.00,17300.00
100,136.jpg,False,Toyota,Vios,2006,4,4,4900.00,10300.00,15200.00
101,137.jpg,False,Honda,CRV,,6,6,6200.00,11800.00,18000.00
102,139.jpg,False,UNASSIGNED,UNASSIGNED,,2,1,2350.00,1050.00,3400.00
103,140.jpg,False,UNASSIGNED,UNASSIGNED,,2,1,2350.00,1050.00,3400.00
104,141.jpg,False,Toyota,Vios,2018,1,1,3500.00,9000.00,12500.00
105,142.jpg,False,Toyota,Vios,2018,2,1,8000.00,9000.00,17000.00
106,143.jpg,False,UNASSIGNED,UNASSIGNED,,1,0,650.00,0.00,650.00
107,144.jpg,False,UNASSIGNED,UNASSIGNED,,2,2,7000.00,13500.00,20500.00
108,145.jpg,False,UNASSIGNED,UNASSIGNED,,4,7,2600.00,21600.00,24200.00
109,146.jpg,False,hyundai,Starex,,2,2,3000.00,5200.00,8200.00
110,147.jpg,False,isuzu,MU-X,2023,2,4,2150.00,6600.00,8750.00
111,148.jpg,False,UNASSIGNED,UNASSIGNED,,0,2,0.00,11000.00,11000.00
112,149.jpg,False,Nissan,Navara,2018,2,2,9000.00,56200.00,65200.00
113,151.jpg,False,Toyota,Hiace,,0,1,0.00,2800.00,2800.00
114,152.jpg,False,Honda,CRV,,2,0,1450.00,0.00,1450.00
115,153.jpg,False,Hyundai,Starex,2019,3,6,2350.00,7150.00,9500.00
116,154.jpg,False,UNASSIGNED,UNASSIGNED,,5,0,12200.00,0.00,12200.00
117,156.jpg,False,Nissan,XTRAIL,,4,7,2950.00,5900.00,8850.00
118,157.jpg,False,Nissan,Xtrail,,4,9,2950.00,7750.00,10700.00
119,158.jpg,False,UNASSIGNED,UNASSIGNED,,0,3,0.00,2500.00,2500.00
120,159.jpg,False,Toyota,Hiace,2018,9,11,12900.00,19050.00,31950.00
121,160.jpg,False,Isuzu,MUX,2023,1,2,650.00,800.00,1450.00
122,161.jpg,False,Toyota,Hiace,2018,10,12,13750.00,20280.00,34030.00
123,162.jpg,False,Toyota,Avanza,2011,1,1,1500.00,2800.00,4300.00
124,163.jpg,False,Hyundai,Porter,2022,2,5,2450.00,10650.00,13100.00
125,164.jpg,False,Toyota,Hiace,2018,9,11,13750.00,17880.00,31630.00
126,165.jpg,False,Hyundai,Porter,2022,2,5,2450.00,10650.00,13100.00
127,166.jpg,False,Toyota,Innova,2018,4,7,2800.00,7250.00,10050.00
128,167.jpg,False,Subaru,,2014,3,4,2900.00,11950.00,14850.00
129,169.jpg,False,Subaru,,2011,6,8,6550.00,44200.00,50750.00
130,170.jpg,False,UNASSIGNED,UNASSIGNED,,4,6,51850.00,3950.00,55800.00
131,171.jpg,False,UNASSIGNED,UNASSIGNED,,3,5,10800.00,10100.00,20900.00
132,172.jpg,False,UNASSIGNED,UNASSIGNED,,3,5,6350.00,8000.00,14350.00
133,173.jpg,False,Toyota,Vios,2006,2,1,1700.00,4400.00,6100.00
134,174.jpg,False,Toyota,Avanza,2014,4,6,2600.00,6300.00,8900.00
135,175.jpg,False,Toyota,Hiace,,1,5,8500.00,90700.00,99200.00
136,177.jpg,False,UNASSIGNED,UNASSIGNED,,3,6,2200.00,6650.00,8850.00
137,178.jpg,False,UNASSIGNED,UNASSIGNED,,2,12,60000.00,22650.00,82650.00
138,179.jpg,False,,Revo 500,7.25,7,14,21600.00,24600.00,46200.00
139,180.jpg,False,UNASSIGNED,UNASSIGNED,,1,5,1500.00,3050.00,4550.00
140,181.jpg,False,UNASSIGNED,UNASSIGNED,,1,2,4500.00,12000.00,16500.00
141,183.jpg,False,Toyota,Corolla Altis,2016,6,5,9700.00,3600.00,13300.00
142,184.jpg,False,Toyota,Corolla Altis,,0,7,0.00,14850.00,14850.00
143,185.jpg,False,Toyota,Corolla Altis,,2,8,5800.00,43350.00,49150.00
144,186.jpg,False,UNASSIGNED,UNASSIGNED,,3,3,4300.00,1350.00,5650.00
145,187.jpg,False,UNASSIGNED,UNASSIGNED,,1,0,1800.00,0.00,1800.00
146,189.jpg,False,Mitsubishi,MIRAGE,,2,1,2300.00,7000.00,9300.00
147,190.jpg,False,Toyota,Vios,2023,1,0,5500.00,0.00,5500.00
148,191.jpg,False,UNASSIGNED,UNASSIGNED,,3,4,28000.00,74200.00,102200.00
149,192.jpg,False,UNASSIGNED,UNASSIGNED,,2,1,2300.00,7000.00,9300.00
150,194.jpg,False,UNASSIGNED,UNASSIGNED,,4,3,4600.00,7500.00,12100.00
151,195.jpg,False,UNASSIGNED,UNASSIGNED,,1,1,800.00,4500.00,5300.00
152,196.jpg,False,Hyundai,Starex,2009,3,4,28000.00,74200.00,102200.00
153,197.jpg,False,Mitsubishi,Montero,,2,5,1650.00,5700.00,7350.00
154,198.jpg,False,Toyota,Vios,2012,5,6,10250.00,4300.00,14550.00
155,199.jpg,False,Mazda,CX7,2010,8,11,9300.00,50350.00,59650.00
156,200.jpg,False,Mitsubishi,Mirage,2011,3,5,1200.00,5400.00,6600.00
157,201.jpg,False,Toyota,Corolla Altis,2006,4,3,4600.00,1550.00,6150.00
158,202.jpg,False,Mitsubishi,L300,2016,5,4,6000.00,7100.00,13100.00
159,203.jpg,False,NISSAN,NAVARA,,2,1,7500.00,4800.00,12300.00
160,204.jpg,False,NISSAN,GRANDUER,1997,2,2,3300.00,3900.00,7200.00
161,205.jpg,False,Kia,Sorento,2014,1,1,2800.00,6800.00,9600.00
162,206.jpg,False,Kia,Sorento,2014,1,2,2800.00,7850.00,10650.00
163,207.jpg,False,Toyota,Hiace,,1,8,3500.00,10850.00,14350.00
164,208.jpg,False,Mitsubishi,L300,2018,2,1,1500.00,1200.00,2700.00
165,211.jpg,False,Mitsubishi,L200,2016,3,4,1800.00,5950.00,7750.00
166,212.jpg,False,Toyota,Fortuner,,1,7,25000.00,9690.00,34690.00
167,213.jpg,False,Mitsubishi,Mirage,,1,2,500.00,3050.00,3550.00
168,214.jpg,False,Toyota,Corolla Altis,1206,6,0,13550.00,0.00,13550.00
169,215.jpg,False,Toyota,Corolla Altis,2016,1,7,5000.00,13350.00,18350.00
170,216.jpg,False,Subaru,,2014,6,8,6550.00,44500.00,51050.00
171,217.jpg,False,Toyota,Corolla Altis,2016,5,5,13300.00,4000.00,17300.00
172,218.jpg,False,UNASSIGNED,UNASSIGNED,,2,15,58000.00,35700.00,93700.00
173,219.jpg,False,UNASSIGNED,UNASSIGNED,,2,6,4000.00,12950.00,16950.00
174,220.jpg,False,UNASSIGNED,UNASSIGNED,,5,13,7850.00,16180.00,24030.00
175,221.jpg,False,UNASSIGNED,UNASSIGNED,,2,6,4000.00,12950.00,16950.00
176,222.jpg,False,UNASSIGNED,UNASSIGNED,,2,14,40000.00,24150.00,64150.00
177,224.jpg,False,Toyota,Corolla Altis,2016,5,6,5400.00,13550.00,18950.00
178,225.jpg,False,Toyota,Corolla Altis,2015,2,4,1100.00,4600.00,5700.00
179,226.jpg,False,UNASSIGNED,UNASSIGNED,,1,3,500.00,5600.00,6100.00
180,227.jpg,False,UNASSIGNED,UNASSIGNED,,2,6,2500.00,12300.00,14800.00
181,228.jpg,False,Honda,Jazz,2012,3,6,2000.00,5450.00,7450.00
182,229.jpg,False,Honda,Jazz,,1,4,500.00,9100.00,9600.00
183,230.jpg,False,Toyota,Vios,2015,6,9,4150.00,6700.00,10850.00
184,231.jpg,False,NISSAN,,1998,3,3,2700.00,6550.00,9250.00
185,232.jpg,False,Mitsubishi,MIRAGE,,2,5,9000.00,2800.00,11800.00
186,233.jpg,False,Hyundai,Starex,,1,3,3500.00,47500.00,51000.00
187,234.jpg,False,Hyundai,Starex,,1,1,3500.00,66500.00,70000.00
188,235.jpg,False,Toyota,Innova,2015,8,12,19900.00,21800.00,41700.00
189,236.jpg,False,UNASSIGNED,UNASSIGNED,,4,6,2250.00,5100.00,7350.00
190,237.jpg,False,Nissan,Armada,17,3,2,5100.00,6500.00,11600.00
191,238.jpg,False,UNASSIGNED,UNASSIGNED,,5,1,5500.00,950.00,6450.00
192,239.jpg,False,UNASSIGNED,UNASSIGNED,,1,3,3500.00,35000.00,38500.00
193,240.jpg,False,Mitsubishi,Mirage,2022,7,0,11650.00,0.00,11650.00
194,241.jpg,False,UNASSIGNED,UNASSIGNED,,1,1,2500.00,6000.00,8500.00
195,242.jpg,False,Honda,Jazz,2012,0,3,0.00,6400.00,6400.00
196,243.jpg,False,Honda,Jazz,,5,10,3300.00,14550.00,17850.00
197,244.jpg,False,UNASSIGNED,UNASSIGNED,,1,2,1000.00,2750.00,3750.00
198,245.jpg,False,Toyota,Hilux,2022,3,1,3000.00,250.00,3250.00
199,246.jpg,False,UNASSIGNED,UNASSIGNED,,3,6,3000.00,5050.00,8050.00
200,247.jpg,False,UNASSIGNED,UNASSIGNED,,6,8,8700.00,19900.00,28600.00
201,248.jpg,False,Toyota,Fortuner,2015,3,6,3450.00,7500.00,10950.00
202,249.jpg,False,UNASSIGNED,UNASSIGNED,,2,3,2400.00,9700.00,12100.00
203,251.jpg,False,UNASSIGNED,UNASSIGNED,,9,0,9000.00,0.00,9000.00
204,253.jpg,False,UNASSIGNED,UNASSIGNED,,1,3,2500.00,21500.00,24000.00
205,254.jpg,False,Mitsubishi,Mirage,,1,0,15000.00,0.00,15000.00
206,255.jpg,False,Honda,,2017,1,2,1500.00,10100.00,11600.00
207,256.jpg,False,UNASSIGNED,UNASSIGNED,,4,7,4150.00,13400.00,17550.00
208,257.jpg,False,Mitsubishi,L300,,0,3,0.00,3900.00,3900.00
209,258.jpg,False,Hyundai,STAREX,,3,4,2400.00,7200.00,9600.00
210,259.jpg,False,Toyota,Avanza,2015,3,6,3200.00,5200.00,8400.00
211,260.jpg,False,Honda,City,2017,1,4,1500.00,16100.00,17600.00
212,261.jpg,False,Mitsubishi,Mirage,2019,1,7,15000.00,8300.00,23300.00
213,262.jpg,False,Honda,Jazz,2018,4,6,4300.00,12550.00,16850.00
214,265.jpg,False,Toyota,Vios,,3,2,1450.00,4650.00,6100.00
215,267.jpg,False,Hyundai,Starex,,5,7,4100.00,9400.00,13500.00
216,269.jpg,False,UNASSIGNED,UNASSIGNED,,2,4,23400.00,7950.00,31350.00
217,270.jpg,False,Toyota,Corolla Altis,,1,5,4500.00,37950.00,42450.00
218,271.jpg,False,Hyundai,Starex,,5,7,3900.00,9400.00,13300.00
219,272.jpg,False,Toyota,Corolla Altis,2004,2,10,7000.00,46600.00,53600.00
220,273.jpg,False,UNASSIGNED,UNASSIGNED,,7,6,14000.00,5700.00,19700.00
221,275.jpg,False,Mitsubishi,Montero,2013,7,16,13850.00,29050.00,42900.00
222,277.jpg,False,,,,4,7,4300.00,9000.00,13300.00
223,278.jpg,False,Mitsubishi,L300,2018,3,7,3000.00,8800.00,11800.00
224,279.jpg,False,Mitsubishi,L300,2018,4,7,3150.00,8900.00,12050.00
225,280.jpg,False,UNASSIGNED,UNASSIGNED,,5,9,4600.00,22000.00,26600.00
226,281.jpg,False,Mitsubishi,Montero,,1,13,25000.00,34650.00,59650.00
227,283.jpg,False,UNASSIGNED,UNASSIGNED,,1,0,4500.00,0.00,4500.00
228,284.jpg,False,Mazada,,2010,4,4,4450.00,8600.00,13050.00
229,285.jpg,False,Toyota,VIOS,2018,4,5,10000.00,18650.00,28650.00
230,286.jpg,False,Toyota,VIOS,,4,5,10000.00,15150.00,25150.00
231,287.jpg,False,Mitsubishi,MONTERO,2013,7,0,13850.00,0.00,13850.00
232,288.jpg,False,Toyota,VIOS,2018,4,5,10000.00,14000.00,24000.00
233,289.jpg,False,UNASSIGNED,UNASSIGNED,,0,2,0.00,3250.00,3250.00
234,290.jpg,False,Mazda,,2010,4,10,10150.00,19650.00,29800.00
235,291.jpg,False,Toyota,Vios,2018,4,0,8450.00,0.00,8450.00
236,292.jpg,False,UNASSIGNED,UNASSIGNED,,0,4,0.00,10500.00,10500.00
237,293.jpg,False,UNASSIGNED,UNASSIGNED,,2,6,900.00,8750.00,9650.00
238,295.jpg,False,UNASSIGNED,UNASSIGNED,,3,4,2550.00,8400.00,10950.00
239,296.jpg,False,Toyota,VIOS,2018,4,4,3850.00,14500.00,18350.00
240,298.jpg,False,hyundai,Starex,,2,5,1600.00,5700.00,7300.00
241,299.jpg,False,UNASSIGNED,UNASSIGNED,,0,3,0.00,55150.00,55150.00
242,300.jpg,False,UNASSIGNED,UNASSIGNED,,4,2,5300.00,5200.00,10500.00
243,302.jpg,False,Toyota,Corolla Altis,2007,1,6,15000.00,10325.00,25325.00
244,303.jpg,False,Mitsubishi,Mirage,,3,6,4200.00,13650.00,17850.00
245,305.jpg,False,Mitsubishi,Mirage,,1,8,800.00,13200.00,14000.00
246,307.jpg,False,UNASSIGNED,UNASSIGNED,,6,0,4750.00,0.00,4750.00
247,308.jpg,False,HYUNDAI,Santa fe,2013,0,13,0.00,45850.00,45850.00
248,309.jpg,False,Honda,Civic,,1,1,1200.00,4500.00,5700.00
249,310.jpg,False,BMW,,,2,0,5800.00,0.00,5800.00
250,311.jpg,False,Suzuki,,,3,3,2150.00,4200.00,6350.00
251,312.jpg,False,UNASSIGNED,UNASSIGNED,,6,7,4800.00,8900.00,13700.00
252,313.jpg,False,Innova,,,2,3,3550.00,11700.00,15250.00
253,317.jpg,False,Toyota,Vios,2017,4,8,5300.00,11250.00,16550.00
254,320.jpg,False,Toyota,Vios,,2,2,7100.00,1100.00,8200.00
255,321.jpg,False,Mitsubishi,Montero,2019,3,4,2200.00,5650.00,7850.00
256,322.jpg,False,Honda,Civic,2009,3,4,37400.00,4500.00,41900.00
257,323.jpg,False,HYUNDAI,H100,,1,5,5500.00,50950.00,56450.00
258,324.jpg,False,HYUNDAI,i100,,1,4,5500.00,50650.00,56150.00
259,325.jpg,False,TOYOTA,,,2,0,63000.00,0.00,63000.00
260,326.jpg,False,Toyota,VIOS,2004,5,4,15750.00,2550.00,18300.00
261,327.jpg,False,Toyota,Vios,2004,4,4,13750.00,2550.00,16300.00
262,328.jpg,False,UNASSIGNED,UNASSIGNED,,5,4,15150.00,5310.00,20460.00
263,329.jpg,False,Mitsubishi,Montero,2019,2,5,2050.00,5650.00,7700.00
264,330.jpg,False,Honda,Civic,2009,3,4,5900.00,6850.00,12750.00
265,331.jpg,False,UNASSIGNED,UNASSIGNED,,2,10,40000.00,16350.00,56350.00
266,332.jpg,False,UNASSIGNED,UNASSIGNED,,7,9,8900.00,11080.00,19980.00
267,333.jpg,False,Mitsubishi,Montero,,3,2,14500.00,2050.00,16550.00
268,334.jpg,False,Hyundai,Porter,,1,2,350.00,5150.00,5500.00
269,335.jpg,False,Toyota,Corolla Altis,2017,5,4,10000.00,8500.00,18500.00
270,336.jpg,False,Toyota,Hiace,2017,4,8,3850.00,9400.00,13250.00
271,337.jpg,False,Toyota,Hiace,2017,4,8,3850.00,9300.00,13150.00
272,338.jpg,False,Mitsubishi,Pajero,,4,8,9300.00,9910.00,19210.00
273,340.jpg,False,UNASSIGNED,UNASSIGNED,,8,11,10400.00,15550.00,25950.00
274,341.jpg,False,,Subaru,,3,2,6950.00,12250.00,19200.00
275,342.jpg,False,Mitsubishi,Adventure,2014,4,4,2450.00,2750.00,5200.00
276,343.jpg,False,UNASSIGNED,UNASSIGNED,,0,1,0.00,1500.00,1500.00
277,344.jpg,False,Toyota,Avanza,,3,5,1650.00,3500.00,5150.00
278,345.jpg,False,Subaru,,2012,3,6,7950.00,21100.00,29050.00
279,346.jpg,False,UNASSIGNED,UNASSIGNED,,3,6,7500.00,9400.00,16900.00
280,347.jpg,False,Isuzu,Dmax,2021,6,10,7650.00,49850.00,57500.00
281,348.jpg,False,Isuzu,Dmax,2021,7,11,8800.00,51119.99,59919.99
282,349.jpg,False,UNASSIGNED,UNASSIGNED,,2,0,50000.00,0.00,50000.00
283,350.jpg,False,Toyota,HiACE,,2,13,70000.00,67150.00,137150.00
284,351.jpg,False,Toyota,HiAce,,0,13,0.00,43390.00,43390.00
285,352.jpg,False,Toyota,HI-ACE,,0,17,0.00,77075.00,77075.00
286,354.jpg,False,,FX,,3,0,58500.00,0.00,58500.00
287,355.jpg,False,UNASSIGNED,UNASSIGNED,,0,5,0.00,18650.00,18650.00
288,356.jpg,False,Toyota,Vios,2014,1,3,1800.00,4900.00,6700.00
289,357.jpg,False,Toyota,VOIS,2017,4,7,6600.00,15050.00,21650.00
290,358.jpg,False,SUZUKI,,,0,6,0.00,5950.00,5950.00
291,359.jpg,False,Suzuki,,,0,6,0.00,6250.00,6250.00
292,360.jpg,False,UNASSIGNED,UNASSIGNED,,0,1,0.00,9600.00,9600.00
293,361.jpg,False,Hyundai,Tucson,,2,6,7000.00,16950.00,23950.00
294,362.jpg,False,Hyundai,STAREX,,3,2,3450.00,4100.00,7550.00
295,363.jpg,False,Hyundai,Starex,,0,6,0.00,5350.00,5350.00
296,365.jpg,False,Hyundai,Starex,,5,7,11450.00,9900.00,21350.00
297,366.jpg,False,Hyundai,Starex,,6,7,10450.00,9900.00,20350.00
298,367.jpg,False,UNASSIGNED,UNASSIGNED,,2,9,5500.00,18750.00,24250.00
299,368.jpg,False,,CRV,2019,1,7,3500.00,17200.00,20700.00
300,369.jpg,False,UNASSIGNED,UNASSIGNED,,1,0,3500.00,0.00,3500.00
301,370.jpg,False,Hyundai,Starex,,6,4,17800.00,5150.00,22950.00
302,371.jpg,False,Toyota,Wigo,,2,7,2300.00,4650.00,6950.00
303,373.jpg,False,Hyundai,Starex,95,5,5,16300.00,5400.00,21700.00
304,374.jpg,False,Hyundai,Starex,,6,5,18450.00,5400.00,23850.00
305,375.jpg,False,Toyota,Hiace,,0,4,0.00,44000.00,44000.00
306,376.jpg,False,UNASSIGNED,UNASSIGNED,,4,8,5350.00,13500.00,18850.00
307,377.jpg,False,Toyota,VIOS,2015,8,11,16450.00,20600.00,37050.00
308,378.jpg,False,Toyota,VIOS,2015,8,11,8550.00,18850.00,27400.00
309,379.jpg,False,UNASSIGNED,UNASSIGNED,,0,7,0.00,16950.00,16950.00
310,380.jpg,False,Toyota,Fortuner,,3,7,1900.00,7000.00,8900.00
311,381.jpg,False,UNASSIGNED,UNASSIGNED,,2,18,19500.00,33400.00,52900.00
312,384.jpg,False,Toyota,Corolla Altis,2011,4,7,3300.00,5050.00,8350.00
313,388.jpg,False,Toyota,VIOS,2017,1,2,800.00,600.00,1400.00
314,389.jpg,False,UNASSIGNED,UNASSIGNED,,0,5,0.00,44590.00,44590.00
315,386.jpg,False,,1.5,2015,3,5,10300.00,10350.00,20650.00
316,387.jpg,False,UNASSIGNED,UNASSIGNED,,4,17,22500.00,31950.00,54450.00
317,390.jpg,False,UNASSIGNED,UNASSIGNED,,3,5,7000.00,44800.00,51800.00
318,391.jpg,False,UNASSIGNED,UNASSIGNED,,0,5,0.00,0.00,0.00
319,392.jpg,False,UNASSIGNED,UNASSIGNED,,8,6,9700.00,11800.00,21500.00
320,394.jpg,False,UNASSIGNED,UNASSIGNED,,3,2,6100.00,21500.00,27600.00
321,395.jpg,False,UNASSIGNED,UNASSIGNED,,7,9,13400.00,20050.00,33450.00
322,396.jpg,False,Toyota,Vios,2012,2,5,1450.00,3100.00,4550.00
323,397.jpg,False,Toyota,Vios,2010,6,7,13450.00,15700.00,29150.00
324,398.jpg,False,Toyota,Fortuner,,1,2,2500.00,5300.00,7800.00
325,synthetic_0001.json,True,Hyundai,Accent,2020,3,5,2250.00,3950.00,6200.00
326,synthetic_0002.json,True,Honda,BR-V,2014,2,4,1050.00,2150.00,3200.00
327,synthetic_0003.json,True,Mitsubishi,Strada,2020,2,4,1300.00,4050.00,5350.00
328,synthetic_0004.json,True,Mitsubishi,Xpander,2009,2,4,1500.00,4700.00,6200.00
329,synthetic_0005.json,True,Toyota,Wigo,2025,3,5,3950.00,13400.00,17350.00
330,synthetic_0006.json,True,Nissan,Terra,2003,2,5,2650.00,4400.00,7050.00
331,synthetic_0007.json,True,Mitsubishi,Montero Sport,2022,3,5,2850.00,11200.00,14050.00
332,synthetic_0008.json,True,Toyota,Corolla Altis,2003,1,3,2100.00,10500.00,12600.00
333,synthetic_0009.json,True,Honda,Fc,1998,2,8,12050.00,11750.00,23800.00
334,synthetic_0010.json,True,Hyundai,H100,2018,2,5,1300.00,4250.00,5550.00
335,synthetic_0011.json,True,Toyota,Wigo,2025,5,4,2450.00,3750.00,6200.00
336,synthetic_0012.json,True,Toyota,Wigo,2000,3,3,2700.00,4250.00,6950.00
337,synthetic_0013.json,True,Kia,Sorento,2015,2,8,17250.00,12250.00,29500.00
338,synthetic_0014.json,True,Toyota,Avanza,2003,2,4,1750.00,4200.00,5950.00
339,synthetic_0015.json,True,Toyota,Vois,2015,2,5,1150.00,3650.00,4800.00
340,synthetic_0016.json,True,Hyundai,H100,2021,1,4,2250.00,5800.00,8050.00
341,synthetic_0017.json,True,Toyota,Rush,2015,3,3,2850.00,3800.00,6650.00
342,synthetic_0018.json,True,Mitsubishi,L300,1999,4,4,4650.00,22600.00,27250.00
343,synthetic_0019.json,True,Suzuki,Dzire,2019,3,3,2100.00,1700.00,3800.00
344,synthetic_0020.json,True,Hyundai,Starex,2013,4,4,5900.00,8750.00,14650.00
345,synthetic_0021.json,True,Toyota,Corolla Altis,2003,3,4,2950.00,12900.00,15850.00
346,synthetic_0022.json,True,Toyota,Corolla Altis,2005,3,5,5800.00,6050.00,11850.00
347,synthetic_0023.json,True,Mitsubishi,Montero Sport,2007,4,4,1750.00,3050.00,4800.00
348,synthetic_0024.json,True,Toyota,Wigo,2000,3,5,2500.00,5950.00,8450.00
349,synthetic_0025.json,True,Honda,Jazz,2011,2,4,1400.00,3050.00,4450.00
350,synthetic_0026.json,True,Mitsubishi,Montero Sport,1999,2,3,1450.00,4600.00,6050.00
351,synthetic_0027.json,True,Mitsubishi,Xpander,2021,2,3,1350.00,6850.00,8200.00
352,synthetic_0028.json,True,Suzuki,Swift,2013,3,4,3700.00,20800.00,24500.00
353,synthetic_0029.json,True,Toyota,Corolla,2024,2,5,1200.00,5250.00,6450.00
354,synthetic_0030.json,True,Kia,Picanto,2016,3,4,4750.00,12500.00,17250.00
355,synthetic_0031.json,True,Toyota,Hiace,2001,2,5,1200.00,7000.00,8200.00
356,synthetic_0032.json,True,Mitsubishi,L200,2009,1,3,5300.00,6500.00,11800.00
357,synthetic_0033.json,True,Toyota,Rush,2020,3,5,3150.00,18800.00,21950.00
358,synthetic_0034.json,True,Honda,City,1999,2,4,3200.00,7450.00,10650.00
359,synthetic_0035.json,True,Toyota,Corolla,2018,2,5,2450.00,7300.00,9750.00
360,synthetic_0036.json,True,Toyota,Corolla,2004,1,7,13300.00,14000.00,27300.00
361,synthetic_0037.json,True,Toyota,Fortuner,2016,2,4,1350.00,2000.00,3350.00
362,synthetic_0038.json,True,Toyota,Rush,2019,2,4,1400.00,3150.00,4550.00
363,synthetic_0039.json,True,Toyota,Hilux,2014,3,5,3150.00,4700.00,7850.00
364,synthetic_0040.json,True,Toyota,Rush,2006,3,6,3400.00,10100.00,13500.00
365,synthetic_0041.json,True,Hyundai,Grand Starex,2013,4,5,6200.00,12450.00,18650.00
366,synthetic_0042.json,True,Toyota,Corolla,2002,1,4,3100.00,6950.00,10050.00
367,synthetic_0043.json,True,Toyota,Avanza,2003,3,4,2250.00,4650.00,6900.00
368,synthetic_0044.json,True,Honda,Civic,2017,1,3,2750.00,6800.00,9550.00
369,synthetic_0045.json,True,Mitsubishi,Xpander,2002,2,5,1750.00,4650.00,6400.00
370,synthetic_0046.json,True,Honda,Fc,2018,3,5,4900.00,15300.00,20200.00
371,synthetic_0047.json,True,Toyota,Hiace,2008,4,3,5450.00,16300.00,21750.00
372,synthetic_0048.json,True,Toyota,Vios,2019,1,4,2300.00,11200.00,13500.00
373,synthetic_0049.json,True,Toyota,Innova,2006,2,6,2850.00,5750.00,8600.00
374,synthetic_0050.json,True,Toyota,Vois,1999,2,4,4250.00,4800.00,9050.00
375,synthetic_0051.json,True,Toyota,Altis,1999,3,5,3200.00,15600.00,18800.00
376,synthetic_0052.json,True,Toyota,Hiace,1999,2,4,1450.00,11550.00,13000.00
377,synthetic_0053.json,True,Mitsubishi,Mirage,1997,2,4,1150.00,7650.00,8800.00
378,synthetic_0054.json,True,Toyota,Hilux,2000,4,4,1950.00,3600.00,5550.00
379,synthetic_0055.json,True,Toyota,Fortuner,2022,2,4,1100.00,4500.00,5600.00
380,synthetic_0056.json,True,Hyundai,Porter,2010,1,5,4500.00,9400.00,13900.00
381,synthetic_0057.json,True,Isuzu,D-Max,2023,2,4,3550.00,6150.00,9700.00
382,synthetic_0058.json,True,Mazda,Mazda 3,2009,3,4,2050.00,5950.00,8000.00
383,synthetic_0059.json,True,Toyota,Corolla,1998,2,4,1400.00,3000.00,4400.00
384,synthetic_0060.json,True,Toyota,Vios,2009,2,5,1700.00,15150.00,16850.00
385,synthetic_0061.json,True,Mitsubishi,Montero Sport,2023,3,5,2650.00,3450.00,6100.00
386,synthetic_0062.json,True,Honda,Crv Gen 02,2019,5,5,2750.00,5500.00,8250.00
387,synthetic_0063.json,True,Toyota,Vois,2014,2,4,2200.00,3400.00,5600.00
388,synthetic_0064.json,True,Isuzu,Mux,2017,4,3,1900.00,4800.00,6700.00
389,synthetic_0065.json,True,Isuzu,Crosswind,2025,1,3,1800.00,5850.00,7650.00
390,synthetic_0066.json,True,Toyota,Vios,2007,2,4,1100.00,5100.00,6200.00
391,synthetic_0067.json,True,Toyota,Corolla,2019,2,3,1100.00,1800.00,2900.00
392,synthetic_0068.json,True,Toyota,Rush,2016,3,6,3100.00,8700.00,11800.00
393,synthetic_0069.json,True,Toyota,Hiace,2008,3,4,3900.00,10900.00,14800.00
394,synthetic_0070.json,True,Toyota,Fortuner,2023,5,5,2550.00,4600.00,7150.00
395,synthetic_0071.json,True,Mazda,Cx7,2023,2,6,2600.00,6400.00,9000.00
396,synthetic_0072.json,True,Toyota,Hiace,2014,2,3,4000.00,7050.00,11050.00
397,synthetic_0073.json,True,Suzuki,Celerio,2000,3,4,4600.00,10400.00,15000.00
398,synthetic_0074.json,True,Toyota,Hi-Ace,2015,4,4,5200.00,9350.00,14550.00
399,synthetic_0075.json,True,Toyota,Altis,2023,4,5,4600.00,12300.00,16900.00
400,synthetic_0076.json,True,Toyota,Hiace,2011,1,3,3300.00,7400.00,10700.00
401,synthetic_0077.json,True,Nissan,Patrol,2005,5,5,2700.00,4300.00,7000.00
402,synthetic_0078.json,True,Hyundai,Tucson,2021,2,5,1850.00,7250.00,9100.00
403,synthetic_0079.json,True,Toyota,Hilux,2014,2,5,4100.00,7550.00,11650.00
404,synthetic_0080.json,True,Mitsubishi,Xpander,2016,5,4,2300.00,2200.00,4500.00
405,synthetic_0081.json,True,Isuzu,Mux,2015,2,5,22150.00,11400.00,33550.00
406,synthetic_0082.json,True,Hyundai,I100,2002,4,5,5750.00,27000.00,32750.00
407,synthetic_0083.json,True,Mitsubishi,Montero Sport,2020,4,4,4550.00,17400.00,21950.00
408,synthetic_0084.json,True,Toyota,Hilux,2002,3,5,4800.00,6850.00,11650.00
409,synthetic_0085.json,True,Mitsubishi,Mirage,2014,3,5,1950.00,3800.00,5750.00
410,synthetic_0086.json,True,Toyota,Vios,2005,1,4,2400.00,7700.00,10100.00
411,synthetic_0087.json,True,Toyota,Wigo,2016,4,3,6050.00,6800.00,12850.00
412,synthetic_0088.json,True,Toyota,Corolla,2023,2,5,1100.00,4800.00,5900.00
413,synthetic_0089.json,True,Toyota,Avanza,2007,2,4,5150.00,9450.00,14600.00
414,synthetic_0090.json,True,Toyota,Avanza,2020,4,5,4700.00,24700.00,29400.00
415,synthetic_0091.json,True,Mitsubishi,Mirage,2011,3,4,5000.00,12450.00,17450.00
416,synthetic_0092.json,True,Mitsubishi,Strada,2003,4,3,5600.00,16300.00,21900.00
417,synthetic_0093.json,True,Toyota,Rush,2009,1,5,3750.00,7900.00,11650.00
418,synthetic_0094.json,True,Mitsubishi,L300,2006,3,4,2850.00,20550.00,23400.00
419,synthetic_0095.json,True,Toyota,Corolla,1998,2,5,1550.00,10000.00,11550.00
420,synthetic_0096.json,True,Toyota,Corolla,2000,1,3,3250.00,1350.00,4600.00
421,synthetic_0097.json,True,Kia,K2500,2021,2,5,1250.00,5800.00,7050.00
422,synthetic_0098.json,True,Toyota,Vios,2013,2,4,1150.00,2050.00,3200.00
423,synthetic_0099.json,True,Kia,Sorento,2011,3,3,4300.00,1800.00,6100.00
424,synthetic_0100.json,True,Hyundai,Santa Fe,2000,2,4,1250.00,5400.00,6650.00
425,synthetic_0101.json,True,Isuzu,Crosswind,2023,3,5,3500.00,15600.00,19100.00
426,synthetic_0102.json,True,Mitsubishi,Adventure,2009,3,2,2050.00,3000.00,5050.00
427,synthetic_0103.json,True,Ford,Everest,2008,2,5,1950.00,6550.00,8500.00
428,synthetic_0104.json,True,Toyota,Rush,2024,2,3,3500.00,6250.00,9750.00
429,synthetic_0105.json,True,Kia,Carnival,2025,2,4,2200.00,6800.00,9000.00
430,synthetic_0106.json,True,Mitsubishi,Montero,2023,3,4,4150.00,21850.00,26000.00
431,synthetic_0107.json,True,Toyota,Vios,1999,2,4,1350.00,4700.00,6050.00
432,synthetic_0108.json,True,Mitsubishi,Montero Sport,2001,3,4,2250.00,7000.00,9250.00
433,synthetic_0109.json,True,Toyota,Avanza,2015,2,3,1150.00,4550.00,5700.00
434,synthetic_0110.json,True,Nissan,Granduer,2000,2,4,2650.00,8150.00,10800.00
435,synthetic_0111.json,True,Toyota,Hi-Ace,2015,1,4,3050.00,10050.00,13100.00
436,synthetic_0112.json,True,Mitsubishi,Pajero,2025,3,4,3050.00,6800.00,9850.00
437,synthetic_0113.json,True,Toyota,Avanza,2019,2,4,4000.00,12650.00,16650.00
438,synthetic_0114.json,True,Toyota,Avanza,2020,2,2,3000.00,950.00,3950.00
439,synthetic_0115.json,True,Honda,Crv,2005,1,3,4200.00,5950.00,10150.00
440,synthetic_0116.json,True,Mazda,Mazda 3,2024,2,5,1450.00,8150.00,9600.00
441,synthetic_0117.json,True,Suzuki,Swift,2013,3,4,5050.00,4250.00,9300.00
442,synthetic_0118.json,True,Mitsubishi,L200,2013,2,2,1200.00,2400.00,3600.00
443,synthetic_0119.json,True,Toyota,Corolla Altis,2005,2,4,1150.00,3400.00,4550.00
444,synthetic_0120.json,True,Nissan,NV350 Urvan,2001,2,2,1050.00,2750.00,3800.00
445,synthetic_0121.json,True,Hyundai,Porter,2003,3,4,3450.00,20800.00,24250.00
446,synthetic_0122.json,True,Mitsubishi,Mirage,2010,2,4,3050.00,6450.00,9500.00
447,synthetic_0123.json,True,Hyundai,Starex,2025,3,2,3000.00,850.00,3850.00
448,synthetic_0124.json,True,Nissan,Navara,2008,2,3,3100.00,5850.00,8950.00
449,synthetic_0125.json,True,Mitsubishi,Adventure,2016,2,4,1500.00,5400.00,6900.00
450,synthetic_0126.json,True,Honda,Brio,2025,2,8,16500.00,11100.00,27600.00
451,synthetic_0127.json,True,Toyota,Fortuner,2024,2,5,1750.00,6800.00,8550.00
452,synthetic_0128.json,True,Toyota,Rush,2003,4,4,4550.00,14100.00,18650.00
453,synthetic_0129.json,True,Isuzu,Mux,2005,3,4,2450.00,3350.00,5800.00
454,synthetic_0130.json,True,Toyota,Corolla,2014,2,5,1800.00,5150.00,6950.00
455,synthetic_0131.json,True,Nissan,Armada,2020,4,5,5100.00,21100.00,26200.00
456,synthetic_0132.json,True,Mitsubishi,Pajero,1997,2,5,1400.00,8100.00,9500.00
457,synthetic_0133.json,True,Mazda,Cx9,2000,3,4,4450.00,13100.00,17550.00
458,synthetic_0134.json,True,Toyota,Vios,2003,3,4,4050.00,12400.00,16450.00
459,synthetic_0135.json,True,Toyota,Vios,2014,2,4,1200.00,6550.00,7750.00
460,synthetic_0136.json,True,Hyundai,I100,1997,1,4,3100.00,6900.00,10000.00
461,synthetic_0137.json,True,Toyota,Vios,2005,2,5,1150.00,6950.00,8100.00
462,synthetic_0138.json,True,Mitsubishi,Montero Sport,2008,1,4,2000.00,9800.00,11800.00
463,synthetic_0139.json,True,Toyota,Rush,2015,4,2,4350.00,7800.00,12150.00
464,synthetic_0140.json,True,Mitsubishi,Montero,2005,3,3,4700.00,5000.00,9700.00
465,synthetic_0141.json,True,Toyota,Fortuner,2013,2,5,1750.00,6100.00,7850.00
466,synthetic_0142.json,True,Toyota,Hi-Ace,2002,2,4,1250.00,6300.00,7550.00
467,synthetic_0143.json,True,Toyota,Hi-Ace,1999,3,4,2350.00,4250.00,6600.00
468,synthetic_0144.json,True,Toyota,Rush,2012,2,3,3100.00,1500.00,4600.00
469,synthetic_0145.json,True,Toyota,Hiace,2017,2,3,4600.00,6950.00,11550.00
470,synthetic_0146.json,True,Honda,Fc,2000,2,5,1200.00,3850.00,5050.00
471,synthetic_0147.json,True,Hyundai,H100,2003,2,4,1150.00,7250.00,8400.00
472,synthetic_0148.json,True,Kia,Picanto,2004,2,4,4550.00,7750.00,12300.00
473,synthetic_0149.json,True,Toyota,Hiace,2017,2,4,3700.00,6250.00,9950.00
474,synthetic_0150.json,True,Hyundai,H100,2003,2,3,1300.00,2450.00,3750.00
475,synthetic_0151.json,True,Ford,EcoSport,2005,2,4,1550.00,3600.00,5150.00
476,synthetic_0152.json,True,Toyota,Corolla Altis,2016,3,4,2600.00,6700.00,9300.00
477,synthetic_0153.json,True,Hyundai,Grand Starex,2006,2,5,950.00,8350.00,9300.00
478,synthetic_0154.json,True,Toyota,Hi-Ace,2006,2,5,2050.00,7100.00,9150.00
479,synthetic_0155.json,True,Toyota,Wigo,2019,4,4,4800.00,20300.00,25100.00
480,synthetic_0156.json,True,Toyota,Wigo,2014,2,5,1300.00,5050.00,6350.00
481,synthetic_0157.json,True,Honda,Brio,2008,2,5,1150.00,4850.00,6000.00
482,synthetic_0158.json,True,Toyota,Innova,2001,2,5,1050.00,6250.00,7300.00
483,synthetic_0159.json,True,Ford,Ecosport,2009,1,4,2900.00,12150.00,15050.00
484,synthetic_0160.json,True,Mitsubishi,Adventure,1997,3,4,2550.00,4250.00,6800.00
485,synthetic_0161.json,True,Nissan,Armada,1997,4,5,4850.00,14300.00,19150.00
486,synthetic_0162.json,True,Toyota,Hilux,2023,2,4,1750.00,3800.00,5550.00
487,synthetic_0163.json,True,Toyota,Hi-Ace,2019,2,5,1150.00,4350.00,5500.00
488,synthetic_0164.json,True,Hyundai,Tucson,2020,2,3,1200.00,1600.00,2800.00
489,synthetic_0165.json,True,Mitsubishi,L200,2009,3,4,3900.00,12350.00,16250.00
490,synthetic_0166.json,True,Mitsubishi,L200,2005,2,4,3250.00,12000.00,15250.00
491,synthetic_0167.json,True,Hyundai,Accent,2017,2,2,3200.00,4950.00,8150.00
492,synthetic_0168.json,True,Toyota,Hi-Ace,2020,3,5,2300.00,4050.00,6350.00
493,synthetic_0169.json,True,Mitsubishi,Montero Sport,2016,3,5,2300.00,3500.00,5800.00
494,synthetic_0170.json,True,Mitsubishi,Strada,1998,3,4,2150.00,4850.00,7000.00
495,synthetic_0171.json,True,Toyota,Hilux,2006,3,2,4250.00,4600.00,8850.00
496,synthetic_0172.json,True,Hyundai,Santa Fe,2010,4,4,2050.00,8100.00,10150.00
497,synthetic_0173.json,True,Nissan,Xtrail,2021,2,5,2000.00,7200.00,9200.00
498,synthetic_0174.json,True,Honda,BR-V,2012,3,4,2700.00,3500.00,6200.00
499,synthetic_0175.json,True,Hyundai,Accent,2013,2,4,1500.00,5400.00,6900.00
500,synthetic_0176.json,True,Hyundai,Starex,2002,1,1,2850.00,7700.00,10550.00
501,synthetic_0177.json,True,Hyundai,Porter,2019,4,5,5450.00,13300.00,18750.00
502,synthetic_0178.json,True,Toyota,Corolla Altis,2012,1,4,1600.00,6050.00,7650.00
503,synthetic_0179.json,True,Toyota,Vios,1998,2,5,1050.00,6400.00,7450.00
504,synthetic_0180.json,True,Toyota,Hi-Ace,2020,1,8,11800.00,13500.00,25300.00
505,synthetic_0181.json,True,Toyota,Vois,2007,2,3,1550.00,7450.00,9000.00
506,synthetic_0182.json,True,Mitsubishi,Xpander,2020,3,4,3100.00,11000.00,14100.00
507,synthetic_0183.json,True,Mitsubishi,Mirage,2000,3,5,3900.00,4300.00,8200.00
508,synthetic_0184.json,True,Mitsubishi,L300,2000,1,5,3450.00,7650.00,11100.00
509,synthetic_0185.json,True,Toyota,Avanza,2016,2,6,1600.00,6550.00,8150.00
510,synthetic_0186.json,True,Toyota,Altis,2019,3,6,2650.00,6600.00,9250.00
511,synthetic_0187.json,True,Toyota,Wigo,2004,2,5,1350.00,5350.00,6700.00
512,synthetic_0188.json,True,Mitsubishi,Mirage G4,2016,2,3,4200.00,1450.00,5650.00
513,synthetic_0189.json,True,Toyota,Innova,2004,2,5,1850.00,12450.00,14300.00
514,synthetic_0190.json,True,Honda,BR-V,2025,1,4,2500.00,10800.00,13300.00
515,synthetic_0191.json,True,Mitsubishi,Montero,2001,3,5,4300.00,12900.00,17200.00
516,synthetic_0192.json,True,Honda,Jazz,1998,3,4,3800.00,11250.00,15050.00
517,synthetic_0193.json,True,Toyota,Hilux,2024,2,5,1450.00,5000.00,6450.00
518,synthetic_0194.json,True,Nissan,Xtrail,2006,2,5,2950.00,4850.00,7800.00
519,synthetic_0195.json,True,Toyota,Vios,2018,3,5,2400.00,11250.00,13650.00
520,synthetic_0196.json,True,Toyota,Vios,2005,2,4,4300.00,6800.00,11100.00
521,synthetic_0197.json,True,Toyota,Corolla Altis,1997,3,4,3550.00,3850.00,7400.00
522,synthetic_0198.json,True,Honda,City,1999,1,4,2300.00,11400.00,13700.00
523,synthetic_0199.json,True,Honda,Jazz,2012,1,5,3700.00,8000.00,11700.00
524,synthetic_0200.json,True,Mitsubishi,Pajero,2023,1,3,2150.00,5850.00,8000.00
525,synthetic_0201.json,True,Kia,Sorento,2021,3,5,1950.00,4800.00,6750.00
526,synthetic_0202.json,True,Toyota,Altis,2016,3,4,3900.00,11000.00,14900.00
527,synthetic_0203.json,True,Toyota,Innova,1998,4,4,5250.00,17500.00,22750.00
528,synthetic_0204.json,True,Nissan,Navara,2012,2,5,3950.00,7250.00,11200.00
529,synthetic_0205.json,True,Toyota,Hilux,2024,2,5,1350.00,7350.00,8700.00
530,synthetic_0206.json,True,Toyota,Hilux,2021,2,5,1250.00,5950.00,7200.00
531,synthetic_0207.json,True,Toyota,Avanza,2019,2,5,2800.00,7550.00,10350.00
532,synthetic_0208.json,True,Kia,Sorento,2021,4,5,5350.00,19900.00,25250.00
533,synthetic_0209.json,True,Toyota,Hiace,2018,2,5,4400.00,13300.00,17700.00
534,synthetic_0210.json,True,Kia,K2500,2024,4,4,2200.00,3450.00,5650.00
535,synthetic_0211.json,True,Ford,EcoSport,2006,3,2,3650.00,2700.00,6350.00
536,synthetic_0212.json,True,Mitsubishi,L300,2001,4,4,5000.00,16300.00,21300.00
537,synthetic_0213.json,True,Toyota,Corolla,2006,1,6,11800.00,12450.00,24250.00
538,synthetic_0214.json,True,Toyota,Hiace,2006,2,5,5150.00,7850.00,13000.00
539,synthetic_0215.json,True,Toyota,Avanza,2017,3,4,4300.00,21900.00,26200.00
540,synthetic_0216.json,True,Toyota,Corolla,2024,2,5,1800.00,9300.00,11100.00
541,synthetic_0217.json,True,Toyota,Wigo,2008,2,5,1400.00,3900.00,5300.00
542,synthetic_0218.json,True,Mitsubishi,Pajero,1998,2,5,1400.00,4000.00,5400.00
543,synthetic_0219.json,True,Kia,K2700,2003,2,6,2500.00,8600.00,11100.00
544,synthetic_0220.json,True,Mitsubishi,Pajero,2024,2,5,2100.00,6900.00,9000.00
545,synthetic_0221.json,True,Toyota,Corolla Altis,2005,3,5,4200.00,14600.00,18800.00
546,synthetic_0222.json,True,Toyota,Vios,2018,3,3,4100.00,10400.00,14500.00
547,synthetic_0223.json,True,Toyota,Avanza,2019,2,4,1700.00,5700.00,7400.00
548,synthetic_0224.json,True,Hyundai,I100,2009,5,5,2350.00,7700.00,10050.00
549,synthetic_0225.json,True,Hyundai,Santa Fe,2007,2,4,1700.00,11450.00,13150.00
550,synthetic_0226.json,True,Toyota,Rush,1999,4,4,4950.00,10500.00,15450.00
551,synthetic_0227.json,True,Toyota,Wigo,2018,3,5,4200.00,12400.00,16600.00
552,synthetic_0228.json,True,Toyota,Vios,2007,1,4,4750.00,7400.00,12150.00
553,synthetic_0229.json,True,Toyota,Wigo,2020,2,3,1050.00,3600.00,4650.00
554,synthetic_0230.json,True,Toyota,Vois,2025,1,4,4100.00,7800.00,11900.00
555,synthetic_0231.json,True,Nissan,Granduer,2011,3,5,3850.00,12950.00,16800.00
556,synthetic_0232.json,True,Mitsubishi,Adventure,2015,3,5,2550.00,6100.00,8650.00
557,synthetic_0233.json,True,Mitsubishi,Xpander,2005,2,4,1150.00,7200.00,8350.00
558,synthetic_0234.json,True,Toyota,Rush,2001,2,5,1150.00,7000.00,8150.00
559,synthetic_0235.json,True,Toyota,Hi-Ace,2009,3,3,2550.00,9500.00,12050.00
560,synthetic_0236.json,True,Toyota,Avanza,2016,1,3,2600.00,5250.00,7850.00
561,synthetic_0237.json,True,Toyota,Corolla Altis,1998,2,5,1700.00,11800.00,13500.00
562,synthetic_0238.json,True,Hyundai,Starex,2009,2,4,1400.00,7550.00,8950.00
563,synthetic_0239.json,True,Toyota,Vios,2014,2,7,14100.00,14300.00,28400.00
564,synthetic_0240.json,True,Hyundai,Porter,2012,1,5,3000.00,8300.00,11300.00
565,synthetic_0241.json,True,Toyota,Vois,2011,4,4,1800.00,6050.00,7850.00
566,synthetic_0242.json,True,Mitsubishi,Xpander,2023,2,8,19100.00,17100.00,36200.00
567,synthetic_0243.json,True,Honda,Brio,2006,5,5,2300.00,4450.00,6750.00
568,synthetic_0244.json,True,Hyundai,Tucson,2023,2,6,2250.00,6550.00,8800.00
569,synthetic_0245.json,True,Mitsubishi,Adventure,2022,3,4,3400.00,3050.00,6450.00
570,synthetic_0246.json,True,Hyundai,Grand Starex,2021,1,4,3050.00,4100.00,7150.00
571,synthetic_0247.json,True,Hyundai,Tucson,2022,2,3,1200.00,1500.00,2700.00
572,synthetic_0248.json,True,Ford,EcoSport,2006,2,5,2000.00,5400.00,7400.00
573,synthetic_0249.json,True,Mazda,Mazda 3,2003,2,5,1300.00,8300.00,9600.00
574,synthetic_0250.json,True,Mitsubishi,Adventure,2006,2,4,1300.00,3050.00,4350.00
575,synthetic_0251.json,True,Honda,Jazz,2015,2,3,1900.00,4250.00,6150.00
576,synthetic_0252.json,True,Suzuki,Jimny,2024,3,3,2250.00,2550.00,4800.00
577,synthetic_0253.json,True,Mitsubishi,Xpander,2011,2,6,2500.00,6650.00,9150.00
578,synthetic_0254.json,True,Mitsubishi,L300,2015,1,4,3750.00,12200.00,15950.00
579,synthetic_0255.json,True,Toyota,Vios,2014,4,4,2300.00,4050.00,6350.00
580,synthetic_0256.json,True,Suzuki,Swift,1998,2,4,1250.00,3800.00,5050.00
581,synthetic_0257.json,True,Toyota,Corolla Altis,2023,3,5,3400.00,28200.00,31600.00
582,synthetic_0258.json,True,Hyundai,I100,2007,2,3,1300.00,3850.00,5150.00
583,synthetic_0259.json,True,Toyota,Hiace,2023,2,5,3750.00,12650.00,16400.00
584,synthetic_0260.json,True,Nissan,Patrol,2002,1,5,3900.00,7850.00,11750.00
585,synthetic_0261.json,True,Toyota,Hilux,2011,2,4,1500.00,4700.00,6200.00
586,synthetic_0262.json,True,Honda,City,2023,3,5,2700.00,3750.00,6450.00
587,synthetic_0263.json,True,Toyota,Vios,2016,4,5,5250.00,25500.00,30750.00
588,synthetic_0264.json,True,Mitsubishi,Strada,2021,2,5,1200.00,3550.00,4750.00
589,synthetic_0265.json,True,Honda,Crv Gen 02,2012,3,5,2150.00,5800.00,7950.00
590,synthetic_0266.json,True,Honda,Crv,2002,4,4,2300.00,4400.00,6700.00
591,synthetic_0267.json,True,Toyota,Innova,2021,2,5,5050.00,10600.00,15650.00
592,synthetic_0268.json,True,Suzuki,Dzire,2005,1,5,4400.00,7950.00,12350.00
593,synthetic_0269.json,True,Honda,City,2005,3,4,5250.00,9900.00,15150.00
594,synthetic_0270.json,True,Toyota,Rush,2006,5,5,2750.00,7350.00,10100.00
595,synthetic_0271.json,True,Toyota,Wigo,1997,2,4,1500.00,7450.00,8950.00
596,synthetic_0272.json,True,Toyota,Hi-Ace,2011,4,4,4800.00,9300.00,14100.00
597,synthetic_0273.json,True,Toyota,Hiace,2023,3,5,4250.00,14400.00,18650.00
598,synthetic_0274.json,True,Toyota,Hi-Ace,2020,3,4,5000.00,7250.00,12250.00
599,synthetic_0275.json,True,Toyota,Vois,2019,3,5,3400.00,22900.00,26300.00
600,synthetic_0276.json,True,Toyota,Altis,2003,3,5,3550.00,13800.00,17350.00
601,synthetic_0277.json,True,Toyota,Vois,2002,4,5,5750.00,15600.00,21350.00
602,synthetic_0278.json,True,Kia,Seltos,2007,1,6,17400.00,7900.00,25300.00
603,synthetic_0279.json,True,Hyundai,Santa Fe,2020,1,4,4250.00,12700.00,16950.00
604,synthetic_0280.json,True,Nissan,Almera,2002,3,5,2450.00,12000.00,14450.00
605,synthetic_0281.json,True,Toyota,Corolla Altis,2010,1,5,4300.00,7500.00,11800.00
606,synthetic_0282.json,True,Mitsubishi,Adventure,2012,2,5,1800.00,4700.00,6500.00
607,synthetic_0283.json,True,Toyota,Corolla,2017,4,3,4900.00,8700.00,13600.00
608,synthetic_0284.json,True,Hyundai,Tucson,2015,2,5,2050.00,12700.00,14750.00
609,synthetic_0285.json,True,Mitsubishi,Strada,2000,2,4,1300.00,8900.00,10200.00
610,synthetic_0286.json,True,Mitsubishi,L300,2000,2,5,1200.00,4950.00,6150.00
611,synthetic_0287.json,True,Nissan,NV350 Urvan,2019,4,2,5450.00,8700.00,14150.00
612,synthetic_0288.json,True,Toyota,Corolla Altis,2018,1,4,2900.00,8250.00,11150.00
613,synthetic_0289.json,True,Suzuki,Celerio,1999,2,3,1200.00,3900.00,5100.00
614,synthetic_0290.json,True,Toyota,Wigo,2020,4,5,4950.00,20500.00,25450.00
615,synthetic_0291.json,True,Toyota,Vois,2011,3,4,2650.00,4150.00,6800.00
616,synthetic_0292.json,True,Mitsubishi,Adventure,2010,3,5,4050.00,22100.00,26150.00
617,synthetic_0293.json,True,Honda,Fc,2009,1,6,19400.00,9550.00,28950.00
618,synthetic_0294.json,True,Toyota,Vios,2012,3,5,3900.00,12500.00,16400.00
619,synthetic_0295.json,True,Mitsubishi,Mirage,1997,1,5,3100.00,10050.00,13150.00
620,synthetic_0296.json,True,Mitsubishi,Montero,2018,2,4,2800.00,10650.00,13450.00
621,synthetic_0297.json,True,Mitsubishi,Pajero,2017,4,4,5100.00,9800.00,14900.00
622,synthetic_0298.json,True,Honda,Civic,2002,1,5,3950.00,10000.00,13950.00
623,synthetic_0299.json,True,Toyota,Wigo,2005,2,2,1450.00,4900.00,6350.00
624,synthetic_0300.json,True,Nissan,NV350 Urvan,2010,1,4,2750.00,10300.00,13050.00
625,synthetic_0301.json,True,Toyota,Hilux,2020,2,3,2000.00,3300.00,5300.00
626,synthetic_0302.json,True,Hyundai,Starex,2006,3,3,2000.00,1850.00,3850.00
627,synthetic_0303.json,True,Toyota,Fortuner,1999,1,4,3600.00,6700.00,10300.00
628,synthetic_0304.json,True,Toyota,Innova,2001,2,5,1850.00,12850.00,14700.00
629,synthetic_0305.json,True,Hyundai,I100,2010,1,8,15250.00,16150.00,31400.00
630,synthetic_0306.json,True,Toyota,Corolla Altis,1998,1,4,3450.00,7450.00,10900.00
631,synthetic_0307.json,True,Toyota,Vois,1997,3,4,3500.00,10200.00,13700.00
632,synthetic_0308.json,True,Toyota,Corolla Altis,2021,2,3,1000.00,6600.00,7600.00
633,synthetic_0309.json,True,Toyota,Wigo,2003,4,5,5250.00,12100.00,17350.00
634,synthetic_0310.json,True,Honda,Crv,2023,5,4,2750.00,2050.00,4800.00
635,synthetic_0311.json,True,Toyota,Corolla Altis,2004,3,4,2550.00,4650.00,7200.00
636,synthetic_0312.json,True,Toyota,Vois,2009,2,5,1350.00,4950.00,6300.00
637,synthetic_0313.json,True,Toyota,Hilux,2000,5,5,2550.00,7150.00,9700.00
638,synthetic_0314.json,True,Hyundai,Porter,2025,4,3,5250.00,11300.00,16550.00
639,synthetic_0315.json,True,Toyota,Altis,2002,4,5,5450.00,24600.00,30050.00
640,synthetic_0316.json,True,Toyota,Rush,2023,2,5,1350.00,4000.00,5350.00
641,synthetic_0317.json,True,Mitsubishi,Mirage G4,2001,3,4,3700.00,11300.00,15000.00
642,synthetic_0318.json,True,Isuzu,Dmax,1999,1,4,3100.00,7050.00,10150.00
643,synthetic_0319.json,True,Mitsubishi,Adventure,1997,3,4,2300.00,5950.00,8250.00
644,synthetic_0320.json,True,Hyundai,Starex,2007,2,3,1600.00,4750.00,6350.00
645,synthetic_0321.json,True,Mitsubishi,Xpander,2017,1,4,3700.00,12850.00,16550.00
646,synthetic_0322.json,True,Toyota,Altis,2006,5,3,2400.00,1700.00,4100.00
647,synthetic_0323.json,True,Hyundai,Grand Starex,2005,2,6,2350.00,10500.00,12850.00
648,synthetic_0324.json,True,Hyundai,Starex,2005,2,5,1900.00,6550.00,8450.00
649,synthetic_0325.json,True,Honda,Civic,2025,3,4,2650.00,3000.00,5650.00
650,synthetic_0326.json,True,Honda,CR-V,2005,2,5,5700.00,7700.00,13400.00
651,synthetic_0327.json,True,Toyota,Hilux,2010,1,5,3100.00,9900.00,13000.00
652,synthetic_0328.json,True,Toyota,Hiace,2003,2,4,1150.00,4100.00,5250.00
653,synthetic_0329.json,True,Honda,Brio,2023,4,5,7000.00,17500.00,24500.00
654,synthetic_0330.json,True,Toyota,Wigo,2014,3,5,2850.00,5600.00,8450.00
655,synthetic_0331.json,True,Toyota,Altis,1999,2,3,1300.00,6650.00,7950.00
656,synthetic_0332.json,True,Toyota,Corolla,2008,2,3,1600.00,2750.00,4350.00
657,synthetic_0333.json,True,Toyota,Vios,2008,3,4,3850.00,12900.00,16750.00
658,synthetic_0334.json,True,Mitsubishi,Mirage G4,2003,2,5,4500.00,7800.00,12300.00
659,synthetic_0335.json,True,Toyota,Rush,2007,2,6,2300.00,6900.00,9200.00
660,synthetic_0336.json,True,Toyota,Rush,2024,2,3,4150.00,1300.00,5450.00
661,synthetic_0337.json,True,Toyota,Avanza,2019,1,8,17050.00,11000.00,28050.00
662,synthetic_0338.json,True,Honda,CR-V,2017,3,5,6000.00,8400.00,14400.00
663,synthetic_0339.json,True,Honda,Brio,2013,1,2,2350.00,8000.00,10350.00
664,synthetic_0340.json,True,Mitsubishi,Montero,2001,3,5,4250.00,12800.00,17050.00
665,synthetic_0341.json,True,Mitsubishi,Strada,2010,3,5,2150.00,7100.00,9250.00
666,synthetic_0342.json,True,Isuzu,Mux,2002,3,5,5700.00,5100.00,10800.00
667,synthetic_0343.json,True,Honda,City,2011,3,5,2700.00,5400.00,8100.00
668,synthetic_0344.json,True,Nissan,Patrol,2025,2,3,5350.00,4950.00,10300.00
669,synthetic_0345.json,True,Hyundai,H100,2016,2,4,4200.00,10650.00,14850.00
670,synthetic_0346.json,True,Mitsubishi,Montero,2006,2,4,1300.00,3100.00,4400.00
671,synthetic_0347.json,True,Toyota,Rush,2025,2,4,3500.00,6750.00,10250.00
672,synthetic_0348.json,True,Toyota,Rush,2024,2,4,1500.00,4650.00,6150.00
673,synthetic_0349.json,True,Toyota,Vois,2017,2,4,3700.00,6100.00,9800.00
674,synthetic_0350.json,True,Honda,BR-V,2024,4,5,5500.00,25600.00,31100.00
675,synthetic_0351.json,True,Isuzu,mu-X,2001,2,4,1900.00,6750.00,8650.00
676,synthetic_0352.json,True,Hyundai,H100,2001,3,5,4100.00,26800.00,30900.00
677,synthetic_0353.json,True,Mitsubishi,L300,2002,2,4,1950.00,2900.00,4850.00
678,synthetic_0354.json,True,Toyota,Altis,2018,3,4,4100.00,11350.00,15450.00
679,synthetic_0355.json,True,Suzuki,Swift,2009,4,4,6100.00,11250.00,17350.00
680,synthetic_0356.json,True,Suzuki,Jimny,2019,1,4,2400.00,7300.00,9700.00
681,synthetic_0357.json,True,Nissan,Xtrail,2014,3,4,2750.00,6150.00,8900.00
682,synthetic_0358.json,True,Toyota,Altis,2006,3,3,2300.00,2300.00,4600.00
683,synthetic_0359.json,True,Toyota,Wigo,2014,2,5,4850.00,10100.00,14950.00
684,synthetic_0360.json,True,Toyota,Hi-Ace,2009,2,5,1400.00,5800.00,7200.00
685,synthetic_0361.json,True,Toyota,Wigo,2018,2,5,1200.00,3950.00,5150.00
686,synthetic_0362.json,True,Toyota,Vois,2007,1,3,2500.00,7100.00,9600.00
687,synthetic_0363.json,True,Mitsubishi,L200,2017,2,2,1200.00,3800.00,5000.00
688,synthetic_0364.json,True,Hyundai,Santa Fe,2008,2,4,1000.00,5150.00,6150.00
689,synthetic_0365.json,True,Mitsubishi,Adventure,2013,3,3,4600.00,6700.00,11300.00
690,synthetic_0366.json,True,Hyundai,Grand Starex,2007,2,3,1100.00,4200.00,5300.00
691,synthetic_0367.json,True,Toyota,Hiace,2004,1,5,3100.00,7800.00,10900.00
692,synthetic_0368.json,True,Toyota,Innova,2023,2,3,2000.00,5200.00,7200.00
693,synthetic_0369.json,True,Honda,Jazz,2021,3,5,5450.00,9150.00,14600.00
694,synthetic_0370.json,True,Toyota,Hi-Ace,2007,3,3,2050.00,4900.00,6950.00
695,synthetic_0371.json,True,Suzuki,Jimny,2010,3,5,3950.00,12150.00,16100.00
696,synthetic_0372.json,True,Hyundai,I100,2003,1,3,3200.00,9500.00,12700.00
697,synthetic_0373.json,True,Nissan,Armada,1997,2,5,1850.00,8200.00,10050.00
698,synthetic_0374.json,True,Toyota,Vois,2010,2,4,1050.00,4800.00,5850.00
699,synthetic_0375.json,True,Toyota,Corolla Altis,2020,2,4,1050.00,4600.00,5650.00
700,synthetic_0376.json,True,Hyundai,H100,2022,5,5,2550.00,8800.00,11350.00
701,synthetic_0377.json,True,Toyota,Hilux,2016,3,6,2750.00,10900.00,13650.00
702,synthetic_0378.json,True,Mitsubishi,Montero,2017,3,4,5100.00,4700.00,9800.00
703,synthetic_0379.json,True,Mitsubishi,Montero Sport,2014,2,5,1550.00,5250.00,6800.00
704,synthetic_0380.json,True,Toyota,Avanza,2020,2,6,2450.00,7250.00,9700.00
705,synthetic_0381.json,True,Toyota,Vios,1998,3,3,3600.00,10900.00,14500.00
706,synthetic_0382.json,True,Toyota,Vios,2001,1,2,2950.00,4900.00,7850.00
707,synthetic_0383.json,True,Toyota,Innova,2007,2,5,1200.00,5600.00,6800.00
708,synthetic_0384.json,True,Nissan,Almera,2002,5,3,2600.00,1700.00,4300.00
709,synthetic_0385.json,True,Toyota,Vois,2005,4,4,4200.00,15700.00,19900.00
710,synthetic_0386.json,True,Ford,Ecosport,2017,2,5,5300.00,8550.00,13850.00
711,synthetic_0387.json,True,Toyota,Wigo,1999,1,5,3100.00,11400.00,14500.00
712,synthetic_0388.json,True,Toyota,Corolla,2010,3,4,2200.00,6500.00,8700.00
713,synthetic_0389.json,True,Kia,Seltos,2023,4,5,4450.00,12100.00,16550.00
714,synthetic_0390.json,True,Hyundai,Tucson,2012,2,4,3350.00,6550.00,9900.00
715,synthetic_0391.json,True,Hyundai,Accent,1999,2,5,1850.00,10250.00,12100.00
716,synthetic_0392.json,True,Toyota,Vios,2009,2,4,1200.00,5650.00,6850.00
717,synthetic_0393.json,True,Toyota,Fortuner,2006,3,5,4450.00,5550.00,10000.00
718,synthetic_0394.json,True,Toyota,Hiace,2005,4,5,5850.00,12800.00,18650.00
719,synthetic_0395.json,True,Toyota,Vois,2006,4,4,4500.00,8750.00,13250.00
720,synthetic_0396.json,True,Toyota,Corolla,2008,2,4,1350.00,2950.00,4300.00
721,synthetic_0397.json,True,Mitsubishi,L200,2021,3,6,3000.00,7100.00,10100.00
722,synthetic_0398.json,True,Toyota,Corolla Altis,2001,2,5,1650.00,5900.00,7550.00
723,synthetic_0399.json,True,Toyota,Rush,1997,4,4,6050.00,11900.00,17950.00
724,synthetic_0400.json,True,Mitsubishi,Mirage G4,2004,1,4,2550.00,6050.00,8600.00
725,synthetic_0401.json,True,Mitsubishi,Mirage G4,1997,3,3,2900.00,2550.00,5450.00
726,synthetic_0402.json,True,Toyota,Vois,2016,3,5,4400.00,6250.00,10650.00
727,synthetic_0403.json,True,Honda,Crv Gen 02,2008,2,5,1750.00,7050.00,8800.00
728,synthetic_0404.json,True,Honda,Jazz,2015,3,5,1950.00,4250.00,6200.00
729,synthetic_0405.json,True,Mitsubishi,Mirage,2008,3,4,3700.00,11800.00,15500.00
730,synthetic_0406.json,True,Toyota,Fortuner,2008,4,3,6400.00,7300.00,13700.00
731,synthetic_0407.json,True,Hyundai,Starex,2025,2,6,1800.00,5350.00,7150.00
732,synthetic_0408.json,True,Hyundai,H100,2012,4,4,5900.00,21600.00,27500.00
733,synthetic_0409.json,True,Toyota,Fortuner,2003,3,4,2450.00,3300.00,5750.00
734,synthetic_0410.json,True,Toyota,Wigo,2008,2,4,3150.00,5900.00,9050.00
735,synthetic_0411.json,True,Hyundai,Santa Fe,2016,1,4,3050.00,5750.00,8800.00
736,synthetic_0412.json,True,Toyota,Avanza,2000,2,5,1750.00,7000.00,8750.00
737,synthetic_0413.json,True,Mitsubishi,Montero Sport,2008,2,5,1750.00,4950.00,6700.00
738,synthetic_0414.json,True,Ford,Escape,2014,2,4,1350.00,3450.00,4800.00
739,synthetic_0415.json,True,Toyota,Hiace,2001,5,3,2550.00,1800.00,4350.00
740,synthetic_0416.json,True,Toyota,Avanza,2002,3,3,5400.00,3250.00,8650.00
741,synthetic_0417.json,True,Mitsubishi,Mirage,2021,2,4,1300.00,3800.00,5100.00
742,synthetic_0418.json,True,Hyundai,Tucson,2025,2,4,1650.00,7900.00,9550.00
743,synthetic_0419.json,True,Mitsubishi,Mirage,2020,1,4,2400.00,6600.00,9000.00
744,synthetic_0420.json,True,Toyota,Innova,2008,3,6,2850.00,6150.00,9000.00
745,synthetic_0421.json,True,Toyota,Wigo,2018,2,3,1700.00,3450.00,5150.00
746,synthetic_0422.json,True,Honda,Fc,2009,2,5,1600.00,7200.00,8800.00
747,synthetic_0423.json,True,Honda,CR-V,2017,2,4,1300.00,3800.00,5100.00
748,synthetic_0424.json,True,Honda,Brio,2013,2,3,1250.00,2450.00,3700.00
749,synthetic_0425.json,True,Nissan,Patrol,2007,2,5,950.00,5100.00,6050.00
750,synthetic_0426.json,True,Toyota,Corolla Altis,2001,3,5,2700.00,23600.00,26300.00
751,synthetic_0427.json,True,Nissan,Armada,2024,1,4,2850.00,10550.00,13400.00
752,synthetic_0428.json,True,Toyota,Avanza,2000,1,8,15700.00,10900.00,26600.00
753,synthetic_0429.json,True,Toyota,Innova,2020,2,4,1700.00,5250.00,6950.00
754,synthetic_0430.json,True,Honda,Civic,2020,2,5,1300.00,4650.00,5950.00
755,synthetic_0431.json,True,Toyota,Wigo,2007,2,4,3900.00,4950.00,8850.00
756,synthetic_0432.json,True,Toyota,Fortuner,1997,1,1,2500.00,900.00,3400.00
757,synthetic_0433.json,True,Honda,CR-V,2008,2,3,1600.00,8050.00,9650.00
758,synthetic_0434.json,True,Hyundai,Santa Fe,2011,2,5,1200.00,4900.00,6100.00
759,synthetic_0435.json,True,Toyota,Rush,2025,1,5,4300.00,10750.00,15050.00
760,synthetic_0436.json,True,Mitsubishi,Mirage G4,2022,2,4,1450.00,6550.00,8000.00
761,synthetic_0437.json,True,Toyota,Hilux,1997,3,5,2300.00,8500.00,10800.00
762,synthetic_0438.json,True,Toyota,Altis,2015,1,1,3750.00,250.00,4000.00
763,synthetic_0439.json,True,Toyota,Corolla,2001,2,2,1150.00,2950.00,4100.00
764,synthetic_0440.json,True,Hyundai,H100,2017,2,3,1200.00,5100.00,6300.00
765,synthetic_0441.json,True,Toyota,Corolla,2014,2,4,1450.00,3950.00,5400.00
766,synthetic_0442.json,True,Isuzu,mu-X,2002,1,6,14800.00,7600.00,22400.00
767,synthetic_0443.json,True,Hyundai,Starex,2002,2,4,2000.00,2400.00,4400.00
768,synthetic_0444.json,True,Toyota,Hiace,2002,2,4,1100.00,7450.00,8550.00
769,synthetic_0445.json,True,Toyota,Fortuner,2007,3,5,3900.00,11200.00,15100.00
770,synthetic_0446.json,True,Mitsubishi,L300,2017,1,3,2650.00,6050.00,8700.00
771,synthetic_0447.json,True,Hyundai,Tucson,2005,3,2,2700.00,2100.00,4800.00
772,synthetic_0448.json,True,Toyota,Wigo,2013,3,5,2550.00,4900.00,7450.00
773,synthetic_0449.json,True,Hyundai,Tucson,2015,4,5,5350.00,26200.00,31550.00
774,synthetic_0450.json,True,Hyundai,H100,2006,2,5,1250.00,5100.00,6350.00
775,synthetic_0451.json,True,Mitsubishi,Montero Sport,2025,2,4,1250.00,7350.00,8600.00
776,synthetic_0452.json,True,Toyota,Hilux,2005,1,5,10450.00,12050.00,22500.00
777,synthetic_0453.json,True,Toyota,Hilux,2024,1,6,17700.00,14300.00,32000.00
778,synthetic_0454.json,True,Kia,Soluto,2017,2,5,1800.00,4200.00,6000.00
779,synthetic_0455.json,True,Mitsubishi,Montero,2002,2,8,18350.00,18250.00,36600.00
780,synthetic_0456.json,True,Hyundai,I100,2019,3,4,3250.00,8800.00,12050.00
781,synthetic_0457.json,True,Hyundai,Tucson,1997,2,5,2550.00,7600.00,10150.00
782,synthetic_0458.json,True,Kia,K2700,2008,2,6,18100.00,12500.00,30600.00
783,synthetic_0459.json,True,Toyota,Rush,2007,3,5,4800.00,16400.00,21200.00
784,synthetic_0460.json,True,Toyota,Innova,2007,2,4,1850.00,3900.00,5750.00
785,synthetic_0461.json,True,Toyota,Avanza,1997,2,3,1200.00,1350.00,2550.00
786,synthetic_0462.json,True,Mitsubishi,Mirage,2007,2,4,3450.00,6800.00,10250.00
787,synthetic_0463.json,True,Toyota,Hiace,2007,3,4,3900.00,11300.00,15200.00
788,synthetic_0464.json,True,Mitsubishi,Pajero,2012,2,4,1100.00,5200.00,6300.00
789,synthetic_0465.json,True,Mitsubishi,Adventure,2003,3,5,4700.00,4700.00,9400.00
790,synthetic_0466.json,True,Toyota,Fortuner,2023,3,3,2900.00,2850.00,5750.00
791,synthetic_0467.json,True,Toyota,Hi-Ace,2002,3,2,2450.00,5100.00,7550.00
792,synthetic_0468.json,True,Isuzu,Elf,2002,3,5,2450.00,9250.00,11700.00
793,synthetic_0469.json,True,Toyota,Fortuner,2004,3,4,4500.00,9000.00,13500.00
794,synthetic_0470.json,True,Toyota,Corolla,2021,2,4,1300.00,6000.00,7300.00
795,synthetic_0471.json,True,Honda,CR-V,1999,1,3,3650.00,5700.00,9350.00
796,synthetic_0472.json,True,Toyota,Hiace,2019,4,3,5250.00,7700.00,12950.00
797,synthetic_0473.json,True,Honda,Civic,1999,2,4,1200.00,3900.00,5100.00
798,synthetic_0474.json,True,Hyundai,I100,2018,3,5,4400.00,8200.00,12600.00
799,synthetic_0475.json,True,Mitsubishi,Montero Sport,2005,4,3,4450.00,7700.00,12150.00
800,synthetic_0476.json,True,Hyundai,Grand Starex,2004,3,4,4100.00,20100.00,24200.00
801,synthetic_0477.json,True,Mitsubishi,L200,2025,3,4,2300.00,3750.00,6050.00
802,synthetic_0478.json,True,Mitsubishi,Pajero,2025,2,3,3900.00,8950.00,12850.00
803,synthetic_0479.json,True,Mitsubishi,Mirage G4,2023,3,4,4300.00,20900.00,25200.00
804,synthetic_0480.json,True,Mitsubishi,Mirage,2021,4,5,5400.00,13150.00,18550.00
805,synthetic_0481.json,True,Hyundai,H100,2005,1,5,3250.00,8150.00,11400.00
806,synthetic_0482.json,True,Toyota,Wigo,2005,2,5,2150.00,6000.00,8150.00
807,synthetic_0483.json,True,Hyundai,Accent,1998,2,4,2600.00,6050.00,8650.00
808,synthetic_0484.json,True,Kia,Soluto,2003,2,5,3750.00,7250.00,11000.00
809,synthetic_0485.json,True,Hyundai,Grand Starex,2001,4,4,4800.00,11200.00,16000.00
810,synthetic_0486.json,True,Nissan,Xtrail,2018,3,6,3200.00,7850.00,11050.00
811,synthetic_0487.json,True,Toyota,Hiace,2005,3,6,2800.00,10400.00,13200.00
812,synthetic_0488.json,True,Honda,Brio,2013,3,6,2250.00,7450.00,9700.00
813,synthetic_0489.json,True,Toyota,Hiace,2002,1,5,4400.00,12950.00,17350.00
814,synthetic_0490.json,True,Toyota,Fortuner,2025,2,3,1650.00,2400.00,4050.00
815,synthetic_0491.json,True,Toyota,Hilux,2014,2,5,1950.00,5500.00,7450.00
816,synthetic_0492.json,True,Hyundai,Starex,2001,3,5,3200.00,5000.00,8200.00
817,synthetic_0493.json,True,Toyota,Corolla Altis,2022,2,6,3250.00,7050.00,10300.00
818,synthetic_0494.json,True,Toyota,Vios,2019,2,4,4300.00,5300.00,9600.00
819,synthetic_0495.json,True,Toyota,Fortuner,2006,2,4,1200.00,2750.00,3950.00
820,synthetic_0496.json,True,Toyota,Avanza,2007,2,4,950.00,5500.00,6450.00
821,synthetic_0497.json,True,Toyota,Corolla Altis,2022,2,4,1700.00,3800.00,5500.00
822,synthetic_0498.json,True,Toyota,Corolla Altis,2010,2,5,1900.00,5600.00,7500.00
823,synthetic_0499.json,True,Kia,Soluto,2018,2,4,1800.00,3950.00,5750.00
824,synthetic_0500.json,True,Toyota,Corolla Altis,2021,1,2,2200.00,9150.00,11350.00
825,synthetic_0501.json,True,Mitsubishi,Pajero,2014,1,6,14050.00,14400.00,28450.00
826,synthetic_0502.json,True,Honda,Brio,2010,2,4,1400.00,2900.00,4300.00
827,synthetic_0503.json,True,Isuzu,Dmax,2002,3,5,3850.00,25350.00,29200.00
828,synthetic_0504.json,True,Honda,City,2002,3,4,3100.00,2700.00,5800.00
829,synthetic_0505.json,True,Mitsubishi,Xpander,2020,3,5,4600.00,12700.00,17300.00
830,synthetic_0506.json,True,Mitsubishi,L300,2022,2,2,3250.00,11000.00,14250.00
831,synthetic_0507.json,True,Hyundai,Tucson,1997,3,3,2700.00,1350.00,4050.00
832,synthetic_0508.json,True,Mitsubishi,Strada,2006,2,6,1950.00,6000.00,7950.00
833,synthetic_0509.json,True,Hyundai,Santa Fe,2010,2,5,1250.00,5150.00,6400.00
834,synthetic_0510.json,True,Toyota,Vois,2015,2,5,950.00,4800.00,5750.00
835,synthetic_0511.json,True,Hyundai,Porter,2003,3,4,4950.00,10650.00,15600.00
836,synthetic_0512.json,True,Toyota,Fortuner,2011,2,4,1500.00,6950.00,8450.00
837,synthetic_0513.json,True,Toyota,Vios,2004,3,6,3400.00,7050.00,10450.00
838,synthetic_0514.json,True,Nissan,Almera,2012,3,4,3750.00,10400.00,14150.00
839,synthetic_0515.json,True,Mitsubishi,Montero Sport,2025,3,5,2050.00,5200.00,7250.00
840,synthetic_0516.json,True,Toyota,Wigo,2000,1,8,17300.00,18300.00,35600.00
841,synthetic_0517.json,True,Toyota,Vios,2010,2,2,1150.00,4150.00,5300.00
842,synthetic_0518.json,True,Toyota,Fortuner,2020,1,3,2150.00,6800.00,8950.00
843,synthetic_0519.json,True,Mitsubishi,Strada,2025,3,5,2500.00,8350.00,10850.00
844,synthetic_0520.json,True,Toyota,Avanza,2024,3,5,5350.00,5300.00,10650.00
845,synthetic_0521.json,True,Toyota,Altis,1999,2,5,4150.00,8050.00,12200.00
846,synthetic_0522.json,True,Toyota,Altis,2022,5,5,2350.00,7250.00,9600.00
847,synthetic_0523.json,True,Mitsubishi,Pajero,2024,3,5,3900.00,22100.00,26000.00
848,synthetic_0524.json,True,Toyota,Avanza,2021,2,5,1050.00,4400.00,5450.00
849,synthetic_0525.json,True,Toyota,Vios,2008,2,5,1300.00,7450.00,8750.00
850,synthetic_0526.json,True,Hyundai,Grand Starex,2013,2,5,1300.00,7300.00,8600.00
851,synthetic_0527.json,True,Nissan,Xtrail,1997,3,6,3300.00,6600.00,9900.00
852,synthetic_0528.json,True,Toyota,Avanza,2004,2,4,1050.00,4800.00,5850.00
853,synthetic_0529.json,True,Suzuki,Dzire,2010,1,7,15950.00,15600.00,31550.00
854,synthetic_0530.json,True,Hyundai,Porter,2016,2,5,1250.00,8300.00,9550.00
855,synthetic_0531.json,True,Toyota,Avanza,2006,1,5,4200.00,8100.00,12300.00
856,synthetic_0532.json,True,Suzuki,Ertiga,2001,3,1,5200.00,1100.00,6300.00
857,synthetic_0533.json,True,Toyota,Wigo,1997,1,5,15000.00,12200.00,27200.00
858,synthetic_0534.json,True,Toyota,Rush,2024,1,4,2950.00,6050.00,9000.00
859,synthetic_0535.json,True,Mitsubishi,Montero,2005,1,3,2450.00,10400.00,12850.00
860,synthetic_0536.json,True,Mazda,Cx9,2023,2,7,12300.00,11000.00,23300.00
861,synthetic_0537.json,True,Toyota,Hiace,2021,1,4,2700.00,9750.00,12450.00
862,synthetic_0538.json,True,Toyota,Altis,2007,2,5,1800.00,4750.00,6550.00
863,synthetic_0539.json,True,Toyota,Hi-Ace,1998,4,3,4350.00,7750.00,12100.00
864,synthetic_0540.json,True,Toyota,Vios,2025,2,5,1600.00,6700.00,8300.00
865,synthetic_0541.json,True,Honda,Brio,2020,3,3,4200.00,17600.00,21800.00
866,synthetic_0542.json,True,Mazda,Mazda 3,1997,1,4,2500.00,11650.00,14150.00
867,synthetic_0543.json,True,Mitsubishi,Strada,2006,1,2,3450.00,1650.00,5100.00
868,synthetic_0544.json,True,Honda,Brio,2014,3,5,3550.00,12800.00,16350.00
869,synthetic_0545.json,True,Mitsubishi,Strada,2001,1,4,2500.00,6200.00,8700.00
870,synthetic_0546.json,True,Mazda,Mazda 2,2020,1,4,3900.00,7050.00,10950.00
871,synthetic_0547.json,True,Mitsubishi,Pajero,2022,2,2,1850.00,3800.00,5650.00
872,synthetic_0548.json,True,Kia,Sorento,2009,3,3,3050.00,4450.00,7500.00
873,synthetic_0549.json,True,Toyota,Innova,2003,2,5,2200.00,6650.00,8850.00
874,synthetic_0550.json,True,Toyota,Hi-Ace,2025,2,4,1500.00,5600.00,7100.00
875,synthetic_0551.json,True,Mitsubishi,Xpander,2020,1,2,1600.00,5700.00,7300.00
876,synthetic_0552.json,True,Honda,BR-V,2014,3,3,4650.00,4250.00,8900.00
877,synthetic_0553.json,True,Toyota,Innova,2025,5,4,2450.00,6000.00,8450.00
878,synthetic_0554.json,True,Mitsubishi,Montero Sport,2001,2,4,2050.00,5050.00,7100.00
879,synthetic_0555.json,True,Honda,Fc,2003,2,4,3900.00,5950.00,9850.00
880,synthetic_0556.json,True,Toyota,Corolla,2012,3,5,2500.00,8700.00,11200.00
881,synthetic_0557.json,True,Mitsubishi,Xpander,2002,1,6,14400.00,16800.00,31200.00
882,synthetic_0558.json,True,Toyota,Hiace,2006,4,4,2200.00,2850.00,5050.00
883,synthetic_0559.json,True,Suzuki,Jimny,2004,3,3,2250.00,3150.00,5400.00
884,synthetic_0560.json,True,Mitsubishi,Mirage,2004,4,4,6450.00,13600.00,20050.00
885,synthetic_0561.json,True,Toyota,Avanza,2003,2,4,1700.00,6200.00,7900.00
886,synthetic_0562.json,True,Hyundai,Porter,1998,2,5,1150.00,5350.00,6500.00
887,synthetic_0563.json,True,Mitsubishi,Mirage,2021,2,4,3050.00,6200.00,9250.00
888,synthetic_0564.json,True,Isuzu,mu-X,2001,1,4,3050.00,5750.00,8800.00
889,synthetic_0565.json,True,Toyota,Altis,2012,2,3,1100.00,5000.00,6100.00
890,synthetic_0566.json,True,Hyundai,H100,1998,5,5,2650.00,4200.00,6850.00
891,synthetic_0567.json,True,Toyota,Rush,2013,4,4,2250.00,3450.00,5700.00
892,synthetic_0568.json,True,Toyota,Fortuner,1998,3,4,4900.00,4850.00,9750.00
893,synthetic_0569.json,True,Honda,Crv,2016,2,5,2000.00,9550.00,11550.00
894,synthetic_0570.json,True,Mitsubishi,Montero Sport,2000,3,5,3250.00,6350.00,9600.00
895,synthetic_0571.json,True,Mitsubishi,Pajero,2000,3,4,5550.00,5100.00,10650.00
896,synthetic_0572.json,True,Mazda,Cx7,1997,3,3,2700.00,4600.00,7300.00
897,synthetic_0573.json,True,Mitsubishi,Xpander,2011,2,2,1950.00,1300.00,3250.00
898,synthetic_0574.json,True,Isuzu,Elf,2013,2,4,1500.00,6550.00,8050.00
899,synthetic_0575.json,True,Honda,CR-V,2014,3,5,3750.00,5350.00,9100.00
900,synthetic_0576.json,True,Nissan,Terra,2002,5,5,2500.00,4550.00,7050.00
901,synthetic_0577.json,True,Honda,Jazz,2014,2,3,1350.00,3900.00,5250.00
902,synthetic_0578.json,True,Hyundai,Porter,2023,2,5,1850.00,6550.00,8400.00
903,synthetic_0579.json,True,Toyota,Hi-Ace,2010,3,4,3000.00,5550.00,8550.00
904,synthetic_0580.json,True,Toyota,Avanza,2014,2,4,2000.00,2850.00,4850.00
905,synthetic_0581.json,True,Toyota,Hiace,2025,4,5,5050.00,22100.00,27150.00
906,synthetic_0582.json,True,Isuzu,Traviz,2016,2,4,1550.00,12850.00,14400.00
907,synthetic_0583.json,True,Toyota,Hiace,2022,2,5,1250.00,8050.00,9300.00
908,synthetic_0584.json,True,Toyota,Vios,2002,2,5,1250.00,5850.00,7100.00
909,synthetic_0585.json,True,Mazda,Mazda 2,2022,5,4,2500.00,7150.00,9650.00
910,synthetic_0586.json,True,Toyota,Hilux,2019,3,5,4400.00,16800.00,21200.00
911,synthetic_0587.json,True,Nissan,Terra,2021,2,4,1300.00,4350.00,5650.00
912,synthetic_0588.json,True,Toyota,Rush,2004,2,5,1850.00,7950.00,9800.00
913,synthetic_0589.json,True,Mitsubishi,Adventure,2019,2,4,1200.00,3850.00,5050.00
914,synthetic_0590.json,True,Toyota,Corolla,2012,2,5,3800.00,7400.00,11200.00
915,synthetic_0591.json,True,Toyota,Altis,2025,1,5,3800.00,7300.00,11100.00
916,synthetic_0592.json,True,Honda,Crv,2008,3,4,5000.00,2800.00,7800.00
917,synthetic_0593.json,True,Hyundai,Porter,1997,2,3,2350.00,4350.00,6700.00
918,synthetic_0594.json,True,Toyota,Corolla Altis,2014,3,5,2850.00,12100.00,14950.00
919,synthetic_0595.json,True,Mitsubishi,Adventure,1997,2,5,1500.00,8100.00,9600.00
920,synthetic_0596.json,True,Honda,City,2007,1,5,3100.00,7300.00,10400.00
921,synthetic_0597.json,True,Toyota,Innova,2022,3,5,4400.00,13200.00,17600.00
922,synthetic_0598.json,True,Suzuki,Dzire,2002,4,2,2500.00,1200.00,3700.00
923,synthetic_0599.json,True,Mazda,Cx9,2009,2,6,3000.00,8800.00,11800.00
924,synthetic_0600.json,True,Toyota,Hiace,2015,3,5,3050.00,13550.00,16600.00
925,synthetic_0601.json,True,Hyundai,Porter,2012,3,4,2400.00,6200.00,8600.00
926,synthetic_0602.json,True,Mitsubishi,Mirage G4,2024,2,3,1050.00,6150.00,7200.00
927,synthetic_0603.json,True,Toyota,Corolla Altis,2005,4,4,5200.00,13200.00,18400.00
928,synthetic_0604.json,True,Toyota,Corolla,2022,2,4,1100.00,3200.00,4300.00
929,synthetic_0605.json,True,Kia,K2700,2002,1,4,2850.00,11100.00,13950.00
930,synthetic_0606.json,True,Mitsubishi,Adventure,2019,3,3,4300.00,6200.00,10500.00
931,synthetic_0607.json,True,Hyundai,H100,1999,3,2,2550.00,1000.00,3550.00
932,synthetic_0608.json,True,Toyota,Hi-Ace,2010,2,4,2150.00,4350.00,6500.00
933,synthetic_0609.json,True,Toyota,Rush,2024,2,4,2900.00,8850.00,11750.00
934,synthetic_0610.json,True,Hyundai,Accent,2015,2,4,1250.00,4600.00,5850.00
935,synthetic_0611.json,True,Honda,Brio,2011,2,5,1400.00,5350.00,6750.00
936,synthetic_0612.json,True,Toyota,Altis,2004,3,4,3700.00,22000.00,25700.00
937,synthetic_0613.json,True,Mitsubishi,Adventure,2015,3,3,3700.00,8800.00,12500.00
938,synthetic_0614.json,True,Kia,Picanto,2024,3,4,2050.00,7700.00,9750.00
939,synthetic_0615.json,True,Kia,Picanto,2015,2,5,4850.00,10450.00,15300.00
940,synthetic_0616.json,True,Toyota,Fortuner,1997,3,5,3700.00,14950.00,18650.00
941,synthetic_0617.json,True,Toyota,Wigo,2014,2,2,3000.00,1000.00,4000.00
942,synthetic_0618.json,True,Toyota,Hiace,2001,2,5,1200.00,6950.00,8150.00
943,synthetic_0619.json,True,Kia,Picanto,2003,1,3,3300.00,1750.00,5050.00
944,synthetic_0620.json,True,Toyota,Wigo,1999,3,4,3500.00,16100.00,19600.00
945,synthetic_0621.json,True,Nissan,Terra,2019,2,4,5050.00,4700.00,9750.00
946,synthetic_0622.json,True,Toyota,Fortuner,2025,5,5,2300.00,9550.00,11850.00
947,synthetic_0623.json,True,Toyota,Vios,2023,2,5,1450.00,4250.00,5700.00
948,synthetic_0624.json,True,Honda,Fc,2001,3,4,3000.00,6400.00,9400.00
949,synthetic_0625.json,True,Honda,Fc,2004,2,5,2000.00,5550.00,7550.00
950,synthetic_0626.json,True,Toyota,Avanza,2002,2,5,1900.00,7950.00,9850.00
951,synthetic_0627.json,True,Toyota,Wigo,2017,1,3,2400.00,2650.00,5050.00
952,synthetic_0628.json,True,Toyota,Altis,2004,3,4,2950.00,7900.00,10850.00
953,synthetic_0629.json,True,Kia,Carnival,2014,4,4,6350.00,11100.00,17450.00
954,synthetic_0630.json,True,Mitsubishi,Xpander,2001,3,4,4050.00,17550.00,21600.00
955,synthetic_0631.json,True,Toyota,Corolla Altis,2018,2,5,2200.00,6100.00,8300.00
956,synthetic_0632.json,True,Honda,Civic,2008,2,4,1050.00,3550.00,4600.00
957,synthetic_0633.json,True,Toyota,Hi-Ace,2024,4,3,4200.00,9400.00,13600.00
958,synthetic_0634.json,True,Toyota,Rush,1997,3,5,2650.00,6400.00,9050.00
959,synthetic_0635.json,True,Isuzu,Elf,1997,4,3,6000.00,8350.00,14350.00
960,synthetic_0636.json,True,Toyota,Fortuner,2012,2,5,1150.00,4750.00,5900.00
961,synthetic_0637.json,True,Honda,Jazz,2013,3,5,3650.00,13200.00,16850.00
962,synthetic_0638.json,True,Toyota,Innova,2013,3,2,3700.00,5300.00,9000.00
963,synthetic_0639.json,True,Toyota,Altis,2000,1,3,2550.00,3500.00,6050.00
964,synthetic_0640.json,True,Honda,CR-V,1999,2,3,1350.00,4550.00,5900.00
965,synthetic_0641.json,True,Mitsubishi,Mirage G4,2022,2,4,1050.00,3700.00,4750.00
966,synthetic_0642.json,True,Toyota,Avanza,2010,4,4,1900.00,4550.00,6450.00
967,synthetic_0643.json,True,Nissan,Navara,2011,2,5,1250.00,8250.00,9500.00
968,synthetic_0644.json,True,Toyota,Innova,2004,4,4,1850.00,4500.00,6350.00
969,synthetic_0645.json,True,Hyundai,Grand Starex,2002,3,5,2050.00,3350.00,5400.00
970,synthetic_0646.json,True,Toyota,Rush,2023,1,4,4850.00,11100.00,15950.00
971,synthetic_0647.json,True,Toyota,Hilux,2020,3,3,3800.00,7800.00,11600.00
972,synthetic_0648.json,True,Honda,Jazz,2019,2,2,1050.00,1800.00,2850.00
973,synthetic_0649.json,True,Toyota,Corolla Altis,2002,5,5,2300.00,4200.00,6500.00
974,synthetic_0650.json,True,Toyota,Vois,2009,3,4,3350.00,9150.00,12500.00
975,synthetic_0651.json,True,Nissan,Almera,2014,2,2,1150.00,950.00,2100.00
976,synthetic_0652.json,True,Toyota,Fortuner,2011,3,4,3750.00,19000.00,22750.00
977,synthetic_0653.json,True,Honda,Civic,2002,2,3,3650.00,10300.00,13950.00
978,synthetic_0654.json,True,Mitsubishi,Mirage G4,2006,1,6,19300.00,10200.00,29500.00
979,synthetic_0655.json,True,Toyota,Wigo,1999,5,3,2600.00,1850.00,4450.00
980,synthetic_0656.json,True,Toyota,Hiace,2010,2,4,1950.00,7050.00,9000.00
981,synthetic_0657.json,True,Toyota,Wigo,2002,2,5,2550.00,6500.00,9050.00
982,synthetic_0658.json,True,Toyota,Vios,2004,3,4,3500.00,3050.00,6550.00
983,synthetic_0659.json,True,Toyota,Rush,2017,3,4,3800.00,14200.00,18000.00
984,synthetic_0660.json,True,Honda,Fc,2019,3,5,2900.00,6100.00,9000.00
985,synthetic_0661.json,True,Mitsubishi,Pajero,1999,3,5,3100.00,15700.00,18800.00
986,synthetic_0662.json,True,Toyota,Hi-Ace,2002,3,4,3600.00,22300.00,25900.00
987,synthetic_0663.json,True,Nissan,Xtrail,2007,2,4,1600.00,4750.00,6350.00
988,synthetic_0664.json,True,Toyota,Corolla,2009,2,5,1250.00,4250.00,5500.00
989,synthetic_0665.json,True,Mitsubishi,L300,2009,2,4,2100.00,7100.00,9200.00
990,synthetic_0666.json,True,Mitsubishi,Pajero,2011,2,4,3200.00,6750.00,9950.00
991,synthetic_0667.json,True,Honda,Crv Gen 02,1997,4,4,6300.00,11200.00,17500.00
992,synthetic_0668.json,True,Toyota,Hilux,2007,2,5,1450.00,7000.00,8450.00
993,synthetic_0669.json,True,Toyota,Rush,2015,3,2,4350.00,3700.00,8050.00
994,synthetic_0670.json,True,Mitsubishi,Mirage,2022,3,6,2850.00,7700.00,10550.00
995,synthetic_0671.json,True,Toyota,Rush,2009,2,4,4050.00,4850.00,8900.00
996,synthetic_0672.json,True,Toyota,Vios,2014,1,4,3450.00,13250.00,16700.00
997,synthetic_0673.json,True,Hyundai,Porter,2013,3,5,3000.00,20900.00,23900.00
998,synthetic_0674.json,True,Ford,Escape,1999,3,5,2300.00,5750.00,8050.00
999,synthetic_0675.json,True,Honda,City,1999,3,4,3850.00,11900.00,15750.00
1000,synthetic_0676.json,True,Hyundai,Accent,2015,2,4,1400.00,2850.00,4250.00
